#
# TABLE STRUCTURE FOR: s_booking
#

INSERT INTO `s_booking` (`ID`, `NAME`, `DATE_ADD`, `IS_ACTIVE`) VALUES (1, 'Gleichner, Emard and Kuhic', '1995-02-13', 'Y');
INSERT INTO `s_booking` (`ID`, `NAME`, `DATE_ADD`, `IS_ACTIVE`) VALUES (2, 'D\'Amore, Satterfield and Hermiston', '2004-10-25', 'N');
INSERT INTO `s_booking` (`ID`, `NAME`, `DATE_ADD`, `IS_ACTIVE`) VALUES (3, 'Quigley, Bailey and Leuschke', '1986-08-02', 'Y');
INSERT INTO `s_booking` (`ID`, `NAME`, `DATE_ADD`, `IS_ACTIVE`) VALUES (4, 'Kessler LLC', '2013-11-25', 'Y');
INSERT INTO `s_booking` (`ID`, `NAME`, `DATE_ADD`, `IS_ACTIVE`) VALUES (5, 'Hills-Larson', '2006-01-18', 'N');
INSERT INTO `s_booking` (`ID`, `NAME`, `DATE_ADD`, `IS_ACTIVE`) VALUES (6, 'Hammes-Quigley', '1975-06-11', 'N');
INSERT INTO `s_booking` (`ID`, `NAME`, `DATE_ADD`, `IS_ACTIVE`) VALUES (7, 'Hayes-Conn', '1975-08-16', 'Y');
INSERT INTO `s_booking` (`ID`, `NAME`, `DATE_ADD`, `IS_ACTIVE`) VALUES (8, 'Nitzsche PLC', '2004-06-27', 'N');
INSERT INTO `s_booking` (`ID`, `NAME`, `DATE_ADD`, `IS_ACTIVE`) VALUES (9, 'Schneider-Gislason', '2016-01-01', 'Y');
INSERT INTO `s_booking` (`ID`, `NAME`, `DATE_ADD`, `IS_ACTIVE`) VALUES (10, 'Flatley, Purdy and Dietrich', '2012-07-25', 'N');
INSERT INTO `s_booking` (`ID`, `NAME`, `DATE_ADD`, `IS_ACTIVE`) VALUES (11, 'Rempel, Zieme and Witting', '1976-03-21', 'N');
INSERT INTO `s_booking` (`ID`, `NAME`, `DATE_ADD`, `IS_ACTIVE`) VALUES (12, 'Hickle-Bruen', '2000-04-26', 'Y');
INSERT INTO `s_booking` (`ID`, `NAME`, `DATE_ADD`, `IS_ACTIVE`) VALUES (13, 'Williamson Group', '1970-05-25', 'N');
INSERT INTO `s_booking` (`ID`, `NAME`, `DATE_ADD`, `IS_ACTIVE`) VALUES (14, 'Kutch, Carroll and Keeling', '1974-08-17', 'N');
INSERT INTO `s_booking` (`ID`, `NAME`, `DATE_ADD`, `IS_ACTIVE`) VALUES (15, 'McLaughlin Inc', '1994-07-03', 'N');
INSERT INTO `s_booking` (`ID`, `NAME`, `DATE_ADD`, `IS_ACTIVE`) VALUES (16, 'Aufderhar Group', '1998-01-02', 'Y');
INSERT INTO `s_booking` (`ID`, `NAME`, `DATE_ADD`, `IS_ACTIVE`) VALUES (17, 'Prosacco Inc', '1973-03-01', 'N');
INSERT INTO `s_booking` (`ID`, `NAME`, `DATE_ADD`, `IS_ACTIVE`) VALUES (18, 'Hermann and Sons', '1988-02-07', 'Y');
INSERT INTO `s_booking` (`ID`, `NAME`, `DATE_ADD`, `IS_ACTIVE`) VALUES (19, 'Ullrich-Stehr', '2004-06-12', 'Y');
INSERT INTO `s_booking` (`ID`, `NAME`, `DATE_ADD`, `IS_ACTIVE`) VALUES (20, 'Schamberger, Schaden and Bednar', '1999-10-07', 'N');

#
# TABLE STRUCTURE FOR: s_region
#

INSERT INTO `s_region` (`ID`, `NAME`, `REGION_CODE`) VALUES (1, 'NorthCarolina', 0);
INSERT INTO `s_region` (`ID`, `NAME`, `REGION_CODE`) VALUES (2, 'Florida', 0);
INSERT INTO `s_region` (`ID`, `NAME`, `REGION_CODE`) VALUES (3, 'Arizona', 0);
INSERT INTO `s_region` (`ID`, `NAME`, `REGION_CODE`) VALUES (4, 'Tennessee', 0);
INSERT INTO `s_region` (`ID`, `NAME`, `REGION_CODE`) VALUES (5, 'Colorado', 0);
INSERT INTO `s_region` (`ID`, `NAME`, `REGION_CODE`) VALUES (6, 'California', 0);
INSERT INTO `s_region` (`ID`, `NAME`, `REGION_CODE`) VALUES (7, 'Utah', 0);
INSERT INTO `s_region` (`ID`, `NAME`, `REGION_CODE`) VALUES (8, 'Missouri', 0);
INSERT INTO `s_region` (`ID`, `NAME`, `REGION_CODE`) VALUES (9, 'Wyoming', 0);
INSERT INTO `s_region` (`ID`, `NAME`, `REGION_CODE`) VALUES (10, 'Alabama', 0);
INSERT INTO `s_region` (`ID`, `NAME`, `REGION_CODE`) VALUES (11, 'Mississippi', 0);
INSERT INTO `s_region` (`ID`, `NAME`, `REGION_CODE`) VALUES (12, 'Nevada', 0);
INSERT INTO `s_region` (`ID`, `NAME`, `REGION_CODE`) VALUES (13, 'Arkansas', 0);
INSERT INTO `s_region` (`ID`, `NAME`, `REGION_CODE`) VALUES (14, 'Massachusetts', 0);
INSERT INTO `s_region` (`ID`, `NAME`, `REGION_CODE`) VALUES (15, 'Virginia', 0);
INSERT INTO `s_region` (`ID`, `NAME`, `REGION_CODE`) VALUES (16, 'Illinois', 0);
INSERT INTO `s_region` (`ID`, `NAME`, `REGION_CODE`) VALUES (17, 'SouthCarolina', 0);
INSERT INTO `s_region` (`ID`, `NAME`, `REGION_CODE`) VALUES (18, 'Ohio', 0);
INSERT INTO `s_region` (`ID`, `NAME`, `REGION_CODE`) VALUES (19, 'Alaska', 0);
INSERT INTO `s_region` (`ID`, `NAME`, `REGION_CODE`) VALUES (20, 'Iowa', 0);
INSERT INTO `s_region` (`ID`, `NAME`, `REGION_CODE`) VALUES (21, 'Connecticut', 0);
INSERT INTO `s_region` (`ID`, `NAME`, `REGION_CODE`) VALUES (22, 'Pennsylvania', 0);
INSERT INTO `s_region` (`ID`, `NAME`, `REGION_CODE`) VALUES (23, 'WestVirginia', 0);
INSERT INTO `s_region` (`ID`, `NAME`, `REGION_CODE`) VALUES (24, 'NewMexico', 0);
INSERT INTO `s_region` (`ID`, `NAME`, `REGION_CODE`) VALUES (25, 'Nebraska', 0);
INSERT INTO `s_region` (`ID`, `NAME`, `REGION_CODE`) VALUES (26, 'SouthDakota', 0);
INSERT INTO `s_region` (`ID`, `NAME`, `REGION_CODE`) VALUES (27, 'Michigan', 0);
INSERT INTO `s_region` (`ID`, `NAME`, `REGION_CODE`) VALUES (28, 'Maine', 0);
INSERT INTO `s_region` (`ID`, `NAME`, `REGION_CODE`) VALUES (29, 'Washington', 0);
INSERT INTO `s_region` (`ID`, `NAME`, `REGION_CODE`) VALUES (30, 'Georgia', 0);
INSERT INTO `s_region` (`ID`, `NAME`, `REGION_CODE`) VALUES (31, 'Delaware', 0);
INSERT INTO `s_region` (`ID`, `NAME`, `REGION_CODE`) VALUES (32, 'Texas', 0);
INSERT INTO `s_region` (`ID`, `NAME`, `REGION_CODE`) VALUES (33, 'Indiana', 0);
INSERT INTO `s_region` (`ID`, `NAME`, `REGION_CODE`) VALUES (34, 'Oregon', 0);
INSERT INTO `s_region` (`ID`, `NAME`, `REGION_CODE`) VALUES (35, 'NewJersey', 0);
INSERT INTO `s_region` (`ID`, `NAME`, `REGION_CODE`) VALUES (36, 'Maryland', 0);
INSERT INTO `s_region` (`ID`, `NAME`, `REGION_CODE`) VALUES (37, 'Louisiana', 0);
INSERT INTO `s_region` (`ID`, `NAME`, `REGION_CODE`) VALUES (38, 'Kentucky', 0);
INSERT INTO `s_region` (`ID`, `NAME`, `REGION_CODE`) VALUES (39, 'Kansas', 0);
INSERT INTO `s_region` (`ID`, `NAME`, `REGION_CODE`) VALUES (40, 'NewYork', 0);
INSERT INTO `s_region` (`ID`, `NAME`, `REGION_CODE`) VALUES (41, 'Montana', 0);
INSERT INTO `s_region` (`ID`, `NAME`, `REGION_CODE`) VALUES (42, 'NewHampshire', 0);
INSERT INTO `s_region` (`ID`, `NAME`, `REGION_CODE`) VALUES (43, 'Minnesota', 0);
INSERT INTO `s_region` (`ID`, `NAME`, `REGION_CODE`) VALUES (44, 'Vermont', 0);
INSERT INTO `s_region` (`ID`, `NAME`, `REGION_CODE`) VALUES (45, 'Oklahoma', 0);
INSERT INTO `s_region` (`ID`, `NAME`, `REGION_CODE`) VALUES (46, 'Idaho', 0);
INSERT INTO `s_region` (`ID`, `NAME`, `REGION_CODE`) VALUES (47, 'RhodeIsland', 0);
INSERT INTO `s_region` (`ID`, `NAME`, `REGION_CODE`) VALUES (48, 'District of Columbia', 0);
INSERT INTO `s_region` (`ID`, `NAME`, `REGION_CODE`) VALUES (49, 'Wisconsin', 0);
INSERT INTO `s_region` (`ID`, `NAME`, `REGION_CODE`) VALUES (50, 'NorthDakota', 0);



#
# TABLE STRUCTURE FOR: s_city
#


INSERT INTO `s_city` (`ID`, `NAME`, `DESCRIPTION`, `POPULATION`, `REGION_ID`) VALUES (1, 'South Lennieburgh', 'Ut eius soluta doloremque perspiciatis voluptas ut. Sed vitae sint ipsam qui non. Consequatur omnis mollitia omnis et. Assumenda et asperiores voluptas dolore harum deserunt eos.', 1919448, 1);
INSERT INTO `s_city` (`ID`, `NAME`, `DESCRIPTION`, `POPULATION`, `REGION_ID`) VALUES (2, 'New Idellview', 'Sit dignissimos quos consectetur modi iusto velit placeat. Libero libero possimus aut. Tempora hic quasi aut quo. Minus voluptatem ut quisquam quis illo fuga dicta. Vel rerum ratione iure perferendis.', 4022935, 2);
INSERT INTO `s_city` (`ID`, `NAME`, `DESCRIPTION`, `POPULATION`, `REGION_ID`) VALUES (3, 'East Zack', 'Sapiente natus atque molestiae quae. Molestiae animi esse vel vel. Qui suscipit iusto quia voluptatem aliquid. Porro excepturi molestiae tempora accusantium soluta.', 4936360, 3);
INSERT INTO `s_city` (`ID`, `NAME`, `DESCRIPTION`, `POPULATION`, `REGION_ID`) VALUES (4, 'Sanfordstad', 'Aliquam a ab sit facere optio quas. Maxime unde est a. Ut nihil sed sed.', 4195568, 4);
INSERT INTO `s_city` (`ID`, `NAME`, `DESCRIPTION`, `POPULATION`, `REGION_ID`) VALUES (5, 'Port Donna', 'Sit iure qui voluptatibus aut. Tempora eveniet quo quo maxime. Cum illo sunt perferendis et quia consequatur eveniet.', 1345313, 5);
INSERT INTO `s_city` (`ID`, `NAME`, `DESCRIPTION`, `POPULATION`, `REGION_ID`) VALUES (6, 'South Tristian', 'Asperiores nulla iusto sunt rerum dolore. Reiciendis iste nobis est et. Soluta eligendi qui sapiente rem labore vel fuga. Et ipsam nihil voluptate quae qui sunt doloremque.', 3031139, 6);
INSERT INTO `s_city` (`ID`, `NAME`, `DESCRIPTION`, `POPULATION`, `REGION_ID`) VALUES (7, 'Brendanstad', 'Saepe magnam voluptas ut id architecto. Aperiam et qui voluptatibus laborum inventore. Quos cumque fugiat odit.', 59678, 7);
INSERT INTO `s_city` (`ID`, `NAME`, `DESCRIPTION`, `POPULATION`, `REGION_ID`) VALUES (8, 'Port Jaquelinview', 'Fugiat illum ut aut. Quia exercitationem ut consequuntur aut officia molestias quia. Voluptas et ratione placeat delectus molestiae.', 3406268, 8);
INSERT INTO `s_city` (`ID`, `NAME`, `DESCRIPTION`, `POPULATION`, `REGION_ID`) VALUES (9, 'Port Berthaton', 'Molestiae consequatur aliquam quae magnam velit aliquam et exercitationem. Beatae voluptate voluptas sunt consequuntur sunt. Blanditiis consequatur veritatis doloribus assumenda modi at unde. Quam asperiores omnis id.', 1048848, 9);
INSERT INTO `s_city` (`ID`, `NAME`, `DESCRIPTION`, `POPULATION`, `REGION_ID`) VALUES (10, 'Yasminefurt', 'Excepturi commodi excepturi esse eaque eum corporis sit. Ut qui possimus dignissimos. Sequi consectetur quia iusto. Sequi voluptatem est voluptatem nulla reprehenderit beatae quaerat.', 3454528, 10);
INSERT INTO `s_city` (`ID`, `NAME`, `DESCRIPTION`, `POPULATION`, `REGION_ID`) VALUES (11, 'Port Madisyn', 'Ipsa nostrum similique rem eos voluptatem consequatur sit. Quas repellat eos esse velit vitae rerum. Voluptatem non maiores sint delectus.', 3827539, 11);
INSERT INTO `s_city` (`ID`, `NAME`, `DESCRIPTION`, `POPULATION`, `REGION_ID`) VALUES (12, 'Prudenceview', 'Voluptatem et recusandae eligendi rerum ipsam vel consequatur alias. Magnam maxime tempora ipsum nisi magnam voluptatum nihil. Tenetur incidunt odio eveniet ipsa deserunt provident consectetur. Nihil quibusdam cupiditate repudiandae hic aut. Aut necessitatibus molestiae sit accusantium et placeat at.', 1402081, 12);
INSERT INTO `s_city` (`ID`, `NAME`, `DESCRIPTION`, `POPULATION`, `REGION_ID`) VALUES (13, 'New Margarettburgh', 'Cupiditate voluptate sapiente possimus sint. Aliquid vel commodi et consequatur. Et quos optio quod.', 1452451, 13);
INSERT INTO `s_city` (`ID`, `NAME`, `DESCRIPTION`, `POPULATION`, `REGION_ID`) VALUES (14, 'Port Freddie', 'Quia non et quia. Perferendis aliquam culpa laborum repudiandae in non architecto fuga. Nam optio qui alias velit voluptatum ut. Aut ipsa voluptatum accusamus illo nisi earum alias. Iste non sunt saepe aut vel.', 1250169, 14);
INSERT INTO `s_city` (`ID`, `NAME`, `DESCRIPTION`, `POPULATION`, `REGION_ID`) VALUES (15, 'Johnsonville', 'Officia et cumque ut. Ut praesentium tenetur dolor ut qui dicta esse voluptas. Velit sed ut quas temporibus incidunt ullam. Tempore sapiente ut ducimus quo sunt nemo.', 252919, 15);
INSERT INTO `s_city` (`ID`, `NAME`, `DESCRIPTION`, `POPULATION`, `REGION_ID`) VALUES (16, 'New Petra', 'Dolores ipsum fuga nobis voluptas rerum. Non et ipsa itaque tempora dolorum. Consequatur voluptatem iusto autem accusamus. Sit aut aut ut exercitationem quidem assumenda.', 943994, 16);
INSERT INTO `s_city` (`ID`, `NAME`, `DESCRIPTION`, `POPULATION`, `REGION_ID`) VALUES (17, 'New Lela', 'Nihil ut quia quos eius aliquam cupiditate rem. Id esse est sint aspernatur. Non inventore eius voluptatem velit laborum mollitia.', 677393, 17);
INSERT INTO `s_city` (`ID`, `NAME`, `DESCRIPTION`, `POPULATION`, `REGION_ID`) VALUES (18, 'Sandraburgh', 'Quod cupiditate id alias optio. Odio et eius voluptatem eveniet tempore. Totam sed quidem ea sit. Accusantium dolore fuga natus expedita.', 2323803, 18);
INSERT INTO `s_city` (`ID`, `NAME`, `DESCRIPTION`, `POPULATION`, `REGION_ID`) VALUES (19, 'Ebertshire', 'Dolores reiciendis ullam consequatur aut excepturi. Itaque exercitationem repellendus voluptas amet impedit distinctio nisi. Sunt quis laboriosam quo. Quis vel illo nihil voluptatem aut ut.', 738163, 19);
INSERT INTO `s_city` (`ID`, `NAME`, `DESCRIPTION`, `POPULATION`, `REGION_ID`) VALUES (20, 'East Berniece', 'Assumenda consectetur accusantium provident. Id ducimus voluptas rerum maxime. Error neque nam sunt reprehenderit.', 1669118, 20);
INSERT INTO `s_city` (`ID`, `NAME`, `DESCRIPTION`, `POPULATION`, `REGION_ID`) VALUES (21, 'West Madyson', 'Sed sapiente aut et est. Libero quia maxime quia consequuntur sit aut inventore. At quia ad qui impedit iusto at aperiam. Temporibus sed quo consectetur nemo et. Aut odit ut consectetur reiciendis dolore quisquam quam.', 1092898, 21);
INSERT INTO `s_city` (`ID`, `NAME`, `DESCRIPTION`, `POPULATION`, `REGION_ID`) VALUES (22, 'Davionbury', 'In officia vitae dolores sint. Dolorem temporibus sint et hic. Officiis sunt aut voluptas.', 1966748, 22);
INSERT INTO `s_city` (`ID`, `NAME`, `DESCRIPTION`, `POPULATION`, `REGION_ID`) VALUES (23, 'North Shanny', 'Fuga odit natus est voluptas ad. Autem non error ipsa provident.', 2680995, 23);
INSERT INTO `s_city` (`ID`, `NAME`, `DESCRIPTION`, `POPULATION`, `REGION_ID`) VALUES (24, 'West Kassandra', 'Eos ipsum dolor reiciendis exercitationem fuga et non. Non non asperiores maiores et iusto eius. In qui est eaque quis maiores repellat aut. Sapiente magni sunt quis itaque consequatur voluptas earum veritatis. Ad quasi et tempora quis temporibus.', 3335079, 24);
INSERT INTO `s_city` (`ID`, `NAME`, `DESCRIPTION`, `POPULATION`, `REGION_ID`) VALUES (25, 'Jerdeport', 'Consequatur id reprehenderit quis ut deserunt consequatur inventore. Nihil modi doloremque consequatur maiores. Sequi omnis quo quasi velit quidem. Eos et veritatis iste doloribus illum qui.', 4902367, 25);
INSERT INTO `s_city` (`ID`, `NAME`, `DESCRIPTION`, `POPULATION`, `REGION_ID`) VALUES (26, 'Port Aniyah', 'Eum dicta libero nobis. Sunt maxime alias porro similique modi. Ratione est et quisquam id ullam.', 1245699, 26);
INSERT INTO `s_city` (`ID`, `NAME`, `DESCRIPTION`, `POPULATION`, `REGION_ID`) VALUES (27, 'West Alva', 'Quis ad animi voluptas modi. Aspernatur magnam enim aut enim eius. Qui quis alias est praesentium non omnis culpa. Accusantium quia dolores ex.', 2468277, 27);
INSERT INTO `s_city` (`ID`, `NAME`, `DESCRIPTION`, `POPULATION`, `REGION_ID`) VALUES (28, 'East Bellstad', 'Vel dolorem illum saepe debitis. Voluptatem impedit ad quae quidem voluptatem placeat sit. Ratione nulla et quae voluptatem iure. Pariatur expedita quas doloremque est.', 3909395, 28);
INSERT INTO `s_city` (`ID`, `NAME`, `DESCRIPTION`, `POPULATION`, `REGION_ID`) VALUES (29, 'New Vita', 'Sit debitis itaque ad amet aut quidem distinctio. Qui omnis reprehenderit porro facilis voluptatem ipsum tenetur. Consequatur voluptas et rerum rem aliquid.', 1493116, 29);
INSERT INTO `s_city` (`ID`, `NAME`, `DESCRIPTION`, `POPULATION`, `REGION_ID`) VALUES (30, 'East Clementinaville', 'Qui modi sed pariatur repellendus est dolores. Rerum officia sint minus in unde veniam.', 72458, 30);
INSERT INTO `s_city` (`ID`, `NAME`, `DESCRIPTION`, `POPULATION`, `REGION_ID`) VALUES (31, 'New Edna', 'Laborum ut dolorem architecto. Id sed commodi et earum ut quis dignissimos possimus. Perferendis modi suscipit voluptate id. Nam et consequuntur perspiciatis recusandae beatae.', 4443087, 31);
INSERT INTO `s_city` (`ID`, `NAME`, `DESCRIPTION`, `POPULATION`, `REGION_ID`) VALUES (32, 'Lake Judgeborough', 'Facere dolorum aut inventore fugit et. Est et non ex facere placeat repellat reiciendis. Ipsa aspernatur pariatur voluptatem voluptate accusamus exercitationem molestias. Unde quis cum ut rerum suscipit cum iusto.', 4115326, 32);
INSERT INTO `s_city` (`ID`, `NAME`, `DESCRIPTION`, `POPULATION`, `REGION_ID`) VALUES (33, 'West Bart', 'Quos facere omnis illo libero consequatur culpa autem. Aut natus ad quasi quia unde quo. Et rerum rerum distinctio odit quis perferendis iure. Vel aut consectetur voluptatum nihil quis autem.', 1549824, 33);
INSERT INTO `s_city` (`ID`, `NAME`, `DESCRIPTION`, `POPULATION`, `REGION_ID`) VALUES (34, 'Lauryborough', 'Aut vitae quia minus ut aut cupiditate qui. Illum deserunt facilis commodi similique omnis rerum est. Voluptatem odio est repellendus dolores eum debitis accusantium. Qui dolorum illum eum laboriosam.', 1411714, 34);
INSERT INTO `s_city` (`ID`, `NAME`, `DESCRIPTION`, `POPULATION`, `REGION_ID`) VALUES (35, 'South Leliaville', 'Voluptatum ut eos harum voluptatibus amet omnis rem. Dicta dolorem corrupti repellendus animi est provident. Et voluptatem ea molestias temporibus libero quidem aperiam.', 277206, 35);
INSERT INTO `s_city` (`ID`, `NAME`, `DESCRIPTION`, `POPULATION`, `REGION_ID`) VALUES (36, 'West Lesly', 'Facilis iusto perferendis sunt aut similique eligendi. In voluptatem laudantium commodi. Animi est maxime aliquid quia. Temporibus qui cum quisquam fuga maxime illum assumenda. Est maiores dolorem eum dolor.', 2054738, 36);
INSERT INTO `s_city` (`ID`, `NAME`, `DESCRIPTION`, `POPULATION`, `REGION_ID`) VALUES (37, 'Lake Lacey', 'Sequi laborum corporis sit tenetur illo eaque aut. Ratione vero quas consequatur minus labore quisquam aperiam corporis. Non aut sed praesentium libero vel provident. Rerum doloremque labore doloribus minus.', 3699419, 37);
INSERT INTO `s_city` (`ID`, `NAME`, `DESCRIPTION`, `POPULATION`, `REGION_ID`) VALUES (38, 'Enolamouth', 'Sit amet magnam omnis quod aliquam. Minima dolor provident non omnis aspernatur suscipit placeat. Amet ut deserunt quis soluta.', 2464124, 38);
INSERT INTO `s_city` (`ID`, `NAME`, `DESCRIPTION`, `POPULATION`, `REGION_ID`) VALUES (39, 'North Jeffereymouth', 'Sed et voluptatibus nemo inventore nam et. Est consequatur suscipit eligendi molestiae est. Sed hic non nobis ipsum consequatur est similique.', 2265071, 39);
INSERT INTO `s_city` (`ID`, `NAME`, `DESCRIPTION`, `POPULATION`, `REGION_ID`) VALUES (40, 'West Letha', 'Autem officia sunt exercitationem tempore sed soluta optio voluptate. Nulla harum at sint. Temporibus aut aut quod at occaecati. Nemo rerum rerum non quasi sed.', 3328374, 40);
INSERT INTO `s_city` (`ID`, `NAME`, `DESCRIPTION`, `POPULATION`, `REGION_ID`) VALUES (41, 'New Kenton', 'Consequatur est voluptas similique molestiae nesciunt sint. Omnis iusto amet qui accusamus. Quia ut sapiente culpa perferendis porro. Hic quos sit asperiores error est laboriosam. Voluptas qui ducimus quaerat vel dolor perferendis et voluptatem.', 2315409, 41);
INSERT INTO `s_city` (`ID`, `NAME`, `DESCRIPTION`, `POPULATION`, `REGION_ID`) VALUES (42, 'Carolynemouth', 'Voluptatem aut repudiandae ut perferendis quibusdam nihil porro. Dolores non doloremque adipisci minima distinctio id. In eligendi placeat ut praesentium facere aut. Laborum at enim est temporibus ea.', 3208415, 42);
INSERT INTO `s_city` (`ID`, `NAME`, `DESCRIPTION`, `POPULATION`, `REGION_ID`) VALUES (43, 'East Eloisaborough', 'Voluptatem totam odio occaecati ducimus aut. Molestiae est enim eum qui eaque inventore minima. Maiores optio quia qui qui accusamus.', 453723, 43);
INSERT INTO `s_city` (`ID`, `NAME`, `DESCRIPTION`, `POPULATION`, `REGION_ID`) VALUES (44, 'Vivianeview', 'Sapiente magnam iure qui exercitationem omnis. Repudiandae quam dolores minima quaerat pariatur earum expedita. Modi nulla sint voluptatibus eveniet. Commodi est deserunt cupiditate quisquam saepe corrupti.', 4509219, 44);
INSERT INTO `s_city` (`ID`, `NAME`, `DESCRIPTION`, `POPULATION`, `REGION_ID`) VALUES (45, 'Port Aliceland', 'Ut quis similique dolores velit voluptatem optio nulla. Odit odit sed vero molestias aut sit. Consequatur nihil harum qui facilis inventore. Enim aperiam at omnis molestias.', 960255, 45);
INSERT INTO `s_city` (`ID`, `NAME`, `DESCRIPTION`, `POPULATION`, `REGION_ID`) VALUES (46, 'Lake Tanyaborough', 'Quaerat labore repudiandae dolores aut dolore cum. Incidunt harum atque officia assumenda. Optio odio saepe velit nobis est quia.', 4864701, 46);
INSERT INTO `s_city` (`ID`, `NAME`, `DESCRIPTION`, `POPULATION`, `REGION_ID`) VALUES (47, 'West Gladyce', 'Ut et in aut saepe quisquam. Beatae quam consectetur error debitis qui. Sint odit dolor ut nesciunt. Illum sunt quis cupiditate recusandae consequatur et laboriosam.', 3362541, 47);
INSERT INTO `s_city` (`ID`, `NAME`, `DESCRIPTION`, `POPULATION`, `REGION_ID`) VALUES (48, 'Schroederburgh', 'Perspiciatis eum rerum voluptatem doloremque consequatur. Aut dolorem ipsa enim aut porro error.', 4772056, 48);
INSERT INTO `s_city` (`ID`, `NAME`, `DESCRIPTION`, `POPULATION`, `REGION_ID`) VALUES (49, 'Hintzland', 'Accusantium blanditiis reprehenderit sit. Ut deleniti ex placeat qui adipisci quo ab. Consequatur voluptatem officiis et. Sint sunt assumenda quia totam quia.', 4021696, 49);
INSERT INTO `s_city` (`ID`, `NAME`, `DESCRIPTION`, `POPULATION`, `REGION_ID`) VALUES (50, 'Muellerbury', 'Impedit ut exercitationem doloremque consequatur reprehenderit est qui. Veritatis quaerat aut dignissimos dolore aspernatur reiciendis voluptas vel. Deserunt aspernatur et rerum. Ut ut repudiandae magni.', 4623953, 50);
INSERT INTO `s_city` (`ID`, `NAME`, `DESCRIPTION`, `POPULATION`, `REGION_ID`) VALUES (51, 'North Anika', 'In consequatur ut cumque. Exercitationem repellat illum qui voluptatum aut eius consequatur. Et officia nemo blanditiis illo repellendus non nostrum. Pariatur magni laudantium occaecati nisi quia sunt autem.', 2192257, 1);
INSERT INTO `s_city` (`ID`, `NAME`, `DESCRIPTION`, `POPULATION`, `REGION_ID`) VALUES (52, 'Bashirianfurt', 'Non rerum consequatur rerum beatae incidunt qui dolore. Nemo et vel quasi et voluptatem laborum. Dignissimos est recusandae aut consequatur voluptatum dolores beatae.', 4849488, 2);
INSERT INTO `s_city` (`ID`, `NAME`, `DESCRIPTION`, `POPULATION`, `REGION_ID`) VALUES (53, 'South Aliyahstad', 'Inventore delectus dolores nulla alias ut ut sequi. Id omnis et placeat modi. Necessitatibus voluptas quos mollitia aspernatur. Eligendi error sunt et unde iure.', 1801759, 3);
INSERT INTO `s_city` (`ID`, `NAME`, `DESCRIPTION`, `POPULATION`, `REGION_ID`) VALUES (54, 'Smithamfort', 'Possimus velit voluptatem iusto consequatur rerum. Ex alias iusto repellat dicta quas velit dolores. Molestias quis est minima nam.', 3293614, 4);
INSERT INTO `s_city` (`ID`, `NAME`, `DESCRIPTION`, `POPULATION`, `REGION_ID`) VALUES (55, 'West Ida', 'Magni consequatur quia sint itaque nihil nisi. Totam dignissimos quod ex cupiditate velit quaerat qui. Et enim dolorem qui assumenda vel aut. Unde reprehenderit quia quia id.', 906482, 5);
INSERT INTO `s_city` (`ID`, `NAME`, `DESCRIPTION`, `POPULATION`, `REGION_ID`) VALUES (56, 'West Colin', 'Aut facilis qui ut est aut rerum enim. Earum ut nemo quam exercitationem. Rerum autem voluptatibus ut aliquam eum.', 3272490, 6);
INSERT INTO `s_city` (`ID`, `NAME`, `DESCRIPTION`, `POPULATION`, `REGION_ID`) VALUES (57, 'Juliaport', 'Aut magni in consectetur atque. Ut vero adipisci illo cupiditate eveniet mollitia perspiciatis. Perspiciatis dolores et consequatur mollitia quis. Doloremque optio maxime dolorum quia id ad ex. Quisquam iusto id eos blanditiis ea ut.', 2071298, 7);
INSERT INTO `s_city` (`ID`, `NAME`, `DESCRIPTION`, `POPULATION`, `REGION_ID`) VALUES (58, 'Harrischester', 'Rerum soluta qui voluptatum omnis aut illo dolor voluptates. Atque iure repellendus ut fugiat et et ut. Cum quibusdam expedita inventore recusandae officiis dolorem non itaque.', 2945603, 8);
INSERT INTO `s_city` (`ID`, `NAME`, `DESCRIPTION`, `POPULATION`, `REGION_ID`) VALUES (59, 'Steuberton', 'Qui fugit et praesentium ad maxime nobis voluptatem. Quod praesentium recusandae totam in voluptatem. Illo ullam voluptate dolore est ut beatae delectus.', 1371411, 9);
INSERT INTO `s_city` (`ID`, `NAME`, `DESCRIPTION`, `POPULATION`, `REGION_ID`) VALUES (60, 'Lake Emilland', 'Est a rerum consequatur numquam. Et qui ut quas enim vitae deserunt. Consequatur unde est recusandae dolorum molestiae in voluptatem. Ex sint voluptates fugit rerum ut non mollitia saepe.', 2902287, 10);
INSERT INTO `s_city` (`ID`, `NAME`, `DESCRIPTION`, `POPULATION`, `REGION_ID`) VALUES (61, 'Eldorafort', 'Molestiae quam provident nobis. Nulla laborum similique temporibus qui ex libero cumque.', 4823691, 11);
INSERT INTO `s_city` (`ID`, `NAME`, `DESCRIPTION`, `POPULATION`, `REGION_ID`) VALUES (62, 'East Susanfurt', 'Voluptatem quis id voluptatum at quaerat architecto tempora animi. Sequi quibusdam rerum quam eos eum optio. Excepturi officia asperiores cumque aliquid et. Iusto repellendus delectus architecto fuga id incidunt consequatur. Iusto ad quo eius voluptatem alias iusto ipsam.', 318611, 12);
INSERT INTO `s_city` (`ID`, `NAME`, `DESCRIPTION`, `POPULATION`, `REGION_ID`) VALUES (63, 'Port Federico', 'Ducimus provident et excepturi consequatur. In sunt delectus ipsam ut. Possimus inventore amet itaque deserunt soluta magnam. Atque culpa vel expedita incidunt. Voluptatem reiciendis harum quibusdam molestias ut cupiditate velit.', 4562604, 13);
INSERT INTO `s_city` (`ID`, `NAME`, `DESCRIPTION`, `POPULATION`, `REGION_ID`) VALUES (64, 'Danielside', 'Eius et totam dolores magnam et animi accusantium. Nobis quia esse sint consequuntur nam.', 1459891, 14);
INSERT INTO `s_city` (`ID`, `NAME`, `DESCRIPTION`, `POPULATION`, `REGION_ID`) VALUES (65, 'West Jarvis', 'Quidem aut corporis omnis quia in. Rerum eligendi nihil et non iste. Ut sed odio perspiciatis ea dolores cumque provident. Deserunt ut sunt reiciendis dignissimos eos saepe. Consequuntur laboriosam optio enim illo.', 2910515, 15);
INSERT INTO `s_city` (`ID`, `NAME`, `DESCRIPTION`, `POPULATION`, `REGION_ID`) VALUES (66, 'West Shannon', 'Odit perferendis sint minus sit cumque alias quia. Quasi nulla quia quibusdam tempora incidunt. Et dolorum beatae adipisci. Qui aliquam id et.', 2681555, 16);
INSERT INTO `s_city` (`ID`, `NAME`, `DESCRIPTION`, `POPULATION`, `REGION_ID`) VALUES (67, 'Weissnatstad', 'Eaque dolorem sapiente aut ut doloribus vel vel sit. Maxime exercitationem quis corporis sint veniam hic. Rerum animi voluptates autem adipisci. Placeat officiis ad unde magnam dignissimos.', 4087731, 17);
INSERT INTO `s_city` (`ID`, `NAME`, `DESCRIPTION`, `POPULATION`, `REGION_ID`) VALUES (68, 'North Rory', 'Ut consectetur debitis dolore quo commodi doloremque quia. Et dolorem eligendi in dignissimos soluta. Ipsum adipisci et tenetur. Dolor accusamus non nam autem.', 3178117, 18);
INSERT INTO `s_city` (`ID`, `NAME`, `DESCRIPTION`, `POPULATION`, `REGION_ID`) VALUES (69, 'Jermainfurt', 'Rerum ut reprehenderit adipisci deleniti molestias illo quibusdam. Nihil aspernatur ut molestiae corporis maxime id. Rerum maxime vero quidem voluptatem velit.', 2709425, 19);
INSERT INTO `s_city` (`ID`, `NAME`, `DESCRIPTION`, `POPULATION`, `REGION_ID`) VALUES (70, 'Allisonland', 'Autem pariatur modi quidem laboriosam veniam et est. Quibusdam dignissimos fugit placeat porro nemo culpa a. Consequatur aliquid dolor consequatur facere enim vitae.', 2580020, 20);
INSERT INTO `s_city` (`ID`, `NAME`, `DESCRIPTION`, `POPULATION`, `REGION_ID`) VALUES (71, 'Port Jaquelinfort', 'Sequi illum magnam id. Laudantium repudiandae laborum provident nam. Iste ullam facilis enim amet ab voluptatibus. Voluptas sunt nemo modi et omnis totam incidunt.', 1874199, 21);
INSERT INTO `s_city` (`ID`, `NAME`, `DESCRIPTION`, `POPULATION`, `REGION_ID`) VALUES (72, 'Lake Dariana', 'Magni exercitationem molestias nam ullam. Sed dolor consequuntur blanditiis enim dolores. Minima incidunt dolores quae minima ut eum saepe perferendis.', 2504590, 22);
INSERT INTO `s_city` (`ID`, `NAME`, `DESCRIPTION`, `POPULATION`, `REGION_ID`) VALUES (73, 'Mosesmouth', 'Quaerat nesciunt eveniet eveniet ab et velit vero architecto. Natus cupiditate quam voluptas natus aut non.', 3415807, 23);
INSERT INTO `s_city` (`ID`, `NAME`, `DESCRIPTION`, `POPULATION`, `REGION_ID`) VALUES (74, 'Lolitachester', 'Illo et debitis consequatur quod et tenetur. Et sit enim aperiam eius. Reprehenderit autem mollitia est et quisquam eos. Ut totam dolores illo earum quia. Consequuntur blanditiis earum non sed nulla quibusdam dolorum.', 1940223, 24);
INSERT INTO `s_city` (`ID`, `NAME`, `DESCRIPTION`, `POPULATION`, `REGION_ID`) VALUES (75, 'Hesselmouth', 'Enim aut tenetur et omnis. Fugit vero aliquam exercitationem ab. Sequi sit quibusdam quasi similique in ipsa consequatur.', 2370783, 25);
INSERT INTO `s_city` (`ID`, `NAME`, `DESCRIPTION`, `POPULATION`, `REGION_ID`) VALUES (76, 'South Gwendolynfort', 'Unde similique aut libero nulla ad. Assumenda placeat laboriosam consequuntur soluta rerum. Voluptatum at doloribus aliquid et quisquam sint. Consectetur eligendi perferendis et similique.', 3280647, 26);
INSERT INTO `s_city` (`ID`, `NAME`, `DESCRIPTION`, `POPULATION`, `REGION_ID`) VALUES (77, 'North Kasandraview', 'Expedita et aut aliquid eos. Reprehenderit expedita soluta recusandae omnis aut. Sint qui eius et rerum sequi eos soluta molestias. Sapiente aliquid magni amet illum cupiditate.', 345344, 27);
INSERT INTO `s_city` (`ID`, `NAME`, `DESCRIPTION`, `POPULATION`, `REGION_ID`) VALUES (78, 'West Layla', 'Quia deserunt est et aliquid. Quasi non quae maiores impedit. Nihil expedita id eius autem. Illo totam eos officiis enim.', 2795125, 28);
INSERT INTO `s_city` (`ID`, `NAME`, `DESCRIPTION`, `POPULATION`, `REGION_ID`) VALUES (79, 'McCulloughberg', 'Sed quam voluptatem quibusdam ipsam tempore corrupti officiis. Doloremque ea numquam iure deserunt.', 165005, 29);
INSERT INTO `s_city` (`ID`, `NAME`, `DESCRIPTION`, `POPULATION`, `REGION_ID`) VALUES (80, 'Purdyville', 'Cum ea et fugit sunt eos. Aut corporis qui quo nobis laudantium. Non magni tenetur nostrum quia perspiciatis.', 3582024, 30);
INSERT INTO `s_city` (`ID`, `NAME`, `DESCRIPTION`, `POPULATION`, `REGION_ID`) VALUES (81, 'Port Roman', 'Non doloribus autem et sunt. Accusamus quisquam nisi magnam laboriosam reprehenderit mollitia corrupti. Mollitia iusto incidunt dicta quasi quae ipsa. Sit praesentium earum officiis repellat est necessitatibus.', 4239806, 31);
INSERT INTO `s_city` (`ID`, `NAME`, `DESCRIPTION`, `POPULATION`, `REGION_ID`) VALUES (82, 'New Hillarymouth', 'Doloremque distinctio vero incidunt. Qui eum ipsa est et sed fuga. Adipisci et autem fuga est et ducimus consequatur. Aliquid eaque qui hic sunt quo laudantium. Aliquid molestiae natus fuga natus.', 3649488, 32);
INSERT INTO `s_city` (`ID`, `NAME`, `DESCRIPTION`, `POPULATION`, `REGION_ID`) VALUES (83, 'Harveystad', 'Iste iste pariatur officiis. Cum sit consequatur inventore similique id sunt velit. Eius nesciunt dolorem omnis blanditiis eveniet. Laborum est ut laudantium libero eum.', 926746, 33);
INSERT INTO `s_city` (`ID`, `NAME`, `DESCRIPTION`, `POPULATION`, `REGION_ID`) VALUES (84, 'New Evangeline', 'Eum ullam iste velit dolorem ipsa sapiente impedit. Et hic iure nihil numquam voluptatum minima sapiente. Similique deserunt quae qui sed. Ullam quidem adipisci aut recusandae.', 3417386, 34);
INSERT INTO `s_city` (`ID`, `NAME`, `DESCRIPTION`, `POPULATION`, `REGION_ID`) VALUES (85, 'Port Maverick', 'Earum iure fugiat modi eius est minus consectetur. Consequuntur amet distinctio omnis aut. Vero qui quam voluptatibus dicta et.', 3669590, 35);
INSERT INTO `s_city` (`ID`, `NAME`, `DESCRIPTION`, `POPULATION`, `REGION_ID`) VALUES (86, 'North Hassie', 'In debitis porro quis dolores. Et fugit et blanditiis cum iste dolores. Totam at modi atque repudiandae possimus dolor quibusdam.', 4812791, 36);
INSERT INTO `s_city` (`ID`, `NAME`, `DESCRIPTION`, `POPULATION`, `REGION_ID`) VALUES (87, 'Helgashire', 'Et temporibus quisquam qui dignissimos error est adipisci. Consequatur temporibus tempore accusantium corporis consequatur maiores soluta.', 807078, 37);
INSERT INTO `s_city` (`ID`, `NAME`, `DESCRIPTION`, `POPULATION`, `REGION_ID`) VALUES (88, 'Helenstad', 'Minima dolor nulla autem eum labore temporibus soluta. Eum sed aut quibusdam et molestiae voluptatum. Quasi porro veritatis aut ut.', 3961204, 38);
INSERT INTO `s_city` (`ID`, `NAME`, `DESCRIPTION`, `POPULATION`, `REGION_ID`) VALUES (89, 'Port Maybell', 'Saepe dolores repellendus hic maxime rerum rerum tempora. Ullam beatae harum occaecati tempore voluptate. Et ut ipsum nobis omnis illum sint.', 3853482, 39);
INSERT INTO `s_city` (`ID`, `NAME`, `DESCRIPTION`, `POPULATION`, `REGION_ID`) VALUES (90, 'Kochview', 'Eos qui alias facere voluptas. Quod repellendus adipisci commodi omnis aut harum. Qui iure et dolor quam nobis.', 1081956, 40);
INSERT INTO `s_city` (`ID`, `NAME`, `DESCRIPTION`, `POPULATION`, `REGION_ID`) VALUES (91, 'Port Edythemouth', 'Consequatur dolorem aut cum soluta. Tempora consequuntur ad repellat nemo culpa et rerum. Harum aut minima quis sapiente optio quas cumque.', 4663812, 41);
INSERT INTO `s_city` (`ID`, `NAME`, `DESCRIPTION`, `POPULATION`, `REGION_ID`) VALUES (92, 'Fabiolamouth', 'Maxime necessitatibus ut quam adipisci quibusdam magni. Omnis mollitia reprehenderit consequuntur ad cum. Perspiciatis nisi saepe accusantium expedita nobis. Cupiditate temporibus nihil distinctio eaque. Quisquam et ducimus libero nam veniam et.', 1052502, 42);
INSERT INTO `s_city` (`ID`, `NAME`, `DESCRIPTION`, `POPULATION`, `REGION_ID`) VALUES (93, 'South Norafort', 'Ducimus molestiae sed et et natus sit. Consequuntur delectus quis totam repudiandae quia impedit rem. Repellendus similique nisi neque ea sit fugit. Quod deleniti qui architecto provident quisquam maxime magni.', 1925983, 43);
INSERT INTO `s_city` (`ID`, `NAME`, `DESCRIPTION`, `POPULATION`, `REGION_ID`) VALUES (94, 'Russstad', 'Explicabo reiciendis animi non voluptatem doloribus voluptatem consectetur. Sunt odio repellat ut rerum reiciendis dolores. Non quis nostrum minus asperiores magnam vel.', 2111124, 44);
INSERT INTO `s_city` (`ID`, `NAME`, `DESCRIPTION`, `POPULATION`, `REGION_ID`) VALUES (95, 'Braunstad', 'Et dolores quaerat voluptatem sed ab. Laudantium delectus qui et ad ut consequatur. Dolor facilis dolore ullam voluptas. Sed dolorem quod harum delectus. Aut et voluptatem molestias alias blanditiis nihil esse.', 2157251, 45);
INSERT INTO `s_city` (`ID`, `NAME`, `DESCRIPTION`, `POPULATION`, `REGION_ID`) VALUES (96, 'West Estellaside', 'Voluptate suscipit impedit ut hic rerum id. Nihil dolorum tempore optio voluptatem velit incidunt. Qui sit repellendus ipsam voluptatem voluptatem.', 322792, 46);
INSERT INTO `s_city` (`ID`, `NAME`, `DESCRIPTION`, `POPULATION`, `REGION_ID`) VALUES (97, 'Arianeborough', 'Tempora sit aut accusantium. Nihil eius iusto sint hic molestiae libero odit. Consequatur molestiae aperiam ea qui vero minus ullam eum.', 4663698, 47);
INSERT INTO `s_city` (`ID`, `NAME`, `DESCRIPTION`, `POPULATION`, `REGION_ID`) VALUES (98, 'Eulabury', 'Dolorem voluptas harum similique minima architecto voluptas. Quia dolores sit sit et. Quidem deleniti a eveniet mollitia dolores. Optio consequatur qui non nam.', 4564410, 48);
INSERT INTO `s_city` (`ID`, `NAME`, `DESCRIPTION`, `POPULATION`, `REGION_ID`) VALUES (99, 'Port Maybelle', 'Voluptas ut amet maxime deleniti est eos. Dolorem doloremque deleniti ipsum voluptatem nihil alias rerum. Fugit voluptatem eveniet culpa neque.', 2527155, 49);
INSERT INTO `s_city` (`ID`, `NAME`, `DESCRIPTION`, `POPULATION`, `REGION_ID`) VALUES (100, 'Schultzberg', 'Asperiores voluptas porro voluptas consequatur. Officia aliquam quod quam hic porro unde. Qui sint ipsam necessitatibus non veritatis fuga. Fugiat numquam sed labore. Quo voluptatibus minus dolorum.', 57361, 50);



#
# TABLE STRUCTURE FOR: s_user
#

INSERT INTO `s_user` (`ID`, `NAME`, `DATE_REG`, `PHONE`, `EMAIL`, `IS_ACTIVE`) VALUES (1, 'Dr. Marques Feeney II', '1981-11-30 05:34:53', '863.869.9876', 'worn@example.com', 'Y');
INSERT INTO `s_user` (`ID`, `NAME`, `DATE_REG`, `PHONE`, `EMAIL`, `IS_ACTIVE`) VALUES (2, 'Isaias Heaney', '1994-10-08 17:17:23', '(913)860-6020', 'schinner.adeline@example.com', 'Y');
INSERT INTO `s_user` (`ID`, `NAME`, `DATE_REG`, `PHONE`, `EMAIL`, `IS_ACTIVE`) VALUES (3, 'Rafael Franecki II', '1999-07-07 22:59:28', '1-392-796-0953', 'oscar.schaefer@example.org', 'Y');
INSERT INTO `s_user` (`ID`, `NAME`, `DATE_REG`, `PHONE`, `EMAIL`, `IS_ACTIVE`) VALUES (4, 'Vernon Corkery PhD', '1987-03-18 03:57:49', '875-297-0938', 'tconnelly@example.com', 'Y');
INSERT INTO `s_user` (`ID`, `NAME`, `DATE_REG`, `PHONE`, `EMAIL`, `IS_ACTIVE`) VALUES (5, 'Tommie Bogan', '1971-07-27 18:55:09', '857.076.4923x26364', 'donnie.jakubowski@example.net', 'Y');
INSERT INTO `s_user` (`ID`, `NAME`, `DATE_REG`, `PHONE`, `EMAIL`, `IS_ACTIVE`) VALUES (6, 'Dr. Deshawn Dach V', '2013-02-18 18:29:16', '01890989406', 'lessie.kertzmann@example.org', 'Y');
INSERT INTO `s_user` (`ID`, `NAME`, `DATE_REG`, `PHONE`, `EMAIL`, `IS_ACTIVE`) VALUES (7, 'Brionna Lubowitz Jr.', '1981-10-13 12:03:35', '459-272-8575x24699', 'tomasa.cole@example.net', 'Y');
INSERT INTO `s_user` (`ID`, `NAME`, `DATE_REG`, `PHONE`, `EMAIL`, `IS_ACTIVE`) VALUES (8, 'Dr. Tressa Torphy PhD', '2012-01-26 18:15:39', '+59(8)4679059613', 'pschmeler@example.com', 'Y');
INSERT INTO `s_user` (`ID`, `NAME`, `DATE_REG`, `PHONE`, `EMAIL`, `IS_ACTIVE`) VALUES (9, 'Mrs. Maribel Davis', '1979-09-13 23:06:04', '848.282.9744', 'ijohnston@example.net', 'Y');
INSERT INTO `s_user` (`ID`, `NAME`, `DATE_REG`, `PHONE`, `EMAIL`, `IS_ACTIVE`) VALUES (10, 'Mr. Joan Murphy MD', '2015-07-24 01:40:10', '907.450.9062x981', 'armani.o\'connell@example.org', 'Y');
INSERT INTO `s_user` (`ID`, `NAME`, `DATE_REG`, `PHONE`, `EMAIL`, `IS_ACTIVE`) VALUES (11, 'Dr. Armand Russel Jr.', '1999-05-03 05:39:34', '1-306-068-5802x3628', 'uromaguera@example.org', 'Y');
INSERT INTO `s_user` (`ID`, `NAME`, `DATE_REG`, `PHONE`, `EMAIL`, `IS_ACTIVE`) VALUES (12, 'Mrs. Jakayla Ernser PhD', '2014-07-04 00:28:02', '443-804-3036', 'darrell.kshlerin@example.org', 'Y');
INSERT INTO `s_user` (`ID`, `NAME`, `DATE_REG`, `PHONE`, `EMAIL`, `IS_ACTIVE`) VALUES (13, 'Mr. Nigel Ritchie', '1996-03-27 00:06:04', '(081)459-5416x202', 'franecki.ila@example.net', 'Y');
INSERT INTO `s_user` (`ID`, `NAME`, `DATE_REG`, `PHONE`, `EMAIL`, `IS_ACTIVE`) VALUES (14, 'Tressie Mueller', '1979-11-19 13:27:39', '(137)378-4506', 'braeden.marks@example.net', 'Y');
INSERT INTO `s_user` (`ID`, `NAME`, `DATE_REG`, `PHONE`, `EMAIL`, `IS_ACTIVE`) VALUES (15, 'Prof. Kelli Mayer Jr.', '1979-09-26 18:46:33', '1-887-077-7833', 'heidenreich.willis@example.org', 'Y');
INSERT INTO `s_user` (`ID`, `NAME`, `DATE_REG`, `PHONE`, `EMAIL`, `IS_ACTIVE`) VALUES (16, 'Finn Herzog', '1977-01-24 06:37:03', '(170)257-2987', 'trudie.barton@example.com', 'Y');
INSERT INTO `s_user` (`ID`, `NAME`, `DATE_REG`, `PHONE`, `EMAIL`, `IS_ACTIVE`) VALUES (17, 'Prof. Abbey Collins PhD', '1989-07-30 09:40:00', '986.147.9329x017', 'antoinette18@example.net', 'Y');
INSERT INTO `s_user` (`ID`, `NAME`, `DATE_REG`, `PHONE`, `EMAIL`, `IS_ACTIVE`) VALUES (18, 'Efren Maggio', '1978-03-11 23:18:40', '(558)287-4046', 'lynch.nolan@example.org', 'Y');
INSERT INTO `s_user` (`ID`, `NAME`, `DATE_REG`, `PHONE`, `EMAIL`, `IS_ACTIVE`) VALUES (19, 'Roselyn Pagac', '2012-03-02 11:58:29', '1-294-943-9527x98074', 'qhand@example.net', 'Y');
INSERT INTO `s_user` (`ID`, `NAME`, `DATE_REG`, `PHONE`, `EMAIL`, `IS_ACTIVE`) VALUES (20, 'Mr. Jayce Wisozk III', '1998-05-13 09:49:13', '(880)790-2658x06876', 'thackett@example.net', 'Y');
INSERT INTO `s_user` (`ID`, `NAME`, `DATE_REG`, `PHONE`, `EMAIL`, `IS_ACTIVE`) VALUES (21, 'Ivah Kohler', '2001-09-23 08:10:48', '601-523-0755', 'frankie84@example.org', 'Y');
INSERT INTO `s_user` (`ID`, `NAME`, `DATE_REG`, `PHONE`, `EMAIL`, `IS_ACTIVE`) VALUES (22, 'Mrs. Mittie Goodwin Jr.', '2022-04-25 11:54:55', '03738328725', 'jarret66@example.com', 'Y');
INSERT INTO `s_user` (`ID`, `NAME`, `DATE_REG`, `PHONE`, `EMAIL`, `IS_ACTIVE`) VALUES (23, 'Jose Runte', '1985-12-25 13:55:36', '1-356-134-6973x90763', 'beatty.milton@example.net', 'Y');
INSERT INTO `s_user` (`ID`, `NAME`, `DATE_REG`, `PHONE`, `EMAIL`, `IS_ACTIVE`) VALUES (24, 'Marquis Yost', '1970-01-05 14:09:14', '00307050704', 'klittel@example.org', 'Y');
INSERT INTO `s_user` (`ID`, `NAME`, `DATE_REG`, `PHONE`, `EMAIL`, `IS_ACTIVE`) VALUES (25, 'Mose Wuckert', '1998-03-07 09:57:01', '(092)875-0895x2824', 'sofia.jones@example.org', 'Y');
INSERT INTO `s_user` (`ID`, `NAME`, `DATE_REG`, `PHONE`, `EMAIL`, `IS_ACTIVE`) VALUES (26, 'Lloyd Weber Jr.', '2013-10-27 06:20:52', '1-444-563-9760', 'dorris54@example.net', 'Y');
INSERT INTO `s_user` (`ID`, `NAME`, `DATE_REG`, `PHONE`, `EMAIL`, `IS_ACTIVE`) VALUES (27, 'Margarett Torphy', '2014-07-07 23:33:22', '1-796-822-1272x83748', 'sally.swaniawski@example.net', 'Y');
INSERT INTO `s_user` (`ID`, `NAME`, `DATE_REG`, `PHONE`, `EMAIL`, `IS_ACTIVE`) VALUES (28, 'Dr. Letha Macejkovic', '1971-06-29 05:06:21', '+07(6)5879503779', 'lane.gorczany@example.org', 'Y');
INSERT INTO `s_user` (`ID`, `NAME`, `DATE_REG`, `PHONE`, `EMAIL`, `IS_ACTIVE`) VALUES (29, 'Dr. Diamond Larkin PhD', '2007-12-31 02:57:39', '(180)531-9190x0948', 'haylee.kertzmann@example.org', 'Y');
INSERT INTO `s_user` (`ID`, `NAME`, `DATE_REG`, `PHONE`, `EMAIL`, `IS_ACTIVE`) VALUES (30, 'Mr. Kennedy Brekke', '2011-09-04 00:04:59', '288.260.0229', 'bradtke.kira@example.net', 'Y');
INSERT INTO `s_user` (`ID`, `NAME`, `DATE_REG`, `PHONE`, `EMAIL`, `IS_ACTIVE`) VALUES (31, 'Barry Moore I', '2019-08-08 23:05:19', '1-252-959-7447x879', 'mzieme@example.com', 'Y');
INSERT INTO `s_user` (`ID`, `NAME`, `DATE_REG`, `PHONE`, `EMAIL`, `IS_ACTIVE`) VALUES (32, 'Isaiah Medhurst', '1996-01-24 17:34:18', '01361111860', 'leilani.mueller@example.net', 'Y');
INSERT INTO `s_user` (`ID`, `NAME`, `DATE_REG`, `PHONE`, `EMAIL`, `IS_ACTIVE`) VALUES (33, 'Dr. Osborne Hodkiewicz', '1989-05-25 14:33:11', '(906)993-2935x08992', 'gene.cummings@example.net', 'Y');
INSERT INTO `s_user` (`ID`, `NAME`, `DATE_REG`, `PHONE`, `EMAIL`, `IS_ACTIVE`) VALUES (34, 'Katheryn Hessel PhD', '2021-12-30 01:09:55', '1-569-679-4704', 'willy11@example.net', 'Y');
INSERT INTO `s_user` (`ID`, `NAME`, `DATE_REG`, `PHONE`, `EMAIL`, `IS_ACTIVE`) VALUES (35, 'Dr. Eladio Schamberger DDS', '2000-12-17 10:56:27', '(086)258-5248', 'koss.mose@example.com', 'Y');
INSERT INTO `s_user` (`ID`, `NAME`, `DATE_REG`, `PHONE`, `EMAIL`, `IS_ACTIVE`) VALUES (36, 'Mr. Fernando Kuhic I', '1980-02-03 23:44:16', '+21(7)8468486659', 'stamm.dina@example.com', 'Y');
INSERT INTO `s_user` (`ID`, `NAME`, `DATE_REG`, `PHONE`, `EMAIL`, `IS_ACTIVE`) VALUES (37, 'Ellis Ziemann', '1976-10-06 23:05:19', '526-148-1620', 'kmosciski@example.com', 'Y');
INSERT INTO `s_user` (`ID`, `NAME`, `DATE_REG`, `PHONE`, `EMAIL`, `IS_ACTIVE`) VALUES (38, 'Audreanne O\'Conner', '1999-12-05 21:31:23', '1-367-521-4971x80670', 'umurray@example.com', 'Y');
INSERT INTO `s_user` (`ID`, `NAME`, `DATE_REG`, `PHONE`, `EMAIL`, `IS_ACTIVE`) VALUES (39, 'Conor Adams', '1991-04-23 12:56:49', '1-719-323-5743x488', 'gschamberger@example.com', 'Y');
INSERT INTO `s_user` (`ID`, `NAME`, `DATE_REG`, `PHONE`, `EMAIL`, `IS_ACTIVE`) VALUES (40, 'Orpha Gorczany', '1974-07-01 20:17:03', '115-845-8783x213', 'lakin.lottie@example.net', 'Y');
INSERT INTO `s_user` (`ID`, `NAME`, `DATE_REG`, `PHONE`, `EMAIL`, `IS_ACTIVE`) VALUES (41, 'Ellie Ortiz DVM', '2013-10-16 16:02:12', '(020)880-2023', 'morton78@example.com', 'Y');
INSERT INTO `s_user` (`ID`, `NAME`, `DATE_REG`, `PHONE`, `EMAIL`, `IS_ACTIVE`) VALUES (42, 'Mr. Elwyn DuBuque', '2000-12-23 01:19:39', '(915)923-5380x94428', 'goldner.alana@example.com', 'Y');
INSERT INTO `s_user` (`ID`, `NAME`, `DATE_REG`, `PHONE`, `EMAIL`, `IS_ACTIVE`) VALUES (43, 'Gordon Pagac', '1982-09-23 00:46:51', '1-743-666-4104x9114', 'tanner.streich@example.net', 'Y');
INSERT INTO `s_user` (`ID`, `NAME`, `DATE_REG`, `PHONE`, `EMAIL`, `IS_ACTIVE`) VALUES (44, 'Sidney Witting', '1987-12-22 03:00:28', '+04(8)2945826302', 'douglas.amira@example.net', 'Y');
INSERT INTO `s_user` (`ID`, `NAME`, `DATE_REG`, `PHONE`, `EMAIL`, `IS_ACTIVE`) VALUES (45, 'Prof. Neil Jacobs Jr.', '1994-09-30 07:38:05', '449.813.4964', 'windler.alan@example.net', 'Y');
INSERT INTO `s_user` (`ID`, `NAME`, `DATE_REG`, `PHONE`, `EMAIL`, `IS_ACTIVE`) VALUES (46, 'Sebastian Waelchi', '1995-01-06 19:20:50', '670.307.6646x744', 'mcclure.vicenta@example.org', 'Y');
INSERT INTO `s_user` (`ID`, `NAME`, `DATE_REG`, `PHONE`, `EMAIL`, `IS_ACTIVE`) VALUES (47, 'Stan Runte DVM', '2015-06-14 01:26:00', '(466)995-5777', 'grayce39@example.org', 'Y');
INSERT INTO `s_user` (`ID`, `NAME`, `DATE_REG`, `PHONE`, `EMAIL`, `IS_ACTIVE`) VALUES (48, 'Granville Beier', '2011-11-07 02:29:10', '201.925.7157x92972', 'reichert.heaven@example.org', 'Y');
INSERT INTO `s_user` (`ID`, `NAME`, `DATE_REG`, `PHONE`, `EMAIL`, `IS_ACTIVE`) VALUES (49, 'Elvis Murazik', '1972-09-07 22:25:52', '(391)652-1705x4672', 'omcdermott@example.com', 'Y');
INSERT INTO `s_user` (`ID`, `NAME`, `DATE_REG`, `PHONE`, `EMAIL`, `IS_ACTIVE`) VALUES (50, 'Julien Hermiston', '1976-01-30 23:07:22', '378.865.7070', 'ana.medhurst@example.org', 'Y');


#
# TABLE STRUCTURE FOR: s_object_type
#

INSERT INTO `s_object_type` (`ID`, `NAME`) VALUES (1, 'Гостиница');
INSERT INTO `s_object_type` (`ID`, `NAME`) VALUES (2, ' Достопримечательность');
INSERT INTO `s_object_type` (`ID`, `NAME`) VALUES (3, ' Апартаменты');


#
# TABLE STRUCTURE FOR: s_object
#

INSERT INTO `s_object` (`ID`, `NAME`, `DESCRIPTION`, `CITY_ID`, `IS_ACTIVE`, `TYPE_ID`) VALUES (1, 'Filomena Key', 'Possimus nulla pariatur nesciunt soluta ut architecto. Et amet ducimus quia totam sint voluptatem. A iste iste voluptatum suscipit. Autem qui consequatur eum ullam harum. Dolorum sunt in molestias et.', 1, 'Y', 1);
INSERT INTO `s_object` (`ID`, `NAME`, `DESCRIPTION`, `CITY_ID`, `IS_ACTIVE`, `TYPE_ID`) VALUES (2, 'Audie Knolls', 'At veniam vitae omnis et numquam qui velit est. Voluptatem explicabo nam et sunt est ea alias. Quas aspernatur excepturi omnis aperiam. Praesentium sequi autem quia reiciendis.', 2, 'Y', 2);
INSERT INTO `s_object` (`ID`, `NAME`, `DESCRIPTION`, `CITY_ID`, `IS_ACTIVE`, `TYPE_ID`) VALUES (3, 'Wilkinson Greens', 'Necessitatibus labore laudantium beatae praesentium. Non facilis harum in impedit. At cum ex earum voluptatem dicta voluptatum.', 3, 'Y', 3);
INSERT INTO `s_object` (`ID`, `NAME`, `DESCRIPTION`, `CITY_ID`, `IS_ACTIVE`, `TYPE_ID`) VALUES (4, 'Steuber Valley', 'Recusandae possimus voluptatem et. Velit dolor quos modi non expedita commodi. Quasi cum non labore aut voluptas. Fugiat ad cupiditate quia officiis laudantium ipsa repudiandae.', 4, 'Y', 1);
INSERT INTO `s_object` (`ID`, `NAME`, `DESCRIPTION`, `CITY_ID`, `IS_ACTIVE`, `TYPE_ID`) VALUES (5, 'Buckridge Garden', 'Voluptatem consequatur autem aperiam et officia blanditiis voluptas. Quod vel similique nihil nobis nemo eum eius. Sapiente dignissimos eos impedit officiis veniam. Aliquid ut veniam odio. Libero qui sequi voluptatem et ab.', 5, 'Y', 2);
INSERT INTO `s_object` (`ID`, `NAME`, `DESCRIPTION`, `CITY_ID`, `IS_ACTIVE`, `TYPE_ID`) VALUES (6, 'Mario Locks', 'Tempora qui placeat eos nostrum sint vel non. Autem et omnis in magni alias.', 6, 'Y', 3);
INSERT INTO `s_object` (`ID`, `NAME`, `DESCRIPTION`, `CITY_ID`, `IS_ACTIVE`, `TYPE_ID`) VALUES (7, 'Juliana Ports', 'Doloribus molestias eius reiciendis ut omnis. Magnam quibusdam expedita quibusdam aut. Quibusdam quia eum sed placeat est accusantium.', 7, 'Y', 1);
INSERT INTO `s_object` (`ID`, `NAME`, `DESCRIPTION`, `CITY_ID`, `IS_ACTIVE`, `TYPE_ID`) VALUES (8, 'Rolando Circle', 'Magni iusto quo ex error illo enim nam eveniet. Veniam itaque consequuntur facere ipsam tenetur at totam. Ex dolore qui enim vero ipsum magnam nihil pariatur. Eligendi ut facilis provident accusantium.', 8, 'Y', 2);
INSERT INTO `s_object` (`ID`, `NAME`, `DESCRIPTION`, `CITY_ID`, `IS_ACTIVE`, `TYPE_ID`) VALUES (9, 'Sylvester Drive', 'Esse facilis ratione aut assumenda qui itaque provident. Alias est libero aliquid nobis. Dolorem nobis enim maxime in enim qui. Quia qui nemo ratione iusto.', 9, 'Y', 3);
INSERT INTO `s_object` (`ID`, `NAME`, `DESCRIPTION`, `CITY_ID`, `IS_ACTIVE`, `TYPE_ID`) VALUES (10, 'Kerluke Turnpike', 'Impedit saepe ad dignissimos ipsa ad. Repellat cupiditate rerum itaque. Veniam hic quae et ipsam non.', 10, 'Y', 1);
INSERT INTO `s_object` (`ID`, `NAME`, `DESCRIPTION`, `CITY_ID`, `IS_ACTIVE`, `TYPE_ID`) VALUES (11, 'Terrell Way', 'Corporis aperiam quam consequatur. Dolor aperiam et nihil omnis delectus. Iure voluptates totam rerum.', 11, 'Y', 2);
INSERT INTO `s_object` (`ID`, `NAME`, `DESCRIPTION`, `CITY_ID`, `IS_ACTIVE`, `TYPE_ID`) VALUES (12, 'Glover Keys', 'Ad nesciunt quod enim iusto laborum vero. In in ipsa nihil laborum sed sunt suscipit illo. Adipisci illo eveniet est blanditiis. Dolorum sunt deserunt et.', 12, 'Y', 3);
INSERT INTO `s_object` (`ID`, `NAME`, `DESCRIPTION`, `CITY_ID`, `IS_ACTIVE`, `TYPE_ID`) VALUES (13, 'Roma Mill', 'Temporibus a molestiae in animi laboriosam adipisci similique. Non sint recusandae eos reiciendis qui omnis beatae. Aut distinctio mollitia vel. Totam adipisci et fugiat possimus modi illum.', 13, 'Y', 1);
INSERT INTO `s_object` (`ID`, `NAME`, `DESCRIPTION`, `CITY_ID`, `IS_ACTIVE`, `TYPE_ID`) VALUES (14, 'Melvina Inlet', 'Amet inventore nobis autem. Ab totam earum minus laudantium. Quam architecto praesentium iusto illum aliquam ad.', 14, 'Y', 2);
INSERT INTO `s_object` (`ID`, `NAME`, `DESCRIPTION`, `CITY_ID`, `IS_ACTIVE`, `TYPE_ID`) VALUES (15, 'Alvina Forks', 'Quo nesciunt distinctio similique velit doloremque nihil eos ab. Aut placeat aliquid in mollitia rem aspernatur. Aut ut aliquam nihil aut dolorem. Officia earum consequatur velit et dolor repudiandae quis.', 15, 'Y', 3);
INSERT INTO `s_object` (`ID`, `NAME`, `DESCRIPTION`, `CITY_ID`, `IS_ACTIVE`, `TYPE_ID`) VALUES (16, 'Maryse Fort', 'Rem eaque distinctio nostrum vero non in eius. Voluptatem sint eum quia distinctio occaecati quasi.', 16, 'Y', 1);
INSERT INTO `s_object` (`ID`, `NAME`, `DESCRIPTION`, `CITY_ID`, `IS_ACTIVE`, `TYPE_ID`) VALUES (17, 'Angel Rapid', 'Esse et unde nihil. Numquam aut quis odio esse. Perspiciatis molestias ea id qui.', 17, 'Y', 2);
INSERT INTO `s_object` (`ID`, `NAME`, `DESCRIPTION`, `CITY_ID`, `IS_ACTIVE`, `TYPE_ID`) VALUES (18, 'O\'Keefe Squares', 'Aut voluptas nesciunt recusandae quia sunt. Nemo nesciunt quis dolorem commodi. Nulla minus possimus hic quisquam rerum saepe dolor. Non magnam molestiae dignissimos eius aut veritatis.', 18, 'Y', 3);
INSERT INTO `s_object` (`ID`, `NAME`, `DESCRIPTION`, `CITY_ID`, `IS_ACTIVE`, `TYPE_ID`) VALUES (19, 'Cecile Ports', 'Cumque sit voluptatum aspernatur officiis. Nisi error quam ut soluta exercitationem. Aut commodi fugit blanditiis totam.', 19, 'Y', 1);
INSERT INTO `s_object` (`ID`, `NAME`, `DESCRIPTION`, `CITY_ID`, `IS_ACTIVE`, `TYPE_ID`) VALUES (20, 'Jazmyne Rapid', 'Explicabo a aut et vel. Nam saepe ut sequi incidunt quis omnis ea. Reprehenderit facere voluptatem rerum tenetur.', 20, 'Y', 2);
INSERT INTO `s_object` (`ID`, `NAME`, `DESCRIPTION`, `CITY_ID`, `IS_ACTIVE`, `TYPE_ID`) VALUES (21, 'Jakubowski Harbor', 'Laudantium odit qui porro sit. Odio impedit eveniet nihil aliquid. Molestiae nam perspiciatis ea iusto dolor sed. Occaecati accusantium eligendi nemo necessitatibus et eum.', 21, 'Y', 3);
INSERT INTO `s_object` (`ID`, `NAME`, `DESCRIPTION`, `CITY_ID`, `IS_ACTIVE`, `TYPE_ID`) VALUES (22, 'O\'Keefe Club', 'Incidunt dicta nam vel atque. Sed ratione autem sunt libero illo. Facere eos deserunt vel incidunt vel id.', 22, 'Y', 1);
INSERT INTO `s_object` (`ID`, `NAME`, `DESCRIPTION`, `CITY_ID`, `IS_ACTIVE`, `TYPE_ID`) VALUES (23, 'Kassulke Junctions', 'Velit beatae minima fugiat non. Cumque provident et unde sed.', 23, 'Y', 2);
INSERT INTO `s_object` (`ID`, `NAME`, `DESCRIPTION`, `CITY_ID`, `IS_ACTIVE`, `TYPE_ID`) VALUES (24, 'Johnathon Run', 'Sit et doloribus alias reprehenderit perferendis mollitia aliquid ut. Dolorum minus accusantium nulla. Voluptatum explicabo repudiandae saepe saepe quae accusantium.', 24, 'Y', 3);
INSERT INTO `s_object` (`ID`, `NAME`, `DESCRIPTION`, `CITY_ID`, `IS_ACTIVE`, `TYPE_ID`) VALUES (25, 'Gardner River', 'Assumenda incidunt maiores omnis omnis aliquid nulla eos. Cumque suscipit voluptas cum itaque. Earum iste possimus eum sit inventore placeat.', 25, 'Y', 1);
INSERT INTO `s_object` (`ID`, `NAME`, `DESCRIPTION`, `CITY_ID`, `IS_ACTIVE`, `TYPE_ID`) VALUES (26, 'Moen Rue', 'Numquam molestiae sint accusamus nulla est voluptate beatae. Sapiente et odit ducimus fugiat blanditiis fugiat. Quae rerum quos animi voluptatem. Quo voluptas quidem dolor sint molestiae sint.', 26, 'Y', 2);
INSERT INTO `s_object` (`ID`, `NAME`, `DESCRIPTION`, `CITY_ID`, `IS_ACTIVE`, `TYPE_ID`) VALUES (27, 'Milan Trafficway', 'Ex aperiam incidunt voluptates sed recusandae molestiae occaecati. Aut natus molestiae dolore qui. Quis qui quisquam exercitationem.', 27, 'Y', 3);
INSERT INTO `s_object` (`ID`, `NAME`, `DESCRIPTION`, `CITY_ID`, `IS_ACTIVE`, `TYPE_ID`) VALUES (28, 'Kovacek Track', 'Incidunt earum consequatur sequi ut incidunt non. Excepturi dolorum et consequatur. Et officiis et dolores sunt qui suscipit.', 28, 'Y', 1);
INSERT INTO `s_object` (`ID`, `NAME`, `DESCRIPTION`, `CITY_ID`, `IS_ACTIVE`, `TYPE_ID`) VALUES (29, 'Becker Road', 'Laudantium veritatis quod voluptatem quia error. Sit laborum impedit illo placeat quo. Optio laudantium dolorum sed nulla error. Cum fugit dolorem excepturi necessitatibus.', 29, 'Y', 2);
INSERT INTO `s_object` (`ID`, `NAME`, `DESCRIPTION`, `CITY_ID`, `IS_ACTIVE`, `TYPE_ID`) VALUES (30, 'Hoppe Plain', 'Ab inventore velit nam. Vitae voluptas suscipit laudantium porro. Aut aut maiores id et est.', 30, 'Y', 3);
INSERT INTO `s_object` (`ID`, `NAME`, `DESCRIPTION`, `CITY_ID`, `IS_ACTIVE`, `TYPE_ID`) VALUES (31, 'Ericka Causeway', 'Voluptatem quos neque iste libero. Non ut officiis hic facilis sit voluptatem. Quasi ea ex facere. Aut nesciunt fugit odio odio repudiandae ut dolor.', 31, 'Y', 1);
INSERT INTO `s_object` (`ID`, `NAME`, `DESCRIPTION`, `CITY_ID`, `IS_ACTIVE`, `TYPE_ID`) VALUES (32, 'Volkman Underpass', 'Quisquam ipsa velit totam esse. Adipisci quisquam laboriosam id aut odit nemo. Provident natus et ut voluptatum. Rerum amet aperiam animi et soluta.', 32, 'Y', 2);
INSERT INTO `s_object` (`ID`, `NAME`, `DESCRIPTION`, `CITY_ID`, `IS_ACTIVE`, `TYPE_ID`) VALUES (33, 'Christophe Falls', 'Expedita tempore ea repellendus rem accusamus. Exercitationem mollitia iste pariatur sed et. Non distinctio quo quia ut consequatur qui eveniet neque. Est perferendis et impedit incidunt aut minima.', 33, 'Y', 3);
INSERT INTO `s_object` (`ID`, `NAME`, `DESCRIPTION`, `CITY_ID`, `IS_ACTIVE`, `TYPE_ID`) VALUES (34, 'Ruecker Trail', 'Rerum nisi quia explicabo sed. Itaque tenetur et nulla enim. Recusandae eum officiis quisquam ut asperiores reiciendis. Suscipit sint totam sit.', 34, 'Y', 1);
INSERT INTO `s_object` (`ID`, `NAME`, `DESCRIPTION`, `CITY_ID`, `IS_ACTIVE`, `TYPE_ID`) VALUES (35, 'Sipes Overpass', 'Nostrum et iusto quibusdam quam voluptatum. Repellendus delectus est aperiam odio maiores voluptas est. Fuga aut dolor temporibus id qui vitae.', 35, 'Y', 2);
INSERT INTO `s_object` (`ID`, `NAME`, `DESCRIPTION`, `CITY_ID`, `IS_ACTIVE`, `TYPE_ID`) VALUES (36, 'Walsh Meadows', 'Sapiente sequi perspiciatis vitae delectus impedit illo. Sed perferendis numquam sequi. Ratione quasi eius maiores sed accusamus mollitia veritatis. Reiciendis unde quos nostrum inventore sunt explicabo.', 36, 'Y', 3);
INSERT INTO `s_object` (`ID`, `NAME`, `DESCRIPTION`, `CITY_ID`, `IS_ACTIVE`, `TYPE_ID`) VALUES (37, 'Keebler Orchard', 'Sit accusantium minus earum quia eum enim aliquam. Laborum id aut sapiente atque consequatur. Minima voluptatem aut ipsa qui.', 37, 'Y', 1);
INSERT INTO `s_object` (`ID`, `NAME`, `DESCRIPTION`, `CITY_ID`, `IS_ACTIVE`, `TYPE_ID`) VALUES (38, 'Reichel Canyon', 'Ut aut velit eveniet aliquid non soluta ea a. Ea quod nostrum optio est. Fugiat voluptatem aut quia.', 38, 'Y', 2);
INSERT INTO `s_object` (`ID`, `NAME`, `DESCRIPTION`, `CITY_ID`, `IS_ACTIVE`, `TYPE_ID`) VALUES (39, 'Oma Islands', 'Assumenda harum delectus non ut maiores vero ex amet. Vero non voluptas rerum quia qui iusto. Qui voluptate sint et magnam.', 39, 'Y', 3);
INSERT INTO `s_object` (`ID`, `NAME`, `DESCRIPTION`, `CITY_ID`, `IS_ACTIVE`, `TYPE_ID`) VALUES (40, 'Hildegard Camp', 'Autem illo nihil et vero sapiente. Velit qui velit aspernatur omnis. Consectetur atque facilis quia omnis velit eveniet doloribus.', 40, 'Y', 1);
INSERT INTO `s_object` (`ID`, `NAME`, `DESCRIPTION`, `CITY_ID`, `IS_ACTIVE`, `TYPE_ID`) VALUES (41, 'Ariel Union', 'Labore atque quod dolore nobis corporis aliquid. In quasi et quos repellendus. Quisquam doloremque nostrum veniam consequuntur veniam aut.', 41, 'Y', 2);
INSERT INTO `s_object` (`ID`, `NAME`, `DESCRIPTION`, `CITY_ID`, `IS_ACTIVE`, `TYPE_ID`) VALUES (42, 'Dixie Street', 'Provident et quo non quod ut et. Aut unde sit amet non animi iure. Labore quidem aut velit ab voluptas reiciendis facere. At reprehenderit aliquid nisi ratione laborum voluptas.', 42, 'Y', 3);
INSERT INTO `s_object` (`ID`, `NAME`, `DESCRIPTION`, `CITY_ID`, `IS_ACTIVE`, `TYPE_ID`) VALUES (43, 'Kristoffer Points', 'Magnam et deserunt sed cumque possimus dolor accusantium. Deserunt consequatur dolorem sequi excepturi modi. Quod sapiente velit alias sed dolore distinctio. Dolores eum corrupti voluptate fugiat nihil.', 43, 'Y', 1);
INSERT INTO `s_object` (`ID`, `NAME`, `DESCRIPTION`, `CITY_ID`, `IS_ACTIVE`, `TYPE_ID`) VALUES (44, 'Runolfsdottir Village', 'Est maxime et asperiores doloribus in totam. Earum eos ea voluptatem quae repudiandae. Voluptas mollitia sed eius error perferendis in tempora. Animi culpa non quo illo.', 44, 'Y', 2);
INSERT INTO `s_object` (`ID`, `NAME`, `DESCRIPTION`, `CITY_ID`, `IS_ACTIVE`, `TYPE_ID`) VALUES (45, 'Paucek Manors', 'Eos in et molestias nam hic corrupti. Fugiat porro unde occaecati. Quas quia eligendi blanditiis autem placeat. Nam pariatur ea et fuga ea fugit.', 45, 'Y', 3);
INSERT INTO `s_object` (`ID`, `NAME`, `DESCRIPTION`, `CITY_ID`, `IS_ACTIVE`, `TYPE_ID`) VALUES (46, 'Kovacek Greens', 'Quis qui sit sit dolorem corporis saepe. Voluptates nobis omnis qui fuga omnis eum impedit quia. Dolorum sit dolorem atque quam. Assumenda voluptatem consequuntur eos. Aspernatur voluptatum magnam deleniti.', 46, 'Y', 1);
INSERT INTO `s_object` (`ID`, `NAME`, `DESCRIPTION`, `CITY_ID`, `IS_ACTIVE`, `TYPE_ID`) VALUES (47, 'Christophe Orchard', 'Sed perferendis ullam enim quod recusandae. Rem ullam nobis molestiae debitis voluptatem. Praesentium suscipit pariatur molestiae tempora.', 47, 'Y', 2);
INSERT INTO `s_object` (`ID`, `NAME`, `DESCRIPTION`, `CITY_ID`, `IS_ACTIVE`, `TYPE_ID`) VALUES (48, 'Justine Vista', 'Magni eum voluptatum in eius natus perferendis qui. Quibusdam labore necessitatibus sed similique quam. Officiis repudiandae voluptate aperiam.', 48, 'Y', 3);
INSERT INTO `s_object` (`ID`, `NAME`, `DESCRIPTION`, `CITY_ID`, `IS_ACTIVE`, `TYPE_ID`) VALUES (49, 'Greta Radial', 'Et qui quo nisi architecto beatae numquam. Eligendi autem fuga nihil. Autem nemo vero occaecati omnis id maiores beatae. Inventore dolor voluptas cupiditate ratione.', 49, 'Y', 1);
INSERT INTO `s_object` (`ID`, `NAME`, `DESCRIPTION`, `CITY_ID`, `IS_ACTIVE`, `TYPE_ID`) VALUES (50, 'Roxanne Street', 'Sed eaque enim consequatur sunt eum officia. Quia sequi rem nam quisquam necessitatibus aspernatur. Molestias quo dignissimos voluptatibus officia voluptatibus sit dolorum exercitationem. Non aut amet accusantium odio.', 50, 'Y', 2);
INSERT INTO `s_object` (`ID`, `NAME`, `DESCRIPTION`, `CITY_ID`, `IS_ACTIVE`, `TYPE_ID`) VALUES (51, 'Sharon Squares', 'Adipisci velit enim et molestias delectus velit. Autem officia officiis maxime consequuntur. Praesentium autem magni aliquam illo. Et quidem aut provident ipsa.', 51, 'Y', 3);
INSERT INTO `s_object` (`ID`, `NAME`, `DESCRIPTION`, `CITY_ID`, `IS_ACTIVE`, `TYPE_ID`) VALUES (52, 'Cathrine Park', 'Dolores non laborum laborum consequuntur. Sunt sequi rerum velit autem. Molestiae voluptas quam corrupti qui.', 52, 'Y', 1);
INSERT INTO `s_object` (`ID`, `NAME`, `DESCRIPTION`, `CITY_ID`, `IS_ACTIVE`, `TYPE_ID`) VALUES (53, 'Lester Spurs', 'Deserunt et ex repudiandae sed officiis nostrum aut. Reprehenderit qui atque modi dolorem nobis doloremque sed. Et est sunt molestiae unde velit dolore. Rerum commodi at illum ducimus et maxime asperiores.', 53, 'Y', 2);
INSERT INTO `s_object` (`ID`, `NAME`, `DESCRIPTION`, `CITY_ID`, `IS_ACTIVE`, `TYPE_ID`) VALUES (54, 'Lowe Drives', 'Placeat sed pariatur tempore nobis. Hic quo molestias sint vel autem. Ea voluptatem officia dolorum labore. Dicta ea ex maiores et consequuntur. Modi non voluptatibus sunt tenetur laborum facilis illum.', 54, 'Y', 3);
INSERT INTO `s_object` (`ID`, `NAME`, `DESCRIPTION`, `CITY_ID`, `IS_ACTIVE`, `TYPE_ID`) VALUES (55, 'Orn Burgs', 'Pariatur ut omnis deserunt natus eum nemo. Omnis vel voluptatum beatae sed natus. Dolorem quis adipisci tempore deserunt ut dolorem rerum a. Similique et voluptas alias quibusdam hic et.', 55, 'Y', 1);
INSERT INTO `s_object` (`ID`, `NAME`, `DESCRIPTION`, `CITY_ID`, `IS_ACTIVE`, `TYPE_ID`) VALUES (56, 'Kenyon Via', 'Consequatur nihil ut est quod voluptatum cupiditate. A recusandae minus molestiae aliquam delectus est. Quos libero natus aut quia voluptatem eius. Sint itaque rerum nostrum error sed maxime. Perspiciatis sed minus consequatur error qui magni.', 56, 'Y', 2);
INSERT INTO `s_object` (`ID`, `NAME`, `DESCRIPTION`, `CITY_ID`, `IS_ACTIVE`, `TYPE_ID`) VALUES (57, 'Veum Throughway', 'Aliquid non nihil culpa. Libero quae maiores praesentium et temporibus et. Labore ut necessitatibus atque repellat. At quibusdam autem culpa eos voluptates quia.', 57, 'Y', 3);
INSERT INTO `s_object` (`ID`, `NAME`, `DESCRIPTION`, `CITY_ID`, `IS_ACTIVE`, `TYPE_ID`) VALUES (58, 'Schumm Loop', 'Mollitia non rerum porro sed delectus esse perferendis. Voluptates mollitia beatae ad dolore.', 58, 'Y', 1);
INSERT INTO `s_object` (`ID`, `NAME`, `DESCRIPTION`, `CITY_ID`, `IS_ACTIVE`, `TYPE_ID`) VALUES (59, 'Pacocha Club', 'Est dolorem rerum odio minus. Aut dolor reiciendis et blanditiis. Animi pariatur voluptatum id soluta autem voluptatum dicta.', 59, 'Y', 2);
INSERT INTO `s_object` (`ID`, `NAME`, `DESCRIPTION`, `CITY_ID`, `IS_ACTIVE`, `TYPE_ID`) VALUES (60, 'Mante Road', 'Voluptatem qui minus et dolorem qui quia rem magni. Enim autem ea similique officia modi. Ea et incidunt autem rerum.', 60, 'Y', 3);
INSERT INTO `s_object` (`ID`, `NAME`, `DESCRIPTION`, `CITY_ID`, `IS_ACTIVE`, `TYPE_ID`) VALUES (61, 'Theresia Circle', 'Recusandae molestiae qui autem nemo rem laborum. Non nihil libero exercitationem consequatur ipsa aperiam. Est perspiciatis voluptate neque dolorem ut.', 61, 'Y', 1);
INSERT INTO `s_object` (`ID`, `NAME`, `DESCRIPTION`, `CITY_ID`, `IS_ACTIVE`, `TYPE_ID`) VALUES (62, 'Maggio Bridge', 'Quas placeat quod recusandae sapiente et. Quia et omnis incidunt enim ab reiciendis temporibus. Officia consequuntur aspernatur voluptates recusandae. Vel et nisi dolore minima nemo.', 62, 'Y', 2);
INSERT INTO `s_object` (`ID`, `NAME`, `DESCRIPTION`, `CITY_ID`, `IS_ACTIVE`, `TYPE_ID`) VALUES (63, 'Lenny Path', 'Nemo molestias sequi explicabo doloribus occaecati reprehenderit rerum. Magni doloribus repellat aliquam dolores tempore. Ut sunt quia molestiae voluptates quae. Itaque vel cumque iusto doloribus modi. Animi voluptas sed suscipit est ex quis earum.', 63, 'Y', 3);
INSERT INTO `s_object` (`ID`, `NAME`, `DESCRIPTION`, `CITY_ID`, `IS_ACTIVE`, `TYPE_ID`) VALUES (64, 'Boyer Junctions', 'Dolores aut voluptatem vel dolor accusantium ut deleniti quia. Ab amet dicta est quasi quisquam. Eius voluptate voluptatem et qui. Eum sed excepturi repudiandae accusantium quasi culpa id.', 64, 'Y', 1);
INSERT INTO `s_object` (`ID`, `NAME`, `DESCRIPTION`, `CITY_ID`, `IS_ACTIVE`, `TYPE_ID`) VALUES (65, 'Gorczany Ranch', 'In blanditiis sed qui et enim recusandae aut. Unde beatae excepturi consequatur aperiam sunt aperiam est laudantium. Sunt deleniti molestiae quo fuga voluptas. In eligendi voluptas culpa explicabo qui distinctio.', 65, 'Y', 2);
INSERT INTO `s_object` (`ID`, `NAME`, `DESCRIPTION`, `CITY_ID`, `IS_ACTIVE`, `TYPE_ID`) VALUES (66, 'McClure Well', 'Nihil ex non deleniti quas consectetur rerum sunt nobis. Voluptas id nisi tenetur ea blanditiis cum fugiat ut.', 66, 'Y', 3);
INSERT INTO `s_object` (`ID`, `NAME`, `DESCRIPTION`, `CITY_ID`, `IS_ACTIVE`, `TYPE_ID`) VALUES (67, 'Berge Roads', 'Consequatur nesciunt non reprehenderit est sunt quia asperiores. Voluptatem impedit cupiditate voluptatum dolores.', 67, 'Y', 1);
INSERT INTO `s_object` (`ID`, `NAME`, `DESCRIPTION`, `CITY_ID`, `IS_ACTIVE`, `TYPE_ID`) VALUES (68, 'Stamm Lake', 'Aut quod vel voluptas esse magni totam et. Sit officiis blanditiis eos quos sed earum autem.', 68, 'Y', 2);
INSERT INTO `s_object` (`ID`, `NAME`, `DESCRIPTION`, `CITY_ID`, `IS_ACTIVE`, `TYPE_ID`) VALUES (69, 'Flatley Manor', 'Sunt mollitia excepturi non. Ex adipisci aliquam aut expedita repellendus ipsam. Qui et repellendus eos quo perferendis.', 69, 'Y', 3);
INSERT INTO `s_object` (`ID`, `NAME`, `DESCRIPTION`, `CITY_ID`, `IS_ACTIVE`, `TYPE_ID`) VALUES (70, 'Deckow Creek', 'Enim explicabo ut asperiores architecto est ducimus quibusdam. Dolorem quia nobis ad officiis aut. Quis quibusdam harum quaerat.', 70, 'Y', 1);
INSERT INTO `s_object` (`ID`, `NAME`, `DESCRIPTION`, `CITY_ID`, `IS_ACTIVE`, `TYPE_ID`) VALUES (71, 'Rowe Villages', 'Suscipit quis ad earum et omnis. Porro voluptatem repellat doloremque quis numquam vel molestiae fuga.', 71, 'Y', 2);
INSERT INTO `s_object` (`ID`, `NAME`, `DESCRIPTION`, `CITY_ID`, `IS_ACTIVE`, `TYPE_ID`) VALUES (72, 'Felicita Brooks', 'Qui adipisci temporibus architecto velit temporibus eveniet. Culpa voluptas consectetur alias dolore voluptatem. Soluta praesentium quis dolorem libero. Perspiciatis quam et animi mollitia quam.', 72, 'Y', 3);
INSERT INTO `s_object` (`ID`, `NAME`, `DESCRIPTION`, `CITY_ID`, `IS_ACTIVE`, `TYPE_ID`) VALUES (73, 'Ward Canyon', 'Nostrum eligendi accusamus aut qui voluptatibus vitae aliquam. Est enim veniam odit ea aliquid. Fugit dolores mollitia dolor enim. Consequatur ut omnis aut quo quae dolor et.', 73, 'Y', 1);
INSERT INTO `s_object` (`ID`, `NAME`, `DESCRIPTION`, `CITY_ID`, `IS_ACTIVE`, `TYPE_ID`) VALUES (74, 'Jamar Vista', 'Ullam sunt voluptatem facilis. Fugiat autem dolor nihil ex blanditiis fugiat illo. Explicabo praesentium minus quidem inventore quasi sint quia.', 74, 'Y', 2);
INSERT INTO `s_object` (`ID`, `NAME`, `DESCRIPTION`, `CITY_ID`, `IS_ACTIVE`, `TYPE_ID`) VALUES (75, 'Bruce Station', 'Et dolores ut minus maiores distinctio. Dolore maiores voluptas et aspernatur et. Ea fugit fuga sed rerum.', 75, 'Y', 3);
INSERT INTO `s_object` (`ID`, `NAME`, `DESCRIPTION`, `CITY_ID`, `IS_ACTIVE`, `TYPE_ID`) VALUES (76, 'Von Pine', 'Eos laborum est reprehenderit quibusdam nesciunt. Minus eligendi impedit necessitatibus qui dolorum. Perferendis qui quia asperiores eum. Iusto pariatur nisi veniam id repellendus.', 76, 'Y', 1);
INSERT INTO `s_object` (`ID`, `NAME`, `DESCRIPTION`, `CITY_ID`, `IS_ACTIVE`, `TYPE_ID`) VALUES (77, 'Green Mountain', 'Ea sit ea necessitatibus sed sint. Quis tenetur voluptatem quia cum provident autem. Eum ducimus consequatur aliquam et sint. Dignissimos laboriosam neque voluptatem nihil nobis ullam.', 77, 'Y', 2);
INSERT INTO `s_object` (`ID`, `NAME`, `DESCRIPTION`, `CITY_ID`, `IS_ACTIVE`, `TYPE_ID`) VALUES (78, 'Fahey Loop', 'Quam ducimus ducimus fugit et. Et aut voluptates distinctio qui similique placeat alias nesciunt. Vitae reprehenderit dolores est voluptas.', 78, 'Y', 3);
INSERT INTO `s_object` (`ID`, `NAME`, `DESCRIPTION`, `CITY_ID`, `IS_ACTIVE`, `TYPE_ID`) VALUES (79, 'Hayes Inlet', 'Et dolor deserunt dolores velit magnam ratione. Impedit eos voluptatum perferendis distinctio culpa quia. Adipisci praesentium ut consequatur debitis.', 79, 'Y', 1);
INSERT INTO `s_object` (`ID`, `NAME`, `DESCRIPTION`, `CITY_ID`, `IS_ACTIVE`, `TYPE_ID`) VALUES (80, 'Claudine Curve', 'Dicta magnam nesciunt laudantium. Non veritatis in dolores cum. Aliquam id sint ipsum distinctio dolores voluptatem. Laudantium nam similique eveniet et aut ducimus ipsam dolor.', 80, 'Y', 2);
INSERT INTO `s_object` (`ID`, `NAME`, `DESCRIPTION`, `CITY_ID`, `IS_ACTIVE`, `TYPE_ID`) VALUES (81, 'Von Grove', 'Soluta molestiae enim expedita aperiam qui dolorem alias. Omnis molestias cupiditate et ad ipsum. Corporis labore facilis qui dolore qui. Iusto mollitia quia placeat.', 81, 'Y', 3);
INSERT INTO `s_object` (`ID`, `NAME`, `DESCRIPTION`, `CITY_ID`, `IS_ACTIVE`, `TYPE_ID`) VALUES (82, 'Wiegand Oval', 'Enim fugiat sed consequatur a voluptates earum voluptatem. Sint odio nulla sunt optio officia unde. Dolorum occaecati eos vero molestiae nobis excepturi doloremque.', 82, 'Y', 1);
INSERT INTO `s_object` (`ID`, `NAME`, `DESCRIPTION`, `CITY_ID`, `IS_ACTIVE`, `TYPE_ID`) VALUES (83, 'Brant Ridge', 'Sit nesciunt ea quis et. Provident iure optio labore odit nihil non sint. Dolores deserunt maxime voluptates omnis qui voluptas. Perspiciatis rerum necessitatibus est nesciunt possimus magni quidem.', 83, 'Y', 2);
INSERT INTO `s_object` (`ID`, `NAME`, `DESCRIPTION`, `CITY_ID`, `IS_ACTIVE`, `TYPE_ID`) VALUES (84, 'Ethan Plains', 'Eos mollitia quidem sit et quae rerum totam. Qui voluptates reiciendis doloribus asperiores libero. Odit illum ipsam odit tenetur harum. Eaque inventore et in nihil temporibus voluptatem.', 84, 'Y', 3);
INSERT INTO `s_object` (`ID`, `NAME`, `DESCRIPTION`, `CITY_ID`, `IS_ACTIVE`, `TYPE_ID`) VALUES (85, 'Nikolaus Summit', 'In quo non quasi est. Porro voluptatem eos tempora. Culpa provident incidunt aspernatur.', 85, 'Y', 1);
INSERT INTO `s_object` (`ID`, `NAME`, `DESCRIPTION`, `CITY_ID`, `IS_ACTIVE`, `TYPE_ID`) VALUES (86, 'Alysson Circle', 'Voluptates rerum iure explicabo dolore suscipit qui tempora quo. Sunt sint velit fugit doloribus sequi. Id alias voluptatem fugit at ab voluptatem. Quisquam maxime pariatur aperiam ut sed sapiente. Eum ipsa qui ex repudiandae voluptatem veritatis similique.', 86, 'Y', 2);
INSERT INTO `s_object` (`ID`, `NAME`, `DESCRIPTION`, `CITY_ID`, `IS_ACTIVE`, `TYPE_ID`) VALUES (87, 'Roosevelt Landing', 'Ab voluptatem corrupti deserunt vitae similique quod. Molestias fuga omnis asperiores non eum. Eum sint qui commodi ut a.', 87, 'Y', 3);
INSERT INTO `s_object` (`ID`, `NAME`, `DESCRIPTION`, `CITY_ID`, `IS_ACTIVE`, `TYPE_ID`) VALUES (88, 'Stroman Road', 'In dolores saepe ratione. Voluptas laudantium dicta in dolore a laboriosam. Accusantium et et vitae nisi. Dolores error quo facere quae dolore saepe.', 88, 'Y', 1);
INSERT INTO `s_object` (`ID`, `NAME`, `DESCRIPTION`, `CITY_ID`, `IS_ACTIVE`, `TYPE_ID`) VALUES (89, 'Hilpert Falls', 'Velit necessitatibus commodi totam. Omnis alias ipsa quisquam.', 89, 'Y', 2);
INSERT INTO `s_object` (`ID`, `NAME`, `DESCRIPTION`, `CITY_ID`, `IS_ACTIVE`, `TYPE_ID`) VALUES (90, 'Lonie View', 'Est asperiores dolor commodi. Maiores qui quod quia dolorem distinctio voluptatum fugiat voluptatibus. Est fugit possimus consequatur esse nisi id qui aut. Provident nihil saepe minima adipisci et sit.', 90, 'Y', 3);
INSERT INTO `s_object` (`ID`, `NAME`, `DESCRIPTION`, `CITY_ID`, `IS_ACTIVE`, `TYPE_ID`) VALUES (91, 'Sharon Flat', 'Qui impedit eum sit nulla pariatur voluptatem. Eos commodi inventore ullam sunt consectetur voluptatem commodi. Nulla voluptatem eos ullam vitae aut impedit sint.', 91, 'Y', 1);
INSERT INTO `s_object` (`ID`, `NAME`, `DESCRIPTION`, `CITY_ID`, `IS_ACTIVE`, `TYPE_ID`) VALUES (92, 'Urban Fall', 'Autem et sint impedit voluptas alias porro. Veniam quo laborum consequatur aut voluptatibus sed. Nostrum nihil et incidunt et veritatis recusandae.', 92, 'Y', 2);
INSERT INTO `s_object` (`ID`, `NAME`, `DESCRIPTION`, `CITY_ID`, `IS_ACTIVE`, `TYPE_ID`) VALUES (93, 'Millie Dam', 'Sapiente aut eos in voluptatem odio debitis. Illum quia illo quibusdam maiores. Reprehenderit aut quam modi mollitia et velit minus.', 93, 'Y', 3);
INSERT INTO `s_object` (`ID`, `NAME`, `DESCRIPTION`, `CITY_ID`, `IS_ACTIVE`, `TYPE_ID`) VALUES (94, 'King Streets', 'Quia nihil voluptatibus qui nostrum. Perferendis suscipit quis dolor. Alias ducimus vel consequatur ad. Error eum assumenda maxime voluptatem vel odio.', 94, 'Y', 1);
INSERT INTO `s_object` (`ID`, `NAME`, `DESCRIPTION`, `CITY_ID`, `IS_ACTIVE`, `TYPE_ID`) VALUES (95, 'Hagenes Summit', 'Voluptas laborum officia reprehenderit dolore ex quis. Earum consequatur voluptate enim et quia explicabo voluptatem occaecati. Facere libero incidunt excepturi repudiandae natus repudiandae cum.', 95, 'Y', 2);
INSERT INTO `s_object` (`ID`, `NAME`, `DESCRIPTION`, `CITY_ID`, `IS_ACTIVE`, `TYPE_ID`) VALUES (96, 'Gutkowski Bridge', 'Voluptatum corporis velit voluptatibus alias et. Maiores eaque nulla eum totam. Maxime sit qui illum architecto. Corrupti eveniet laborum est.', 96, 'Y', 3);
INSERT INTO `s_object` (`ID`, `NAME`, `DESCRIPTION`, `CITY_ID`, `IS_ACTIVE`, `TYPE_ID`) VALUES (97, 'Dameon Parkways', 'Consequatur quia consequuntur velit harum adipisci. Magni laborum qui libero sint aspernatur. Quis dolor adipisci eveniet et.', 97, 'Y', 1);
INSERT INTO `s_object` (`ID`, `NAME`, `DESCRIPTION`, `CITY_ID`, `IS_ACTIVE`, `TYPE_ID`) VALUES (98, 'Eloise Path', 'Et dolores neque labore eveniet ipsam fuga non. Rerum ipsum ut cupiditate sunt nemo et fuga deserunt. Exercitationem cum quibusdam quis quia ut.', 98, 'Y', 2);
INSERT INTO `s_object` (`ID`, `NAME`, `DESCRIPTION`, `CITY_ID`, `IS_ACTIVE`, `TYPE_ID`) VALUES (99, 'Douglas Road', 'Quidem recusandae aut laborum facilis. Sint commodi labore nam quam totam id.', 99, 'Y', 3);
INSERT INTO `s_object` (`ID`, `NAME`, `DESCRIPTION`, `CITY_ID`, `IS_ACTIVE`, `TYPE_ID`) VALUES (100, 'Price Cliff', 'Officiis reprehenderit a nihil ipsum magni. Maiores qui praesentium sint sint impedit numquam ratione ipsam. Recusandae aut unde molestiae excepturi non.', 100, 'Y', 1);


#
# TABLE STRUCTURE FOR: s_contract
#

INSERT INTO `s_contract` (`ID`, `OBJECT_ID`, `OWNER_ID`, `DATE_START`, `DATE_END`, `SUM`) VALUES (1, 29, 27, '1987-04-21', '1978-05-11', 192921);
INSERT INTO `s_contract` (`ID`, `OBJECT_ID`, `OWNER_ID`, `DATE_START`, `DATE_END`, `SUM`) VALUES (2, 88, 40, '1995-05-02', '2005-09-17', 53957);
INSERT INTO `s_contract` (`ID`, `OBJECT_ID`, `OWNER_ID`, `DATE_START`, `DATE_END`, `SUM`) VALUES (3, 32, 50, '2005-04-24', '1988-09-06', 220635);
INSERT INTO `s_contract` (`ID`, `OBJECT_ID`, `OWNER_ID`, `DATE_START`, `DATE_END`, `SUM`) VALUES (4, 40, 39, '1989-01-22', '1990-04-25', 40115);
INSERT INTO `s_contract` (`ID`, `OBJECT_ID`, `OWNER_ID`, `DATE_START`, `DATE_END`, `SUM`) VALUES (5, 6, 47, '1986-07-19', '2014-11-25', 46942);
INSERT INTO `s_contract` (`ID`, `OBJECT_ID`, `OWNER_ID`, `DATE_START`, `DATE_END`, `SUM`) VALUES (6, 65, 33, '1993-05-23', '1987-04-30', 107830);
INSERT INTO `s_contract` (`ID`, `OBJECT_ID`, `OWNER_ID`, `DATE_START`, `DATE_END`, `SUM`) VALUES (7, 88, 45, '2000-06-18', '1979-01-15', 77557);
INSERT INTO `s_contract` (`ID`, `OBJECT_ID`, `OWNER_ID`, `DATE_START`, `DATE_END`, `SUM`) VALUES (8, 58, 26, '1989-12-11', '1985-09-19', 115277);
INSERT INTO `s_contract` (`ID`, `OBJECT_ID`, `OWNER_ID`, `DATE_START`, `DATE_END`, `SUM`) VALUES (9, 48, 10, '1981-02-13', '2001-05-07', 159893);
INSERT INTO `s_contract` (`ID`, `OBJECT_ID`, `OWNER_ID`, `DATE_START`, `DATE_END`, `SUM`) VALUES (10, 17, 48, '1970-10-20', '1995-05-29', 225920);
INSERT INTO `s_contract` (`ID`, `OBJECT_ID`, `OWNER_ID`, `DATE_START`, `DATE_END`, `SUM`) VALUES (11, 13, 2, '2010-08-11', '1976-06-18', 69528);
INSERT INTO `s_contract` (`ID`, `OBJECT_ID`, `OWNER_ID`, `DATE_START`, `DATE_END`, `SUM`) VALUES (12, 53, 8, '2012-12-23', '2003-03-30', 96932);
INSERT INTO `s_contract` (`ID`, `OBJECT_ID`, `OWNER_ID`, `DATE_START`, `DATE_END`, `SUM`) VALUES (13, 18, 31, '1974-02-01', '1993-04-14', 56486);
INSERT INTO `s_contract` (`ID`, `OBJECT_ID`, `OWNER_ID`, `DATE_START`, `DATE_END`, `SUM`) VALUES (14, 46, 3, '1992-03-30', '2001-06-05', 123659);
INSERT INTO `s_contract` (`ID`, `OBJECT_ID`, `OWNER_ID`, `DATE_START`, `DATE_END`, `SUM`) VALUES (15, 5, 25, '1970-09-21', '2018-01-20', 135320);
INSERT INTO `s_contract` (`ID`, `OBJECT_ID`, `OWNER_ID`, `DATE_START`, `DATE_END`, `SUM`) VALUES (16, 33, 17, '1986-03-17', '1995-05-23', 134432);
INSERT INTO `s_contract` (`ID`, `OBJECT_ID`, `OWNER_ID`, `DATE_START`, `DATE_END`, `SUM`) VALUES (17, 2, 10, '1995-12-02', '2016-06-20', 32378);
INSERT INTO `s_contract` (`ID`, `OBJECT_ID`, `OWNER_ID`, `DATE_START`, `DATE_END`, `SUM`) VALUES (18, 13, 17, '2011-10-28', '1976-03-21', 66460);
INSERT INTO `s_contract` (`ID`, `OBJECT_ID`, `OWNER_ID`, `DATE_START`, `DATE_END`, `SUM`) VALUES (19, 19, 27, '2020-11-25', '2013-10-20', 127919);
INSERT INTO `s_contract` (`ID`, `OBJECT_ID`, `OWNER_ID`, `DATE_START`, `DATE_END`, `SUM`) VALUES (20, 11, 13, '1974-08-09', '1974-06-18', 244196);
INSERT INTO `s_contract` (`ID`, `OBJECT_ID`, `OWNER_ID`, `DATE_START`, `DATE_END`, `SUM`) VALUES (21, 45, 38, '2009-04-04', '1995-04-15', 68401);
INSERT INTO `s_contract` (`ID`, `OBJECT_ID`, `OWNER_ID`, `DATE_START`, `DATE_END`, `SUM`) VALUES (22, 91, 17, '2009-01-09', '2001-11-17', 122156);
INSERT INTO `s_contract` (`ID`, `OBJECT_ID`, `OWNER_ID`, `DATE_START`, `DATE_END`, `SUM`) VALUES (23, 63, 24, '1983-02-01', '1975-10-28', 161225);
INSERT INTO `s_contract` (`ID`, `OBJECT_ID`, `OWNER_ID`, `DATE_START`, `DATE_END`, `SUM`) VALUES (24, 84, 6, '2019-06-15', '2012-02-29', 52199);
INSERT INTO `s_contract` (`ID`, `OBJECT_ID`, `OWNER_ID`, `DATE_START`, `DATE_END`, `SUM`) VALUES (25, 67, 50, '1989-04-21', '1977-01-17', 117509);
INSERT INTO `s_contract` (`ID`, `OBJECT_ID`, `OWNER_ID`, `DATE_START`, `DATE_END`, `SUM`) VALUES (26, 6, 40, '1979-04-23', '2001-06-06', 94038);
INSERT INTO `s_contract` (`ID`, `OBJECT_ID`, `OWNER_ID`, `DATE_START`, `DATE_END`, `SUM`) VALUES (27, 4, 29, '2010-12-04', '1990-12-21', 82065);
INSERT INTO `s_contract` (`ID`, `OBJECT_ID`, `OWNER_ID`, `DATE_START`, `DATE_END`, `SUM`) VALUES (28, 95, 11, '1989-03-13', '1984-10-12', 181725);
INSERT INTO `s_contract` (`ID`, `OBJECT_ID`, `OWNER_ID`, `DATE_START`, `DATE_END`, `SUM`) VALUES (29, 20, 20, '1976-12-28', '1981-03-16', 11030);
INSERT INTO `s_contract` (`ID`, `OBJECT_ID`, `OWNER_ID`, `DATE_START`, `DATE_END`, `SUM`) VALUES (30, 27, 12, '1977-04-30', '2018-03-19', 227483);
INSERT INTO `s_contract` (`ID`, `OBJECT_ID`, `OWNER_ID`, `DATE_START`, `DATE_END`, `SUM`) VALUES (31, 89, 30, '1988-08-08', '1974-04-21', 105578);
INSERT INTO `s_contract` (`ID`, `OBJECT_ID`, `OWNER_ID`, `DATE_START`, `DATE_END`, `SUM`) VALUES (32, 57, 46, '1976-04-26', '2012-09-21', 207931);
INSERT INTO `s_contract` (`ID`, `OBJECT_ID`, `OWNER_ID`, `DATE_START`, `DATE_END`, `SUM`) VALUES (33, 80, 35, '1989-05-21', '2018-04-29', 60279);
INSERT INTO `s_contract` (`ID`, `OBJECT_ID`, `OWNER_ID`, `DATE_START`, `DATE_END`, `SUM`) VALUES (34, 24, 50, '2018-08-06', '2004-04-30', 236218);
INSERT INTO `s_contract` (`ID`, `OBJECT_ID`, `OWNER_ID`, `DATE_START`, `DATE_END`, `SUM`) VALUES (35, 22, 17, '1982-08-18', '1992-05-05', 193619);
INSERT INTO `s_contract` (`ID`, `OBJECT_ID`, `OWNER_ID`, `DATE_START`, `DATE_END`, `SUM`) VALUES (36, 24, 33, '2021-03-01', '2001-12-04', 137660);
INSERT INTO `s_contract` (`ID`, `OBJECT_ID`, `OWNER_ID`, `DATE_START`, `DATE_END`, `SUM`) VALUES (37, 8, 7, '2014-05-28', '1992-05-04', 200544);
INSERT INTO `s_contract` (`ID`, `OBJECT_ID`, `OWNER_ID`, `DATE_START`, `DATE_END`, `SUM`) VALUES (38, 98, 36, '2017-09-24', '1978-11-30', 197991);
INSERT INTO `s_contract` (`ID`, `OBJECT_ID`, `OWNER_ID`, `DATE_START`, `DATE_END`, `SUM`) VALUES (39, 61, 41, '2002-02-08', '1974-11-30', 10120);
INSERT INTO `s_contract` (`ID`, `OBJECT_ID`, `OWNER_ID`, `DATE_START`, `DATE_END`, `SUM`) VALUES (40, 81, 14, '1982-08-14', '2017-07-29', 236897);
INSERT INTO `s_contract` (`ID`, `OBJECT_ID`, `OWNER_ID`, `DATE_START`, `DATE_END`, `SUM`) VALUES (41, 82, 44, '1982-01-12', '1981-06-05', 208650);
INSERT INTO `s_contract` (`ID`, `OBJECT_ID`, `OWNER_ID`, `DATE_START`, `DATE_END`, `SUM`) VALUES (42, 7, 43, '1996-02-17', '1971-12-02', 230505);
INSERT INTO `s_contract` (`ID`, `OBJECT_ID`, `OWNER_ID`, `DATE_START`, `DATE_END`, `SUM`) VALUES (43, 45, 1, '2014-09-21', '2000-01-03', 144409);
INSERT INTO `s_contract` (`ID`, `OBJECT_ID`, `OWNER_ID`, `DATE_START`, `DATE_END`, `SUM`) VALUES (44, 7, 32, '2002-09-29', '1999-12-19', 178902);
INSERT INTO `s_contract` (`ID`, `OBJECT_ID`, `OWNER_ID`, `DATE_START`, `DATE_END`, `SUM`) VALUES (45, 41, 17, '1973-02-15', '2019-02-05', 233615);
INSERT INTO `s_contract` (`ID`, `OBJECT_ID`, `OWNER_ID`, `DATE_START`, `DATE_END`, `SUM`) VALUES (46, 87, 15, '2009-10-03', '1979-11-30', 218631);
INSERT INTO `s_contract` (`ID`, `OBJECT_ID`, `OWNER_ID`, `DATE_START`, `DATE_END`, `SUM`) VALUES (47, 93, 22, '1977-10-14', '1981-01-25', 231159);
INSERT INTO `s_contract` (`ID`, `OBJECT_ID`, `OWNER_ID`, `DATE_START`, `DATE_END`, `SUM`) VALUES (48, 20, 37, '1997-07-15', '1990-01-01', 191797);
INSERT INTO `s_contract` (`ID`, `OBJECT_ID`, `OWNER_ID`, `DATE_START`, `DATE_END`, `SUM`) VALUES (49, 13, 22, '1982-10-22', '2015-05-07', 115451);
INSERT INTO `s_contract` (`ID`, `OBJECT_ID`, `OWNER_ID`, `DATE_START`, `DATE_END`, `SUM`) VALUES (50, 71, 17, '1980-06-06', '2005-10-24', 117574);
INSERT INTO `s_contract` (`ID`, `OBJECT_ID`, `OWNER_ID`, `DATE_START`, `DATE_END`, `SUM`) VALUES (51, 76, 47, '2007-12-12', '1996-02-10', 246464);
INSERT INTO `s_contract` (`ID`, `OBJECT_ID`, `OWNER_ID`, `DATE_START`, `DATE_END`, `SUM`) VALUES (52, 100, 42, '1970-04-03', '2014-10-23', 100874);
INSERT INTO `s_contract` (`ID`, `OBJECT_ID`, `OWNER_ID`, `DATE_START`, `DATE_END`, `SUM`) VALUES (53, 8, 49, '2015-02-05', '1972-11-29', 80660);
INSERT INTO `s_contract` (`ID`, `OBJECT_ID`, `OWNER_ID`, `DATE_START`, `DATE_END`, `SUM`) VALUES (54, 54, 34, '1984-08-12', '2021-03-17', 164101);
INSERT INTO `s_contract` (`ID`, `OBJECT_ID`, `OWNER_ID`, `DATE_START`, `DATE_END`, `SUM`) VALUES (55, 79, 18, '1989-07-20', '2011-11-01', 95073);
INSERT INTO `s_contract` (`ID`, `OBJECT_ID`, `OWNER_ID`, `DATE_START`, `DATE_END`, `SUM`) VALUES (56, 96, 30, '1970-06-01', '1999-10-30', 168747);
INSERT INTO `s_contract` (`ID`, `OBJECT_ID`, `OWNER_ID`, `DATE_START`, `DATE_END`, `SUM`) VALUES (57, 21, 2, '1982-09-25', '1970-01-08', 244760);
INSERT INTO `s_contract` (`ID`, `OBJECT_ID`, `OWNER_ID`, `DATE_START`, `DATE_END`, `SUM`) VALUES (58, 45, 33, '1986-09-17', '2002-06-10', 170636);
INSERT INTO `s_contract` (`ID`, `OBJECT_ID`, `OWNER_ID`, `DATE_START`, `DATE_END`, `SUM`) VALUES (59, 4, 26, '1971-04-25', '1982-02-10', 100157);
INSERT INTO `s_contract` (`ID`, `OBJECT_ID`, `OWNER_ID`, `DATE_START`, `DATE_END`, `SUM`) VALUES (60, 29, 22, '1974-04-05', '2021-04-13', 161620);
INSERT INTO `s_contract` (`ID`, `OBJECT_ID`, `OWNER_ID`, `DATE_START`, `DATE_END`, `SUM`) VALUES (61, 84, 8, '1981-04-05', '1995-10-09', 187718);
INSERT INTO `s_contract` (`ID`, `OBJECT_ID`, `OWNER_ID`, `DATE_START`, `DATE_END`, `SUM`) VALUES (62, 74, 39, '2003-02-11', '1985-10-21', 144380);
INSERT INTO `s_contract` (`ID`, `OBJECT_ID`, `OWNER_ID`, `DATE_START`, `DATE_END`, `SUM`) VALUES (63, 59, 47, '2005-03-01', '1984-02-17', 100050);
INSERT INTO `s_contract` (`ID`, `OBJECT_ID`, `OWNER_ID`, `DATE_START`, `DATE_END`, `SUM`) VALUES (64, 49, 36, '1970-03-31', '2003-09-02', 96131);
INSERT INTO `s_contract` (`ID`, `OBJECT_ID`, `OWNER_ID`, `DATE_START`, `DATE_END`, `SUM`) VALUES (65, 36, 10, '1993-11-07', '2014-07-28', 245867);
INSERT INTO `s_contract` (`ID`, `OBJECT_ID`, `OWNER_ID`, `DATE_START`, `DATE_END`, `SUM`) VALUES (66, 5, 6, '2014-07-29', '1981-04-26', 76057);
INSERT INTO `s_contract` (`ID`, `OBJECT_ID`, `OWNER_ID`, `DATE_START`, `DATE_END`, `SUM`) VALUES (67, 14, 2, '1984-08-28', '2004-04-28', 140821);
INSERT INTO `s_contract` (`ID`, `OBJECT_ID`, `OWNER_ID`, `DATE_START`, `DATE_END`, `SUM`) VALUES (68, 95, 11, '2021-03-23', '1999-11-28', 81477);
INSERT INTO `s_contract` (`ID`, `OBJECT_ID`, `OWNER_ID`, `DATE_START`, `DATE_END`, `SUM`) VALUES (69, 1, 25, '2021-03-06', '2013-09-06', 33485);
INSERT INTO `s_contract` (`ID`, `OBJECT_ID`, `OWNER_ID`, `DATE_START`, `DATE_END`, `SUM`) VALUES (70, 88, 40, '1986-05-26', '2016-02-27', 185508);
INSERT INTO `s_contract` (`ID`, `OBJECT_ID`, `OWNER_ID`, `DATE_START`, `DATE_END`, `SUM`) VALUES (71, 83, 42, '2016-09-02', '1997-08-02', 208887);
INSERT INTO `s_contract` (`ID`, `OBJECT_ID`, `OWNER_ID`, `DATE_START`, `DATE_END`, `SUM`) VALUES (72, 38, 2, '1975-01-27', '1990-10-24', 45006);
INSERT INTO `s_contract` (`ID`, `OBJECT_ID`, `OWNER_ID`, `DATE_START`, `DATE_END`, `SUM`) VALUES (73, 86, 42, '2021-01-19', '2015-08-01', 176073);
INSERT INTO `s_contract` (`ID`, `OBJECT_ID`, `OWNER_ID`, `DATE_START`, `DATE_END`, `SUM`) VALUES (74, 69, 45, '1974-07-27', '2021-09-04', 151983);
INSERT INTO `s_contract` (`ID`, `OBJECT_ID`, `OWNER_ID`, `DATE_START`, `DATE_END`, `SUM`) VALUES (75, 33, 49, '1988-01-28', '2011-12-17', 135961);
INSERT INTO `s_contract` (`ID`, `OBJECT_ID`, `OWNER_ID`, `DATE_START`, `DATE_END`, `SUM`) VALUES (76, 33, 8, '2016-08-22', '2001-12-26', 229578);
INSERT INTO `s_contract` (`ID`, `OBJECT_ID`, `OWNER_ID`, `DATE_START`, `DATE_END`, `SUM`) VALUES (77, 12, 4, '1990-10-06', '1997-06-29', 74158);
INSERT INTO `s_contract` (`ID`, `OBJECT_ID`, `OWNER_ID`, `DATE_START`, `DATE_END`, `SUM`) VALUES (78, 93, 35, '1992-11-20', '1993-10-20', 128742);
INSERT INTO `s_contract` (`ID`, `OBJECT_ID`, `OWNER_ID`, `DATE_START`, `DATE_END`, `SUM`) VALUES (79, 99, 21, '1991-10-13', '2022-05-16', 190059);
INSERT INTO `s_contract` (`ID`, `OBJECT_ID`, `OWNER_ID`, `DATE_START`, `DATE_END`, `SUM`) VALUES (80, 41, 17, '1970-11-27', '2010-07-05', 176474);
INSERT INTO `s_contract` (`ID`, `OBJECT_ID`, `OWNER_ID`, `DATE_START`, `DATE_END`, `SUM`) VALUES (81, 60, 23, '2001-09-28', '2002-06-25', 98252);
INSERT INTO `s_contract` (`ID`, `OBJECT_ID`, `OWNER_ID`, `DATE_START`, `DATE_END`, `SUM`) VALUES (82, 45, 37, '1981-04-19', '1995-06-24', 30905);
INSERT INTO `s_contract` (`ID`, `OBJECT_ID`, `OWNER_ID`, `DATE_START`, `DATE_END`, `SUM`) VALUES (83, 48, 20, '1985-09-25', '1986-03-12', 59018);
INSERT INTO `s_contract` (`ID`, `OBJECT_ID`, `OWNER_ID`, `DATE_START`, `DATE_END`, `SUM`) VALUES (84, 93, 24, '1989-04-22', '1995-10-18', 131945);
INSERT INTO `s_contract` (`ID`, `OBJECT_ID`, `OWNER_ID`, `DATE_START`, `DATE_END`, `SUM`) VALUES (85, 88, 41, '2004-01-02', '2012-11-02', 108711);
INSERT INTO `s_contract` (`ID`, `OBJECT_ID`, `OWNER_ID`, `DATE_START`, `DATE_END`, `SUM`) VALUES (86, 27, 35, '1990-10-23', '1976-04-03', 41044);
INSERT INTO `s_contract` (`ID`, `OBJECT_ID`, `OWNER_ID`, `DATE_START`, `DATE_END`, `SUM`) VALUES (87, 65, 33, '2002-04-22', '2022-09-05', 83719);
INSERT INTO `s_contract` (`ID`, `OBJECT_ID`, `OWNER_ID`, `DATE_START`, `DATE_END`, `SUM`) VALUES (88, 74, 25, '1997-08-14', '2015-03-14', 123079);
INSERT INTO `s_contract` (`ID`, `OBJECT_ID`, `OWNER_ID`, `DATE_START`, `DATE_END`, `SUM`) VALUES (89, 47, 22, '2021-05-01', '1986-10-02', 159188);
INSERT INTO `s_contract` (`ID`, `OBJECT_ID`, `OWNER_ID`, `DATE_START`, `DATE_END`, `SUM`) VALUES (90, 39, 40, '2021-04-06', '1997-02-07', 115318);
INSERT INTO `s_contract` (`ID`, `OBJECT_ID`, `OWNER_ID`, `DATE_START`, `DATE_END`, `SUM`) VALUES (91, 40, 36, '1995-10-11', '2001-03-31', 76585);
INSERT INTO `s_contract` (`ID`, `OBJECT_ID`, `OWNER_ID`, `DATE_START`, `DATE_END`, `SUM`) VALUES (92, 95, 26, '1980-01-11', '1974-06-21', 81584);
INSERT INTO `s_contract` (`ID`, `OBJECT_ID`, `OWNER_ID`, `DATE_START`, `DATE_END`, `SUM`) VALUES (93, 78, 44, '1982-05-12', '2009-06-12', 98562);
INSERT INTO `s_contract` (`ID`, `OBJECT_ID`, `OWNER_ID`, `DATE_START`, `DATE_END`, `SUM`) VALUES (94, 22, 39, '1975-12-24', '1985-10-12', 182243);
INSERT INTO `s_contract` (`ID`, `OBJECT_ID`, `OWNER_ID`, `DATE_START`, `DATE_END`, `SUM`) VALUES (95, 27, 31, '2020-11-23', '1999-02-02', 60334);
INSERT INTO `s_contract` (`ID`, `OBJECT_ID`, `OWNER_ID`, `DATE_START`, `DATE_END`, `SUM`) VALUES (96, 10, 44, '1998-02-09', '1980-02-14', 67054);
INSERT INTO `s_contract` (`ID`, `OBJECT_ID`, `OWNER_ID`, `DATE_START`, `DATE_END`, `SUM`) VALUES (97, 7, 28, '1978-01-26', '1997-10-05', 52585);
INSERT INTO `s_contract` (`ID`, `OBJECT_ID`, `OWNER_ID`, `DATE_START`, `DATE_END`, `SUM`) VALUES (98, 60, 27, '1989-09-22', '2019-06-15', 120065);
INSERT INTO `s_contract` (`ID`, `OBJECT_ID`, `OWNER_ID`, `DATE_START`, `DATE_END`, `SUM`) VALUES (99, 94, 27, '2006-09-29', '2017-12-20', 91427);
INSERT INTO `s_contract` (`ID`, `OBJECT_ID`, `OWNER_ID`, `DATE_START`, `DATE_END`, `SUM`) VALUES (100, 2, 41, '1984-10-19', '1981-03-21', 105711);
INSERT INTO `s_contract` (`ID`, `OBJECT_ID`, `OWNER_ID`, `DATE_START`, `DATE_END`, `SUM`) VALUES (101, 34, 15, '2000-08-25', '2001-01-23', 104188);
INSERT INTO `s_contract` (`ID`, `OBJECT_ID`, `OWNER_ID`, `DATE_START`, `DATE_END`, `SUM`) VALUES (102, 51, 49, '1998-11-19', '1997-05-13', 144924);
INSERT INTO `s_contract` (`ID`, `OBJECT_ID`, `OWNER_ID`, `DATE_START`, `DATE_END`, `SUM`) VALUES (103, 93, 13, '2013-01-23', '2017-07-04', 119023);
INSERT INTO `s_contract` (`ID`, `OBJECT_ID`, `OWNER_ID`, `DATE_START`, `DATE_END`, `SUM`) VALUES (104, 48, 20, '2000-10-23', '2017-03-28', 92530);
INSERT INTO `s_contract` (`ID`, `OBJECT_ID`, `OWNER_ID`, `DATE_START`, `DATE_END`, `SUM`) VALUES (105, 68, 44, '1991-09-30', '2002-05-31', 67946);
INSERT INTO `s_contract` (`ID`, `OBJECT_ID`, `OWNER_ID`, `DATE_START`, `DATE_END`, `SUM`) VALUES (106, 17, 4, '2006-01-31', '1986-08-06', 22643);
INSERT INTO `s_contract` (`ID`, `OBJECT_ID`, `OWNER_ID`, `DATE_START`, `DATE_END`, `SUM`) VALUES (107, 58, 6, '2013-12-23', '1976-04-01', 203117);
INSERT INTO `s_contract` (`ID`, `OBJECT_ID`, `OWNER_ID`, `DATE_START`, `DATE_END`, `SUM`) VALUES (108, 58, 18, '1994-03-11', '1978-04-09', 90675);
INSERT INTO `s_contract` (`ID`, `OBJECT_ID`, `OWNER_ID`, `DATE_START`, `DATE_END`, `SUM`) VALUES (109, 98, 40, '1983-10-18', '1980-04-15', 18317);
INSERT INTO `s_contract` (`ID`, `OBJECT_ID`, `OWNER_ID`, `DATE_START`, `DATE_END`, `SUM`) VALUES (110, 12, 13, '2000-04-10', '2007-05-24', 106991);
INSERT INTO `s_contract` (`ID`, `OBJECT_ID`, `OWNER_ID`, `DATE_START`, `DATE_END`, `SUM`) VALUES (111, 42, 11, '1995-01-04', '1980-05-31', 80147);
INSERT INTO `s_contract` (`ID`, `OBJECT_ID`, `OWNER_ID`, `DATE_START`, `DATE_END`, `SUM`) VALUES (112, 12, 24, '2019-02-16', '1971-03-04', 209703);
INSERT INTO `s_contract` (`ID`, `OBJECT_ID`, `OWNER_ID`, `DATE_START`, `DATE_END`, `SUM`) VALUES (113, 76, 36, '2007-08-14', '1993-02-17', 55059);
INSERT INTO `s_contract` (`ID`, `OBJECT_ID`, `OWNER_ID`, `DATE_START`, `DATE_END`, `SUM`) VALUES (114, 2, 35, '1988-01-05', '2014-08-24', 186217);
INSERT INTO `s_contract` (`ID`, `OBJECT_ID`, `OWNER_ID`, `DATE_START`, `DATE_END`, `SUM`) VALUES (115, 24, 2, '2005-07-21', '2019-09-14', 147288);
INSERT INTO `s_contract` (`ID`, `OBJECT_ID`, `OWNER_ID`, `DATE_START`, `DATE_END`, `SUM`) VALUES (116, 50, 29, '1983-04-07', '1982-08-19', 150043);
INSERT INTO `s_contract` (`ID`, `OBJECT_ID`, `OWNER_ID`, `DATE_START`, `DATE_END`, `SUM`) VALUES (117, 32, 1, '1994-10-22', '2006-12-08', 62142);
INSERT INTO `s_contract` (`ID`, `OBJECT_ID`, `OWNER_ID`, `DATE_START`, `DATE_END`, `SUM`) VALUES (118, 55, 12, '1980-10-02', '2017-02-06', 184068);
INSERT INTO `s_contract` (`ID`, `OBJECT_ID`, `OWNER_ID`, `DATE_START`, `DATE_END`, `SUM`) VALUES (119, 25, 1, '2004-05-09', '1996-07-20', 24501);
INSERT INTO `s_contract` (`ID`, `OBJECT_ID`, `OWNER_ID`, `DATE_START`, `DATE_END`, `SUM`) VALUES (120, 62, 46, '1979-10-21', '2004-05-22', 157371);
INSERT INTO `s_contract` (`ID`, `OBJECT_ID`, `OWNER_ID`, `DATE_START`, `DATE_END`, `SUM`) VALUES (121, 88, 40, '1994-07-27', '2022-04-15', 85188);
INSERT INTO `s_contract` (`ID`, `OBJECT_ID`, `OWNER_ID`, `DATE_START`, `DATE_END`, `SUM`) VALUES (122, 99, 23, '1990-08-04', '1981-08-06', 156288);
INSERT INTO `s_contract` (`ID`, `OBJECT_ID`, `OWNER_ID`, `DATE_START`, `DATE_END`, `SUM`) VALUES (123, 90, 29, '1974-01-19', '2000-01-07', 73912);
INSERT INTO `s_contract` (`ID`, `OBJECT_ID`, `OWNER_ID`, `DATE_START`, `DATE_END`, `SUM`) VALUES (124, 81, 44, '2013-10-16', '2008-10-11', 213285);
INSERT INTO `s_contract` (`ID`, `OBJECT_ID`, `OWNER_ID`, `DATE_START`, `DATE_END`, `SUM`) VALUES (125, 36, 46, '2011-04-01', '2017-05-08', 191137);
INSERT INTO `s_contract` (`ID`, `OBJECT_ID`, `OWNER_ID`, `DATE_START`, `DATE_END`, `SUM`) VALUES (126, 13, 39, '2008-12-03', '1982-01-30', 184244);
INSERT INTO `s_contract` (`ID`, `OBJECT_ID`, `OWNER_ID`, `DATE_START`, `DATE_END`, `SUM`) VALUES (127, 13, 12, '1970-04-22', '1974-03-27', 54267);
INSERT INTO `s_contract` (`ID`, `OBJECT_ID`, `OWNER_ID`, `DATE_START`, `DATE_END`, `SUM`) VALUES (128, 24, 44, '1982-11-02', '1999-05-07', 19532);
INSERT INTO `s_contract` (`ID`, `OBJECT_ID`, `OWNER_ID`, `DATE_START`, `DATE_END`, `SUM`) VALUES (129, 94, 13, '1971-10-24', '1997-10-15', 210913);
INSERT INTO `s_contract` (`ID`, `OBJECT_ID`, `OWNER_ID`, `DATE_START`, `DATE_END`, `SUM`) VALUES (130, 58, 9, '2004-02-09', '2011-07-10', 106039);
INSERT INTO `s_contract` (`ID`, `OBJECT_ID`, `OWNER_ID`, `DATE_START`, `DATE_END`, `SUM`) VALUES (131, 29, 4, '1977-03-28', '2001-05-29', 102048);
INSERT INTO `s_contract` (`ID`, `OBJECT_ID`, `OWNER_ID`, `DATE_START`, `DATE_END`, `SUM`) VALUES (132, 74, 30, '1995-08-12', '2011-06-23', 33862);
INSERT INTO `s_contract` (`ID`, `OBJECT_ID`, `OWNER_ID`, `DATE_START`, `DATE_END`, `SUM`) VALUES (133, 8, 14, '1989-04-11', '1974-07-12', 116799);
INSERT INTO `s_contract` (`ID`, `OBJECT_ID`, `OWNER_ID`, `DATE_START`, `DATE_END`, `SUM`) VALUES (134, 84, 17, '1980-06-21', '2010-08-13', 152555);
INSERT INTO `s_contract` (`ID`, `OBJECT_ID`, `OWNER_ID`, `DATE_START`, `DATE_END`, `SUM`) VALUES (135, 30, 23, '2006-11-12', '2021-01-27', 77836);
INSERT INTO `s_contract` (`ID`, `OBJECT_ID`, `OWNER_ID`, `DATE_START`, `DATE_END`, `SUM`) VALUES (136, 25, 9, '1975-12-06', '1977-01-13', 103416);
INSERT INTO `s_contract` (`ID`, `OBJECT_ID`, `OWNER_ID`, `DATE_START`, `DATE_END`, `SUM`) VALUES (137, 25, 12, '1976-06-17', '2015-09-04', 19878);
INSERT INTO `s_contract` (`ID`, `OBJECT_ID`, `OWNER_ID`, `DATE_START`, `DATE_END`, `SUM`) VALUES (138, 63, 8, '1980-03-24', '1994-03-18', 130184);
INSERT INTO `s_contract` (`ID`, `OBJECT_ID`, `OWNER_ID`, `DATE_START`, `DATE_END`, `SUM`) VALUES (139, 80, 22, '2017-05-01', '2009-01-26', 223371);
INSERT INTO `s_contract` (`ID`, `OBJECT_ID`, `OWNER_ID`, `DATE_START`, `DATE_END`, `SUM`) VALUES (140, 2, 8, '1995-10-17', '1982-11-10', 91788);
INSERT INTO `s_contract` (`ID`, `OBJECT_ID`, `OWNER_ID`, `DATE_START`, `DATE_END`, `SUM`) VALUES (141, 34, 7, '1981-06-07', '2002-08-31', 65820);
INSERT INTO `s_contract` (`ID`, `OBJECT_ID`, `OWNER_ID`, `DATE_START`, `DATE_END`, `SUM`) VALUES (142, 92, 24, '1987-06-07', '1995-10-14', 115835);
INSERT INTO `s_contract` (`ID`, `OBJECT_ID`, `OWNER_ID`, `DATE_START`, `DATE_END`, `SUM`) VALUES (143, 37, 8, '1999-06-25', '2017-11-20', 157934);
INSERT INTO `s_contract` (`ID`, `OBJECT_ID`, `OWNER_ID`, `DATE_START`, `DATE_END`, `SUM`) VALUES (144, 35, 16, '1990-07-14', '1994-12-27', 14226);
INSERT INTO `s_contract` (`ID`, `OBJECT_ID`, `OWNER_ID`, `DATE_START`, `DATE_END`, `SUM`) VALUES (145, 41, 46, '1986-11-24', '2021-08-09', 90648);
INSERT INTO `s_contract` (`ID`, `OBJECT_ID`, `OWNER_ID`, `DATE_START`, `DATE_END`, `SUM`) VALUES (146, 48, 35, '1970-03-13', '1974-12-25', 24312);
INSERT INTO `s_contract` (`ID`, `OBJECT_ID`, `OWNER_ID`, `DATE_START`, `DATE_END`, `SUM`) VALUES (147, 99, 11, '2010-05-03', '1997-05-05', 57067);
INSERT INTO `s_contract` (`ID`, `OBJECT_ID`, `OWNER_ID`, `DATE_START`, `DATE_END`, `SUM`) VALUES (148, 29, 3, '1978-12-18', '1973-10-03', 148702);
INSERT INTO `s_contract` (`ID`, `OBJECT_ID`, `OWNER_ID`, `DATE_START`, `DATE_END`, `SUM`) VALUES (149, 49, 7, '1980-07-28', '2010-08-17', 87065);
INSERT INTO `s_contract` (`ID`, `OBJECT_ID`, `OWNER_ID`, `DATE_START`, `DATE_END`, `SUM`) VALUES (150, 38, 39, '2009-08-26', '2007-10-09', 46387);
INSERT INTO `s_contract` (`ID`, `OBJECT_ID`, `OWNER_ID`, `DATE_START`, `DATE_END`, `SUM`) VALUES (151, 58, 32, '1989-03-01', '1990-11-22', 202576);
INSERT INTO `s_contract` (`ID`, `OBJECT_ID`, `OWNER_ID`, `DATE_START`, `DATE_END`, `SUM`) VALUES (152, 95, 41, '1970-01-03', '2000-07-29', 170089);
INSERT INTO `s_contract` (`ID`, `OBJECT_ID`, `OWNER_ID`, `DATE_START`, `DATE_END`, `SUM`) VALUES (153, 86, 29, '1979-05-04', '1998-02-08', 246625);
INSERT INTO `s_contract` (`ID`, `OBJECT_ID`, `OWNER_ID`, `DATE_START`, `DATE_END`, `SUM`) VALUES (154, 96, 33, '1978-03-23', '2017-10-12', 183791);
INSERT INTO `s_contract` (`ID`, `OBJECT_ID`, `OWNER_ID`, `DATE_START`, `DATE_END`, `SUM`) VALUES (155, 99, 49, '1985-03-13', '1980-11-07', 161914);
INSERT INTO `s_contract` (`ID`, `OBJECT_ID`, `OWNER_ID`, `DATE_START`, `DATE_END`, `SUM`) VALUES (156, 80, 17, '1982-11-22', '2014-07-30', 56870);
INSERT INTO `s_contract` (`ID`, `OBJECT_ID`, `OWNER_ID`, `DATE_START`, `DATE_END`, `SUM`) VALUES (157, 11, 36, '1977-04-22', '1975-09-21', 200909);
INSERT INTO `s_contract` (`ID`, `OBJECT_ID`, `OWNER_ID`, `DATE_START`, `DATE_END`, `SUM`) VALUES (158, 79, 24, '1977-10-13', '1988-01-25', 198822);
INSERT INTO `s_contract` (`ID`, `OBJECT_ID`, `OWNER_ID`, `DATE_START`, `DATE_END`, `SUM`) VALUES (159, 87, 7, '1993-01-15', '1973-03-04', 124949);
INSERT INTO `s_contract` (`ID`, `OBJECT_ID`, `OWNER_ID`, `DATE_START`, `DATE_END`, `SUM`) VALUES (160, 79, 14, '2014-04-19', '2014-05-16', 120178);
INSERT INTO `s_contract` (`ID`, `OBJECT_ID`, `OWNER_ID`, `DATE_START`, `DATE_END`, `SUM`) VALUES (161, 5, 13, '1995-05-22', '2014-02-26', 160342);
INSERT INTO `s_contract` (`ID`, `OBJECT_ID`, `OWNER_ID`, `DATE_START`, `DATE_END`, `SUM`) VALUES (162, 98, 2, '1980-05-24', '1982-04-11', 156751);
INSERT INTO `s_contract` (`ID`, `OBJECT_ID`, `OWNER_ID`, `DATE_START`, `DATE_END`, `SUM`) VALUES (163, 47, 14, '2012-04-15', '1997-12-05', 63690);
INSERT INTO `s_contract` (`ID`, `OBJECT_ID`, `OWNER_ID`, `DATE_START`, `DATE_END`, `SUM`) VALUES (164, 9, 48, '1981-02-20', '1980-03-25', 176764);
INSERT INTO `s_contract` (`ID`, `OBJECT_ID`, `OWNER_ID`, `DATE_START`, `DATE_END`, `SUM`) VALUES (165, 39, 24, '2004-05-04', '2013-06-08', 67813);
INSERT INTO `s_contract` (`ID`, `OBJECT_ID`, `OWNER_ID`, `DATE_START`, `DATE_END`, `SUM`) VALUES (166, 73, 49, '1971-09-19', '1988-07-09', 45070);
INSERT INTO `s_contract` (`ID`, `OBJECT_ID`, `OWNER_ID`, `DATE_START`, `DATE_END`, `SUM`) VALUES (167, 9, 34, '2001-05-08', '2008-05-30', 126330);
INSERT INTO `s_contract` (`ID`, `OBJECT_ID`, `OWNER_ID`, `DATE_START`, `DATE_END`, `SUM`) VALUES (168, 78, 47, '2021-05-17', '2013-07-27', 152033);
INSERT INTO `s_contract` (`ID`, `OBJECT_ID`, `OWNER_ID`, `DATE_START`, `DATE_END`, `SUM`) VALUES (169, 24, 37, '1977-12-03', '1996-06-18', 236119);
INSERT INTO `s_contract` (`ID`, `OBJECT_ID`, `OWNER_ID`, `DATE_START`, `DATE_END`, `SUM`) VALUES (170, 59, 12, '1987-05-14', '2002-09-21', 123124);
INSERT INTO `s_contract` (`ID`, `OBJECT_ID`, `OWNER_ID`, `DATE_START`, `DATE_END`, `SUM`) VALUES (171, 71, 20, '1973-11-10', '1985-09-17', 157822);
INSERT INTO `s_contract` (`ID`, `OBJECT_ID`, `OWNER_ID`, `DATE_START`, `DATE_END`, `SUM`) VALUES (172, 56, 41, '1981-04-08', '1990-11-14', 103179);
INSERT INTO `s_contract` (`ID`, `OBJECT_ID`, `OWNER_ID`, `DATE_START`, `DATE_END`, `SUM`) VALUES (173, 10, 18, '1996-02-16', '1996-05-23', 69282);
INSERT INTO `s_contract` (`ID`, `OBJECT_ID`, `OWNER_ID`, `DATE_START`, `DATE_END`, `SUM`) VALUES (174, 30, 49, '2016-07-18', '1977-09-02', 178912);
INSERT INTO `s_contract` (`ID`, `OBJECT_ID`, `OWNER_ID`, `DATE_START`, `DATE_END`, `SUM`) VALUES (175, 48, 4, '1984-01-15', '1985-03-12', 50026);
INSERT INTO `s_contract` (`ID`, `OBJECT_ID`, `OWNER_ID`, `DATE_START`, `DATE_END`, `SUM`) VALUES (176, 25, 26, '2017-09-21', '2017-10-27', 85426);
INSERT INTO `s_contract` (`ID`, `OBJECT_ID`, `OWNER_ID`, `DATE_START`, `DATE_END`, `SUM`) VALUES (177, 34, 11, '2006-04-08', '2012-06-10', 78680);
INSERT INTO `s_contract` (`ID`, `OBJECT_ID`, `OWNER_ID`, `DATE_START`, `DATE_END`, `SUM`) VALUES (178, 55, 41, '2011-06-02', '2018-03-06', 175361);
INSERT INTO `s_contract` (`ID`, `OBJECT_ID`, `OWNER_ID`, `DATE_START`, `DATE_END`, `SUM`) VALUES (179, 48, 32, '1998-10-02', '1981-12-14', 140840);
INSERT INTO `s_contract` (`ID`, `OBJECT_ID`, `OWNER_ID`, `DATE_START`, `DATE_END`, `SUM`) VALUES (180, 76, 43, '2014-03-09', '2009-12-12', 132225);
INSERT INTO `s_contract` (`ID`, `OBJECT_ID`, `OWNER_ID`, `DATE_START`, `DATE_END`, `SUM`) VALUES (181, 9, 25, '2016-10-07', '1976-03-06', 77793);
INSERT INTO `s_contract` (`ID`, `OBJECT_ID`, `OWNER_ID`, `DATE_START`, `DATE_END`, `SUM`) VALUES (182, 82, 9, '2001-11-19', '1988-04-27', 234733);
INSERT INTO `s_contract` (`ID`, `OBJECT_ID`, `OWNER_ID`, `DATE_START`, `DATE_END`, `SUM`) VALUES (183, 17, 30, '2013-04-19', '2003-10-16', 203913);
INSERT INTO `s_contract` (`ID`, `OBJECT_ID`, `OWNER_ID`, `DATE_START`, `DATE_END`, `SUM`) VALUES (184, 11, 20, '2009-04-04', '2007-05-09', 119929);
INSERT INTO `s_contract` (`ID`, `OBJECT_ID`, `OWNER_ID`, `DATE_START`, `DATE_END`, `SUM`) VALUES (185, 33, 35, '2008-06-02', '1987-04-17', 18538);
INSERT INTO `s_contract` (`ID`, `OBJECT_ID`, `OWNER_ID`, `DATE_START`, `DATE_END`, `SUM`) VALUES (186, 63, 2, '1978-09-09', '1997-09-01', 112196);
INSERT INTO `s_contract` (`ID`, `OBJECT_ID`, `OWNER_ID`, `DATE_START`, `DATE_END`, `SUM`) VALUES (187, 7, 10, '1995-02-06', '1988-06-05', 172323);
INSERT INTO `s_contract` (`ID`, `OBJECT_ID`, `OWNER_ID`, `DATE_START`, `DATE_END`, `SUM`) VALUES (188, 86, 9, '1997-01-07', '1973-08-29', 166669);
INSERT INTO `s_contract` (`ID`, `OBJECT_ID`, `OWNER_ID`, `DATE_START`, `DATE_END`, `SUM`) VALUES (189, 53, 8, '1993-03-26', '1989-08-24', 39356);
INSERT INTO `s_contract` (`ID`, `OBJECT_ID`, `OWNER_ID`, `DATE_START`, `DATE_END`, `SUM`) VALUES (190, 13, 1, '1994-10-17', '2017-01-04', 137202);
INSERT INTO `s_contract` (`ID`, `OBJECT_ID`, `OWNER_ID`, `DATE_START`, `DATE_END`, `SUM`) VALUES (191, 22, 19, '2014-10-14', '2022-10-23', 90409);
INSERT INTO `s_contract` (`ID`, `OBJECT_ID`, `OWNER_ID`, `DATE_START`, `DATE_END`, `SUM`) VALUES (192, 53, 28, '1970-01-06', '2007-12-01', 116842);
INSERT INTO `s_contract` (`ID`, `OBJECT_ID`, `OWNER_ID`, `DATE_START`, `DATE_END`, `SUM`) VALUES (193, 58, 4, '1975-10-07', '1989-09-13', 146381);
INSERT INTO `s_contract` (`ID`, `OBJECT_ID`, `OWNER_ID`, `DATE_START`, `DATE_END`, `SUM`) VALUES (194, 36, 3, '2007-12-01', '2000-10-06', 11047);
INSERT INTO `s_contract` (`ID`, `OBJECT_ID`, `OWNER_ID`, `DATE_START`, `DATE_END`, `SUM`) VALUES (195, 69, 6, '2000-12-07', '1999-01-08', 24252);
INSERT INTO `s_contract` (`ID`, `OBJECT_ID`, `OWNER_ID`, `DATE_START`, `DATE_END`, `SUM`) VALUES (196, 92, 39, '2004-12-19', '1986-01-09', 139670);
INSERT INTO `s_contract` (`ID`, `OBJECT_ID`, `OWNER_ID`, `DATE_START`, `DATE_END`, `SUM`) VALUES (197, 60, 37, '1984-10-07', '1988-01-04', 53252);
INSERT INTO `s_contract` (`ID`, `OBJECT_ID`, `OWNER_ID`, `DATE_START`, `DATE_END`, `SUM`) VALUES (198, 94, 38, '2000-02-06', '1977-06-15', 199995);
INSERT INTO `s_contract` (`ID`, `OBJECT_ID`, `OWNER_ID`, `DATE_START`, `DATE_END`, `SUM`) VALUES (199, 33, 2, '2010-08-09', '1995-08-08', 75102);
INSERT INTO `s_contract` (`ID`, `OBJECT_ID`, `OWNER_ID`, `DATE_START`, `DATE_END`, `SUM`) VALUES (200, 16, 33, '1980-10-18', '2021-10-03', 45729);




#
# TABLE STRUCTURE FOR: s_object_clicks
#

INSERT INTO `s_object_clicks` (`OBJECT_ID`, `BOOKING_SYSTEM_ID`, `DATE`, `CLICKS`) VALUES (68, 8, '2019-03-01', 32);
INSERT INTO `s_object_clicks` (`OBJECT_ID`, `BOOKING_SYSTEM_ID`, `DATE`, `CLICKS`) VALUES (2, 18, '2019-06-09', 113);
INSERT INTO `s_object_clicks` (`OBJECT_ID`, `BOOKING_SYSTEM_ID`, `DATE`, `CLICKS`) VALUES (78, 8, '2014-06-03', 163);
INSERT INTO `s_object_clicks` (`OBJECT_ID`, `BOOKING_SYSTEM_ID`, `DATE`, `CLICKS`) VALUES (16, 8, '2015-12-09', 30);
INSERT INTO `s_object_clicks` (`OBJECT_ID`, `BOOKING_SYSTEM_ID`, `DATE`, `CLICKS`) VALUES (37, 12, '2017-10-30', 211);
INSERT INTO `s_object_clicks` (`OBJECT_ID`, `BOOKING_SYSTEM_ID`, `DATE`, `CLICKS`) VALUES (16, 19, '2016-05-16', 88);
INSERT INTO `s_object_clicks` (`OBJECT_ID`, `BOOKING_SYSTEM_ID`, `DATE`, `CLICKS`) VALUES (40, 2, '2019-04-07', 167);
INSERT INTO `s_object_clicks` (`OBJECT_ID`, `BOOKING_SYSTEM_ID`, `DATE`, `CLICKS`) VALUES (85, 17, '2021-09-29', 1);
INSERT INTO `s_object_clicks` (`OBJECT_ID`, `BOOKING_SYSTEM_ID`, `DATE`, `CLICKS`) VALUES (13, 19, '2021-11-20', 239);
INSERT INTO `s_object_clicks` (`OBJECT_ID`, `BOOKING_SYSTEM_ID`, `DATE`, `CLICKS`) VALUES (64, 17, '2019-03-13', 131);
INSERT INTO `s_object_clicks` (`OBJECT_ID`, `BOOKING_SYSTEM_ID`, `DATE`, `CLICKS`) VALUES (1, 5, '2017-05-30', 189);
INSERT INTO `s_object_clicks` (`OBJECT_ID`, `BOOKING_SYSTEM_ID`, `DATE`, `CLICKS`) VALUES (91, 20, '2013-06-22', 54);
INSERT INTO `s_object_clicks` (`OBJECT_ID`, `BOOKING_SYSTEM_ID`, `DATE`, `CLICKS`) VALUES (34, 16, '2017-07-22', 171);
INSERT INTO `s_object_clicks` (`OBJECT_ID`, `BOOKING_SYSTEM_ID`, `DATE`, `CLICKS`) VALUES (10, 16, '2016-07-13', 217);
INSERT INTO `s_object_clicks` (`OBJECT_ID`, `BOOKING_SYSTEM_ID`, `DATE`, `CLICKS`) VALUES (51, 15, '2017-06-12', 97);
INSERT INTO `s_object_clicks` (`OBJECT_ID`, `BOOKING_SYSTEM_ID`, `DATE`, `CLICKS`) VALUES (28, 4, '2016-04-01', 26);
INSERT INTO `s_object_clicks` (`OBJECT_ID`, `BOOKING_SYSTEM_ID`, `DATE`, `CLICKS`) VALUES (10, 6, '2014-02-01', 221);
INSERT INTO `s_object_clicks` (`OBJECT_ID`, `BOOKING_SYSTEM_ID`, `DATE`, `CLICKS`) VALUES (6, 18, '2016-02-07', 145);
INSERT INTO `s_object_clicks` (`OBJECT_ID`, `BOOKING_SYSTEM_ID`, `DATE`, `CLICKS`) VALUES (65, 5, '2019-07-26', 93);
INSERT INTO `s_object_clicks` (`OBJECT_ID`, `BOOKING_SYSTEM_ID`, `DATE`, `CLICKS`) VALUES (24, 1, '2017-09-13', 28);
INSERT INTO `s_object_clicks` (`OBJECT_ID`, `BOOKING_SYSTEM_ID`, `DATE`, `CLICKS`) VALUES (79, 8, '2020-05-02', 212);
INSERT INTO `s_object_clicks` (`OBJECT_ID`, `BOOKING_SYSTEM_ID`, `DATE`, `CLICKS`) VALUES (97, 4, '2015-05-08', 201);
INSERT INTO `s_object_clicks` (`OBJECT_ID`, `BOOKING_SYSTEM_ID`, `DATE`, `CLICKS`) VALUES (46, 17, '2016-03-10', 167);
INSERT INTO `s_object_clicks` (`OBJECT_ID`, `BOOKING_SYSTEM_ID`, `DATE`, `CLICKS`) VALUES (99, 12, '2015-01-10', 224);
INSERT INTO `s_object_clicks` (`OBJECT_ID`, `BOOKING_SYSTEM_ID`, `DATE`, `CLICKS`) VALUES (72, 13, '2020-06-04', 228);
INSERT INTO `s_object_clicks` (`OBJECT_ID`, `BOOKING_SYSTEM_ID`, `DATE`, `CLICKS`) VALUES (41, 15, '2020-11-09', 194);
INSERT INTO `s_object_clicks` (`OBJECT_ID`, `BOOKING_SYSTEM_ID`, `DATE`, `CLICKS`) VALUES (86, 7, '2019-05-23', 136);
INSERT INTO `s_object_clicks` (`OBJECT_ID`, `BOOKING_SYSTEM_ID`, `DATE`, `CLICKS`) VALUES (73, 4, '2013-05-31', 127);
INSERT INTO `s_object_clicks` (`OBJECT_ID`, `BOOKING_SYSTEM_ID`, `DATE`, `CLICKS`) VALUES (8, 17, '2013-09-13', 77);
INSERT INTO `s_object_clicks` (`OBJECT_ID`, `BOOKING_SYSTEM_ID`, `DATE`, `CLICKS`) VALUES (97, 12, '2020-03-26', 235);
INSERT INTO `s_object_clicks` (`OBJECT_ID`, `BOOKING_SYSTEM_ID`, `DATE`, `CLICKS`) VALUES (56, 5, '2018-03-11', 70);
INSERT INTO `s_object_clicks` (`OBJECT_ID`, `BOOKING_SYSTEM_ID`, `DATE`, `CLICKS`) VALUES (76, 13, '2022-01-17', 220);
INSERT INTO `s_object_clicks` (`OBJECT_ID`, `BOOKING_SYSTEM_ID`, `DATE`, `CLICKS`) VALUES (54, 17, '2012-12-23', 7);
INSERT INTO `s_object_clicks` (`OBJECT_ID`, `BOOKING_SYSTEM_ID`, `DATE`, `CLICKS`) VALUES (52, 4, '2012-12-29', 133);
INSERT INTO `s_object_clicks` (`OBJECT_ID`, `BOOKING_SYSTEM_ID`, `DATE`, `CLICKS`) VALUES (3, 15, '2022-02-28', 96);
INSERT INTO `s_object_clicks` (`OBJECT_ID`, `BOOKING_SYSTEM_ID`, `DATE`, `CLICKS`) VALUES (21, 17, '2019-06-25', 47);
INSERT INTO `s_object_clicks` (`OBJECT_ID`, `BOOKING_SYSTEM_ID`, `DATE`, `CLICKS`) VALUES (14, 4, '2022-09-04', 101);
INSERT INTO `s_object_clicks` (`OBJECT_ID`, `BOOKING_SYSTEM_ID`, `DATE`, `CLICKS`) VALUES (99, 12, '2017-12-09', 146);
INSERT INTO `s_object_clicks` (`OBJECT_ID`, `BOOKING_SYSTEM_ID`, `DATE`, `CLICKS`) VALUES (97, 20, '2013-06-21', 250);
INSERT INTO `s_object_clicks` (`OBJECT_ID`, `BOOKING_SYSTEM_ID`, `DATE`, `CLICKS`) VALUES (16, 14, '2012-10-22', 226);
INSERT INTO `s_object_clicks` (`OBJECT_ID`, `BOOKING_SYSTEM_ID`, `DATE`, `CLICKS`) VALUES (59, 12, '2018-01-10', 28);
INSERT INTO `s_object_clicks` (`OBJECT_ID`, `BOOKING_SYSTEM_ID`, `DATE`, `CLICKS`) VALUES (42, 9, '2019-06-03', 53);
INSERT INTO `s_object_clicks` (`OBJECT_ID`, `BOOKING_SYSTEM_ID`, `DATE`, `CLICKS`) VALUES (88, 3, '2013-03-18', 164);
INSERT INTO `s_object_clicks` (`OBJECT_ID`, `BOOKING_SYSTEM_ID`, `DATE`, `CLICKS`) VALUES (64, 20, '2014-01-20', 236);
INSERT INTO `s_object_clicks` (`OBJECT_ID`, `BOOKING_SYSTEM_ID`, `DATE`, `CLICKS`) VALUES (97, 13, '2021-02-02', 107);
INSERT INTO `s_object_clicks` (`OBJECT_ID`, `BOOKING_SYSTEM_ID`, `DATE`, `CLICKS`) VALUES (53, 11, '2022-04-26', 174);
INSERT INTO `s_object_clicks` (`OBJECT_ID`, `BOOKING_SYSTEM_ID`, `DATE`, `CLICKS`) VALUES (86, 6, '2022-03-23', 89);
INSERT INTO `s_object_clicks` (`OBJECT_ID`, `BOOKING_SYSTEM_ID`, `DATE`, `CLICKS`) VALUES (17, 8, '2015-08-15', 43);
INSERT INTO `s_object_clicks` (`OBJECT_ID`, `BOOKING_SYSTEM_ID`, `DATE`, `CLICKS`) VALUES (10, 14, '2015-11-25', 113);
INSERT INTO `s_object_clicks` (`OBJECT_ID`, `BOOKING_SYSTEM_ID`, `DATE`, `CLICKS`) VALUES (59, 3, '2020-12-17', 6);
INSERT INTO `s_object_clicks` (`OBJECT_ID`, `BOOKING_SYSTEM_ID`, `DATE`, `CLICKS`) VALUES (42, 16, '2014-02-08', 66);
INSERT INTO `s_object_clicks` (`OBJECT_ID`, `BOOKING_SYSTEM_ID`, `DATE`, `CLICKS`) VALUES (92, 11, '2020-06-09', 126);
INSERT INTO `s_object_clicks` (`OBJECT_ID`, `BOOKING_SYSTEM_ID`, `DATE`, `CLICKS`) VALUES (95, 19, '2016-11-14', 21);
INSERT INTO `s_object_clicks` (`OBJECT_ID`, `BOOKING_SYSTEM_ID`, `DATE`, `CLICKS`) VALUES (13, 19, '2016-07-18', 200);
INSERT INTO `s_object_clicks` (`OBJECT_ID`, `BOOKING_SYSTEM_ID`, `DATE`, `CLICKS`) VALUES (87, 6, '2017-05-21', 117);
INSERT INTO `s_object_clicks` (`OBJECT_ID`, `BOOKING_SYSTEM_ID`, `DATE`, `CLICKS`) VALUES (61, 10, '2019-07-03', 193);
INSERT INTO `s_object_clicks` (`OBJECT_ID`, `BOOKING_SYSTEM_ID`, `DATE`, `CLICKS`) VALUES (86, 1, '2013-03-13', 124);
INSERT INTO `s_object_clicks` (`OBJECT_ID`, `BOOKING_SYSTEM_ID`, `DATE`, `CLICKS`) VALUES (90, 15, '2016-07-08', 127);
INSERT INTO `s_object_clicks` (`OBJECT_ID`, `BOOKING_SYSTEM_ID`, `DATE`, `CLICKS`) VALUES (17, 11, '2015-06-13', 195);
INSERT INTO `s_object_clicks` (`OBJECT_ID`, `BOOKING_SYSTEM_ID`, `DATE`, `CLICKS`) VALUES (69, 3, '2019-01-21', 41);
INSERT INTO `s_object_clicks` (`OBJECT_ID`, `BOOKING_SYSTEM_ID`, `DATE`, `CLICKS`) VALUES (15, 5, '2021-10-29', 208);
INSERT INTO `s_object_clicks` (`OBJECT_ID`, `BOOKING_SYSTEM_ID`, `DATE`, `CLICKS`) VALUES (65, 20, '2021-07-19', 31);
INSERT INTO `s_object_clicks` (`OBJECT_ID`, `BOOKING_SYSTEM_ID`, `DATE`, `CLICKS`) VALUES (50, 17, '2021-06-25', 245);
INSERT INTO `s_object_clicks` (`OBJECT_ID`, `BOOKING_SYSTEM_ID`, `DATE`, `CLICKS`) VALUES (40, 12, '2012-10-26', 217);
INSERT INTO `s_object_clicks` (`OBJECT_ID`, `BOOKING_SYSTEM_ID`, `DATE`, `CLICKS`) VALUES (48, 20, '2017-06-21', 169);
INSERT INTO `s_object_clicks` (`OBJECT_ID`, `BOOKING_SYSTEM_ID`, `DATE`, `CLICKS`) VALUES (71, 18, '2020-11-20', 139);
INSERT INTO `s_object_clicks` (`OBJECT_ID`, `BOOKING_SYSTEM_ID`, `DATE`, `CLICKS`) VALUES (78, 13, '2019-08-02', 113);
INSERT INTO `s_object_clicks` (`OBJECT_ID`, `BOOKING_SYSTEM_ID`, `DATE`, `CLICKS`) VALUES (44, 15, '2014-10-03', 9);
INSERT INTO `s_object_clicks` (`OBJECT_ID`, `BOOKING_SYSTEM_ID`, `DATE`, `CLICKS`) VALUES (53, 12, '2017-12-21', 86);
INSERT INTO `s_object_clicks` (`OBJECT_ID`, `BOOKING_SYSTEM_ID`, `DATE`, `CLICKS`) VALUES (65, 8, '2020-03-25', 163);
INSERT INTO `s_object_clicks` (`OBJECT_ID`, `BOOKING_SYSTEM_ID`, `DATE`, `CLICKS`) VALUES (86, 5, '2015-01-14', 243);
INSERT INTO `s_object_clicks` (`OBJECT_ID`, `BOOKING_SYSTEM_ID`, `DATE`, `CLICKS`) VALUES (85, 15, '2017-03-20', 10);
INSERT INTO `s_object_clicks` (`OBJECT_ID`, `BOOKING_SYSTEM_ID`, `DATE`, `CLICKS`) VALUES (27, 15, '2017-01-19', 220);
INSERT INTO `s_object_clicks` (`OBJECT_ID`, `BOOKING_SYSTEM_ID`, `DATE`, `CLICKS`) VALUES (44, 9, '2013-06-13', 246);
INSERT INTO `s_object_clicks` (`OBJECT_ID`, `BOOKING_SYSTEM_ID`, `DATE`, `CLICKS`) VALUES (27, 3, '2019-09-01', 137);
INSERT INTO `s_object_clicks` (`OBJECT_ID`, `BOOKING_SYSTEM_ID`, `DATE`, `CLICKS`) VALUES (57, 9, '2014-09-24', 220);
INSERT INTO `s_object_clicks` (`OBJECT_ID`, `BOOKING_SYSTEM_ID`, `DATE`, `CLICKS`) VALUES (33, 5, '2012-12-02', 174);
INSERT INTO `s_object_clicks` (`OBJECT_ID`, `BOOKING_SYSTEM_ID`, `DATE`, `CLICKS`) VALUES (41, 17, '2021-12-22', 111);
INSERT INTO `s_object_clicks` (`OBJECT_ID`, `BOOKING_SYSTEM_ID`, `DATE`, `CLICKS`) VALUES (1, 17, '2019-06-08', 105);
INSERT INTO `s_object_clicks` (`OBJECT_ID`, `BOOKING_SYSTEM_ID`, `DATE`, `CLICKS`) VALUES (41, 10, '2016-10-28', 107);
INSERT INTO `s_object_clicks` (`OBJECT_ID`, `BOOKING_SYSTEM_ID`, `DATE`, `CLICKS`) VALUES (80, 3, '2020-09-26', 55);
INSERT INTO `s_object_clicks` (`OBJECT_ID`, `BOOKING_SYSTEM_ID`, `DATE`, `CLICKS`) VALUES (37, 12, '2015-10-07', 80);
INSERT INTO `s_object_clicks` (`OBJECT_ID`, `BOOKING_SYSTEM_ID`, `DATE`, `CLICKS`) VALUES (74, 17, '2016-07-17', 182);
INSERT INTO `s_object_clicks` (`OBJECT_ID`, `BOOKING_SYSTEM_ID`, `DATE`, `CLICKS`) VALUES (29, 6, '2015-08-15', 166);
INSERT INTO `s_object_clicks` (`OBJECT_ID`, `BOOKING_SYSTEM_ID`, `DATE`, `CLICKS`) VALUES (38, 19, '2014-09-02', 239);
INSERT INTO `s_object_clicks` (`OBJECT_ID`, `BOOKING_SYSTEM_ID`, `DATE`, `CLICKS`) VALUES (66, 5, '2013-06-20', 247);
INSERT INTO `s_object_clicks` (`OBJECT_ID`, `BOOKING_SYSTEM_ID`, `DATE`, `CLICKS`) VALUES (18, 10, '2014-12-23', 68);
INSERT INTO `s_object_clicks` (`OBJECT_ID`, `BOOKING_SYSTEM_ID`, `DATE`, `CLICKS`) VALUES (93, 9, '2019-04-25', 116);
INSERT INTO `s_object_clicks` (`OBJECT_ID`, `BOOKING_SYSTEM_ID`, `DATE`, `CLICKS`) VALUES (24, 8, '2021-04-01', 159);
INSERT INTO `s_object_clicks` (`OBJECT_ID`, `BOOKING_SYSTEM_ID`, `DATE`, `CLICKS`) VALUES (88, 11, '2022-05-05', 43);
INSERT INTO `s_object_clicks` (`OBJECT_ID`, `BOOKING_SYSTEM_ID`, `DATE`, `CLICKS`) VALUES (47, 9, '2014-10-08', 158);
INSERT INTO `s_object_clicks` (`OBJECT_ID`, `BOOKING_SYSTEM_ID`, `DATE`, `CLICKS`) VALUES (92, 16, '2012-11-24', 230);
INSERT INTO `s_object_clicks` (`OBJECT_ID`, `BOOKING_SYSTEM_ID`, `DATE`, `CLICKS`) VALUES (65, 7, '2022-03-08', 69);
INSERT INTO `s_object_clicks` (`OBJECT_ID`, `BOOKING_SYSTEM_ID`, `DATE`, `CLICKS`) VALUES (60, 13, '2019-03-14', 57);
INSERT INTO `s_object_clicks` (`OBJECT_ID`, `BOOKING_SYSTEM_ID`, `DATE`, `CLICKS`) VALUES (13, 1, '2012-10-16', 33);
INSERT INTO `s_object_clicks` (`OBJECT_ID`, `BOOKING_SYSTEM_ID`, `DATE`, `CLICKS`) VALUES (13, 19, '2021-10-17', 210);
INSERT INTO `s_object_clicks` (`OBJECT_ID`, `BOOKING_SYSTEM_ID`, `DATE`, `CLICKS`) VALUES (12, 10, '2015-02-15', 118);
INSERT INTO `s_object_clicks` (`OBJECT_ID`, `BOOKING_SYSTEM_ID`, `DATE`, `CLICKS`) VALUES (49, 18, '2022-07-14', 62);
INSERT INTO `s_object_clicks` (`OBJECT_ID`, `BOOKING_SYSTEM_ID`, `DATE`, `CLICKS`) VALUES (31, 16, '2015-11-03', 115);
INSERT INTO `s_object_clicks` (`OBJECT_ID`, `BOOKING_SYSTEM_ID`, `DATE`, `CLICKS`) VALUES (13, 14, '2019-07-26', 103);


#
# TABLE STRUCTURE FOR: s_object_owner
#

INSERT INTO `s_object_owner` (`OBJECT_ID`, `USER_ID`) VALUES (1, 1);
INSERT INTO `s_object_owner` (`OBJECT_ID`, `USER_ID`) VALUES (2, 2);
INSERT INTO `s_object_owner` (`OBJECT_ID`, `USER_ID`) VALUES (3, 3);
INSERT INTO `s_object_owner` (`OBJECT_ID`, `USER_ID`) VALUES (4, 4);
INSERT INTO `s_object_owner` (`OBJECT_ID`, `USER_ID`) VALUES (5, 5);
INSERT INTO `s_object_owner` (`OBJECT_ID`, `USER_ID`) VALUES (6, 6);
INSERT INTO `s_object_owner` (`OBJECT_ID`, `USER_ID`) VALUES (7, 7);
INSERT INTO `s_object_owner` (`OBJECT_ID`, `USER_ID`) VALUES (8, 8);
INSERT INTO `s_object_owner` (`OBJECT_ID`, `USER_ID`) VALUES (9, 9);
INSERT INTO `s_object_owner` (`OBJECT_ID`, `USER_ID`) VALUES (10, 10);
INSERT INTO `s_object_owner` (`OBJECT_ID`, `USER_ID`) VALUES (11, 11);
INSERT INTO `s_object_owner` (`OBJECT_ID`, `USER_ID`) VALUES (12, 12);
INSERT INTO `s_object_owner` (`OBJECT_ID`, `USER_ID`) VALUES (13, 13);
INSERT INTO `s_object_owner` (`OBJECT_ID`, `USER_ID`) VALUES (14, 14);
INSERT INTO `s_object_owner` (`OBJECT_ID`, `USER_ID`) VALUES (15, 15);
INSERT INTO `s_object_owner` (`OBJECT_ID`, `USER_ID`) VALUES (16, 16);
INSERT INTO `s_object_owner` (`OBJECT_ID`, `USER_ID`) VALUES (17, 17);
INSERT INTO `s_object_owner` (`OBJECT_ID`, `USER_ID`) VALUES (18, 18);
INSERT INTO `s_object_owner` (`OBJECT_ID`, `USER_ID`) VALUES (19, 19);
INSERT INTO `s_object_owner` (`OBJECT_ID`, `USER_ID`) VALUES (20, 20);
INSERT INTO `s_object_owner` (`OBJECT_ID`, `USER_ID`) VALUES (21, 21);
INSERT INTO `s_object_owner` (`OBJECT_ID`, `USER_ID`) VALUES (22, 22);
INSERT INTO `s_object_owner` (`OBJECT_ID`, `USER_ID`) VALUES (23, 23);
INSERT INTO `s_object_owner` (`OBJECT_ID`, `USER_ID`) VALUES (24, 24);
INSERT INTO `s_object_owner` (`OBJECT_ID`, `USER_ID`) VALUES (25, 25);
INSERT INTO `s_object_owner` (`OBJECT_ID`, `USER_ID`) VALUES (26, 26);
INSERT INTO `s_object_owner` (`OBJECT_ID`, `USER_ID`) VALUES (27, 27);
INSERT INTO `s_object_owner` (`OBJECT_ID`, `USER_ID`) VALUES (28, 28);
INSERT INTO `s_object_owner` (`OBJECT_ID`, `USER_ID`) VALUES (29, 29);
INSERT INTO `s_object_owner` (`OBJECT_ID`, `USER_ID`) VALUES (30, 30);
INSERT INTO `s_object_owner` (`OBJECT_ID`, `USER_ID`) VALUES (31, 31);
INSERT INTO `s_object_owner` (`OBJECT_ID`, `USER_ID`) VALUES (32, 32);
INSERT INTO `s_object_owner` (`OBJECT_ID`, `USER_ID`) VALUES (33, 33);
INSERT INTO `s_object_owner` (`OBJECT_ID`, `USER_ID`) VALUES (34, 34);
INSERT INTO `s_object_owner` (`OBJECT_ID`, `USER_ID`) VALUES (35, 35);
INSERT INTO `s_object_owner` (`OBJECT_ID`, `USER_ID`) VALUES (36, 36);
INSERT INTO `s_object_owner` (`OBJECT_ID`, `USER_ID`) VALUES (37, 37);
INSERT INTO `s_object_owner` (`OBJECT_ID`, `USER_ID`) VALUES (38, 38);
INSERT INTO `s_object_owner` (`OBJECT_ID`, `USER_ID`) VALUES (39, 39);
INSERT INTO `s_object_owner` (`OBJECT_ID`, `USER_ID`) VALUES (40, 40);
INSERT INTO `s_object_owner` (`OBJECT_ID`, `USER_ID`) VALUES (41, 41);
INSERT INTO `s_object_owner` (`OBJECT_ID`, `USER_ID`) VALUES (42, 42);
INSERT INTO `s_object_owner` (`OBJECT_ID`, `USER_ID`) VALUES (43, 43);
INSERT INTO `s_object_owner` (`OBJECT_ID`, `USER_ID`) VALUES (44, 44);
INSERT INTO `s_object_owner` (`OBJECT_ID`, `USER_ID`) VALUES (45, 45);
INSERT INTO `s_object_owner` (`OBJECT_ID`, `USER_ID`) VALUES (46, 46);
INSERT INTO `s_object_owner` (`OBJECT_ID`, `USER_ID`) VALUES (47, 47);
INSERT INTO `s_object_owner` (`OBJECT_ID`, `USER_ID`) VALUES (48, 48);
INSERT INTO `s_object_owner` (`OBJECT_ID`, `USER_ID`) VALUES (49, 49);
INSERT INTO `s_object_owner` (`OBJECT_ID`, `USER_ID`) VALUES (50, 50);
INSERT INTO `s_object_owner` (`OBJECT_ID`, `USER_ID`) VALUES (51, 1);
INSERT INTO `s_object_owner` (`OBJECT_ID`, `USER_ID`) VALUES (52, 2);
INSERT INTO `s_object_owner` (`OBJECT_ID`, `USER_ID`) VALUES (53, 3);
INSERT INTO `s_object_owner` (`OBJECT_ID`, `USER_ID`) VALUES (54, 4);
INSERT INTO `s_object_owner` (`OBJECT_ID`, `USER_ID`) VALUES (55, 5);
INSERT INTO `s_object_owner` (`OBJECT_ID`, `USER_ID`) VALUES (56, 6);
INSERT INTO `s_object_owner` (`OBJECT_ID`, `USER_ID`) VALUES (57, 7);
INSERT INTO `s_object_owner` (`OBJECT_ID`, `USER_ID`) VALUES (58, 8);
INSERT INTO `s_object_owner` (`OBJECT_ID`, `USER_ID`) VALUES (59, 9);
INSERT INTO `s_object_owner` (`OBJECT_ID`, `USER_ID`) VALUES (60, 10);
INSERT INTO `s_object_owner` (`OBJECT_ID`, `USER_ID`) VALUES (61, 11);
INSERT INTO `s_object_owner` (`OBJECT_ID`, `USER_ID`) VALUES (62, 12);
INSERT INTO `s_object_owner` (`OBJECT_ID`, `USER_ID`) VALUES (63, 13);
INSERT INTO `s_object_owner` (`OBJECT_ID`, `USER_ID`) VALUES (64, 14);
INSERT INTO `s_object_owner` (`OBJECT_ID`, `USER_ID`) VALUES (65, 15);
INSERT INTO `s_object_owner` (`OBJECT_ID`, `USER_ID`) VALUES (66, 16);
INSERT INTO `s_object_owner` (`OBJECT_ID`, `USER_ID`) VALUES (67, 17);
INSERT INTO `s_object_owner` (`OBJECT_ID`, `USER_ID`) VALUES (68, 18);
INSERT INTO `s_object_owner` (`OBJECT_ID`, `USER_ID`) VALUES (69, 19);
INSERT INTO `s_object_owner` (`OBJECT_ID`, `USER_ID`) VALUES (70, 20);



#
# TABLE STRUCTURE FOR: s_prop
#


INSERT INTO `s_prop` (`ID`, `NAME`) VALUES (1, 'Телефон');
INSERT INTO `s_prop` (`ID`, `NAME`) VALUES (2, 'Кол-во звезд');
INSERT INTO `s_prop` (`ID`, `NAME`) VALUES (3, 'Тип');
INSERT INTO `s_prop` (`ID`, `NAME`) VALUES (4, 'Год основания');



#
# TABLE STRUCTURE FOR: s_object_props
#

INSERT INTO `s_object_props` (`ID`, `OBJECT_ID`, `PROP_ID`, `VALUE`) VALUES (1, 1, 1, '9518');
INSERT INTO `s_object_props` (`ID`, `OBJECT_ID`, `PROP_ID`, `VALUE`) VALUES (2, 2, 2, '40620.163');
INSERT INTO `s_object_props` (`ID`, `OBJECT_ID`, `PROP_ID`, `VALUE`) VALUES (3, 3, 3, '40743.55934336');
INSERT INTO `s_object_props` (`ID`, `OBJECT_ID`, `PROP_ID`, `VALUE`) VALUES (4, 4, 4, '72413.546345');
INSERT INTO `s_object_props` (`ID`, `OBJECT_ID`, `PROP_ID`, `VALUE`) VALUES (5, 5, 1, '61740.48');
INSERT INTO `s_object_props` (`ID`, `OBJECT_ID`, `PROP_ID`, `VALUE`) VALUES (6, 6, 2, '75306.1197615');
INSERT INTO `s_object_props` (`ID`, `OBJECT_ID`, `PROP_ID`, `VALUE`) VALUES (7, 7, 3, '62775.6846978');
INSERT INTO `s_object_props` (`ID`, `OBJECT_ID`, `PROP_ID`, `VALUE`) VALUES (8, 8, 4, '63162.9011838');
INSERT INTO `s_object_props` (`ID`, `OBJECT_ID`, `PROP_ID`, `VALUE`) VALUES (9, 9, 1, '24629');
INSERT INTO `s_object_props` (`ID`, `OBJECT_ID`, `PROP_ID`, `VALUE`) VALUES (10, 10, 2, '75812.8');
INSERT INTO `s_object_props` (`ID`, `OBJECT_ID`, `PROP_ID`, `VALUE`) VALUES (11, 11, 3, '41621.32228');
INSERT INTO `s_object_props` (`ID`, `OBJECT_ID`, `PROP_ID`, `VALUE`) VALUES (12, 12, 4, '2106.8169');
INSERT INTO `s_object_props` (`ID`, `OBJECT_ID`, `PROP_ID`, `VALUE`) VALUES (13, 13, 1, '51175.66734');
INSERT INTO `s_object_props` (`ID`, `OBJECT_ID`, `PROP_ID`, `VALUE`) VALUES (14, 14, 2, '68312.8134');
INSERT INTO `s_object_props` (`ID`, `OBJECT_ID`, `PROP_ID`, `VALUE`) VALUES (15, 15, 3, '68401.1237');
INSERT INTO `s_object_props` (`ID`, `OBJECT_ID`, `PROP_ID`, `VALUE`) VALUES (16, 16, 4, '48194.584704514');
INSERT INTO `s_object_props` (`ID`, `OBJECT_ID`, `PROP_ID`, `VALUE`) VALUES (17, 17, 1, '27084.6871056');
INSERT INTO `s_object_props` (`ID`, `OBJECT_ID`, `PROP_ID`, `VALUE`) VALUES (18, 18, 2, '69029.61');
INSERT INTO `s_object_props` (`ID`, `OBJECT_ID`, `PROP_ID`, `VALUE`) VALUES (19, 19, 3, '4796.9');
INSERT INTO `s_object_props` (`ID`, `OBJECT_ID`, `PROP_ID`, `VALUE`) VALUES (20, 20, 4, '43134.6228774');
INSERT INTO `s_object_props` (`ID`, `OBJECT_ID`, `PROP_ID`, `VALUE`) VALUES (21, 21, 1, '23935.240939');
INSERT INTO `s_object_props` (`ID`, `OBJECT_ID`, `PROP_ID`, `VALUE`) VALUES (22, 22, 2, '57081.800871741');
INSERT INTO `s_object_props` (`ID`, `OBJECT_ID`, `PROP_ID`, `VALUE`) VALUES (23, 23, 3, '53091.68305');
INSERT INTO `s_object_props` (`ID`, `OBJECT_ID`, `PROP_ID`, `VALUE`) VALUES (24, 24, 4, '77077.5199449');
INSERT INTO `s_object_props` (`ID`, `OBJECT_ID`, `PROP_ID`, `VALUE`) VALUES (25, 25, 1, '57258');
INSERT INTO `s_object_props` (`ID`, `OBJECT_ID`, `PROP_ID`, `VALUE`) VALUES (26, 26, 2, '65011.5614');
INSERT INTO `s_object_props` (`ID`, `OBJECT_ID`, `PROP_ID`, `VALUE`) VALUES (27, 27, 3, '57333.3555');
INSERT INTO `s_object_props` (`ID`, `OBJECT_ID`, `PROP_ID`, `VALUE`) VALUES (28, 28, 4, '18422.302');
INSERT INTO `s_object_props` (`ID`, `OBJECT_ID`, `PROP_ID`, `VALUE`) VALUES (29, 29, 1, '19873.818');
INSERT INTO `s_object_props` (`ID`, `OBJECT_ID`, `PROP_ID`, `VALUE`) VALUES (30, 30, 2, '34011.0274');
INSERT INTO `s_object_props` (`ID`, `OBJECT_ID`, `PROP_ID`, `VALUE`) VALUES (31, 31, 3, '3034.65504');
INSERT INTO `s_object_props` (`ID`, `OBJECT_ID`, `PROP_ID`, `VALUE`) VALUES (32, 32, 4, '1328');
INSERT INTO `s_object_props` (`ID`, `OBJECT_ID`, `PROP_ID`, `VALUE`) VALUES (33, 33, 1, '49083.490296674');
INSERT INTO `s_object_props` (`ID`, `OBJECT_ID`, `PROP_ID`, `VALUE`) VALUES (34, 34, 2, '10256.8846337');
INSERT INTO `s_object_props` (`ID`, `OBJECT_ID`, `PROP_ID`, `VALUE`) VALUES (35, 35, 3, '49430.8415');
INSERT INTO `s_object_props` (`ID`, `OBJECT_ID`, `PROP_ID`, `VALUE`) VALUES (36, 36, 4, '44925');
INSERT INTO `s_object_props` (`ID`, `OBJECT_ID`, `PROP_ID`, `VALUE`) VALUES (37, 37, 1, '67756.389495482');
INSERT INTO `s_object_props` (`ID`, `OBJECT_ID`, `PROP_ID`, `VALUE`) VALUES (38, 38, 2, '74067.5167');
INSERT INTO `s_object_props` (`ID`, `OBJECT_ID`, `PROP_ID`, `VALUE`) VALUES (39, 39, 3, '53724.35548');
INSERT INTO `s_object_props` (`ID`, `OBJECT_ID`, `PROP_ID`, `VALUE`) VALUES (40, 40, 4, '60846.516');
INSERT INTO `s_object_props` (`ID`, `OBJECT_ID`, `PROP_ID`, `VALUE`) VALUES (41, 41, 1, '62773.99');
INSERT INTO `s_object_props` (`ID`, `OBJECT_ID`, `PROP_ID`, `VALUE`) VALUES (42, 42, 2, '57047.5519');
INSERT INTO `s_object_props` (`ID`, `OBJECT_ID`, `PROP_ID`, `VALUE`) VALUES (43, 43, 3, '73172.93');
INSERT INTO `s_object_props` (`ID`, `OBJECT_ID`, `PROP_ID`, `VALUE`) VALUES (44, 44, 4, '17120.505772');
INSERT INTO `s_object_props` (`ID`, `OBJECT_ID`, `PROP_ID`, `VALUE`) VALUES (45, 45, 1, '32818.73');
INSERT INTO `s_object_props` (`ID`, `OBJECT_ID`, `PROP_ID`, `VALUE`) VALUES (46, 46, 2, '3277.423319179');
INSERT INTO `s_object_props` (`ID`, `OBJECT_ID`, `PROP_ID`, `VALUE`) VALUES (47, 47, 3, '39804.35');
INSERT INTO `s_object_props` (`ID`, `OBJECT_ID`, `PROP_ID`, `VALUE`) VALUES (48, 48, 4, '56102.4213');
INSERT INTO `s_object_props` (`ID`, `OBJECT_ID`, `PROP_ID`, `VALUE`) VALUES (49, 49, 1, '12948.337607');
INSERT INTO `s_object_props` (`ID`, `OBJECT_ID`, `PROP_ID`, `VALUE`) VALUES (50, 50, 2, '18775.958');
INSERT INTO `s_object_props` (`ID`, `OBJECT_ID`, `PROP_ID`, `VALUE`) VALUES (51, 51, 3, '39825.965555');
INSERT INTO `s_object_props` (`ID`, `OBJECT_ID`, `PROP_ID`, `VALUE`) VALUES (52, 52, 4, '50022.8');
INSERT INTO `s_object_props` (`ID`, `OBJECT_ID`, `PROP_ID`, `VALUE`) VALUES (53, 53, 1, '12950.106');
INSERT INTO `s_object_props` (`ID`, `OBJECT_ID`, `PROP_ID`, `VALUE`) VALUES (54, 54, 2, '38392.336');
INSERT INTO `s_object_props` (`ID`, `OBJECT_ID`, `PROP_ID`, `VALUE`) VALUES (55, 55, 3, '55432.391');
INSERT INTO `s_object_props` (`ID`, `OBJECT_ID`, `PROP_ID`, `VALUE`) VALUES (56, 56, 4, '21379.218723');
INSERT INTO `s_object_props` (`ID`, `OBJECT_ID`, `PROP_ID`, `VALUE`) VALUES (57, 57, 1, '34514.067');
INSERT INTO `s_object_props` (`ID`, `OBJECT_ID`, `PROP_ID`, `VALUE`) VALUES (58, 58, 2, '76537.38');
INSERT INTO `s_object_props` (`ID`, `OBJECT_ID`, `PROP_ID`, `VALUE`) VALUES (59, 59, 3, '66783.28');
INSERT INTO `s_object_props` (`ID`, `OBJECT_ID`, `PROP_ID`, `VALUE`) VALUES (60, 60, 4, '42705.904373');
INSERT INTO `s_object_props` (`ID`, `OBJECT_ID`, `PROP_ID`, `VALUE`) VALUES (61, 61, 1, '42758');
INSERT INTO `s_object_props` (`ID`, `OBJECT_ID`, `PROP_ID`, `VALUE`) VALUES (62, 62, 2, '57702.67152');
INSERT INTO `s_object_props` (`ID`, `OBJECT_ID`, `PROP_ID`, `VALUE`) VALUES (63, 63, 3, '7631.4388611');
INSERT INTO `s_object_props` (`ID`, `OBJECT_ID`, `PROP_ID`, `VALUE`) VALUES (64, 64, 4, '14735');
INSERT INTO `s_object_props` (`ID`, `OBJECT_ID`, `PROP_ID`, `VALUE`) VALUES (65, 65, 1, '49971.05461');
INSERT INTO `s_object_props` (`ID`, `OBJECT_ID`, `PROP_ID`, `VALUE`) VALUES (66, 66, 2, '24175.33976013');
INSERT INTO `s_object_props` (`ID`, `OBJECT_ID`, `PROP_ID`, `VALUE`) VALUES (67, 67, 3, '18017.0107339');
INSERT INTO `s_object_props` (`ID`, `OBJECT_ID`, `PROP_ID`, `VALUE`) VALUES (68, 68, 4, '33218');
INSERT INTO `s_object_props` (`ID`, `OBJECT_ID`, `PROP_ID`, `VALUE`) VALUES (69, 69, 1, '68952.47');
INSERT INTO `s_object_props` (`ID`, `OBJECT_ID`, `PROP_ID`, `VALUE`) VALUES (70, 70, 2, '68902.896');
INSERT INTO `s_object_props` (`ID`, `OBJECT_ID`, `PROP_ID`, `VALUE`) VALUES (71, 71, 3, '10780.38633636');
INSERT INTO `s_object_props` (`ID`, `OBJECT_ID`, `PROP_ID`, `VALUE`) VALUES (72, 72, 4, '16335.2');
INSERT INTO `s_object_props` (`ID`, `OBJECT_ID`, `PROP_ID`, `VALUE`) VALUES (73, 73, 1, '50063.3657');
INSERT INTO `s_object_props` (`ID`, `OBJECT_ID`, `PROP_ID`, `VALUE`) VALUES (74, 74, 2, '50472.19');
INSERT INTO `s_object_props` (`ID`, `OBJECT_ID`, `PROP_ID`, `VALUE`) VALUES (75, 75, 3, '71697.590222');
INSERT INTO `s_object_props` (`ID`, `OBJECT_ID`, `PROP_ID`, `VALUE`) VALUES (76, 76, 4, '51580.88144887');
INSERT INTO `s_object_props` (`ID`, `OBJECT_ID`, `PROP_ID`, `VALUE`) VALUES (77, 77, 1, '28584.00946671');
INSERT INTO `s_object_props` (`ID`, `OBJECT_ID`, `PROP_ID`, `VALUE`) VALUES (78, 78, 2, '45609.5533768');
INSERT INTO `s_object_props` (`ID`, `OBJECT_ID`, `PROP_ID`, `VALUE`) VALUES (79, 79, 3, '67153.3');
INSERT INTO `s_object_props` (`ID`, `OBJECT_ID`, `PROP_ID`, `VALUE`) VALUES (80, 80, 4, '58264');
INSERT INTO `s_object_props` (`ID`, `OBJECT_ID`, `PROP_ID`, `VALUE`) VALUES (81, 81, 1, '56563.537943');
INSERT INTO `s_object_props` (`ID`, `OBJECT_ID`, `PROP_ID`, `VALUE`) VALUES (82, 82, 2, '25261.061430163');
INSERT INTO `s_object_props` (`ID`, `OBJECT_ID`, `PROP_ID`, `VALUE`) VALUES (83, 83, 3, '72005.974');
INSERT INTO `s_object_props` (`ID`, `OBJECT_ID`, `PROP_ID`, `VALUE`) VALUES (84, 84, 4, '33668.4613');
INSERT INTO `s_object_props` (`ID`, `OBJECT_ID`, `PROP_ID`, `VALUE`) VALUES (85, 85, 1, '32656.4246');
INSERT INTO `s_object_props` (`ID`, `OBJECT_ID`, `PROP_ID`, `VALUE`) VALUES (86, 86, 2, '33600.9');
INSERT INTO `s_object_props` (`ID`, `OBJECT_ID`, `PROP_ID`, `VALUE`) VALUES (87, 87, 3, '61964.76');
INSERT INTO `s_object_props` (`ID`, `OBJECT_ID`, `PROP_ID`, `VALUE`) VALUES (88, 88, 4, '43512.86006');
INSERT INTO `s_object_props` (`ID`, `OBJECT_ID`, `PROP_ID`, `VALUE`) VALUES (89, 89, 1, '10259');
INSERT INTO `s_object_props` (`ID`, `OBJECT_ID`, `PROP_ID`, `VALUE`) VALUES (90, 90, 2, '54364.12');
INSERT INTO `s_object_props` (`ID`, `OBJECT_ID`, `PROP_ID`, `VALUE`) VALUES (91, 91, 3, '67744.433065');
INSERT INTO `s_object_props` (`ID`, `OBJECT_ID`, `PROP_ID`, `VALUE`) VALUES (92, 92, 4, '7682.8922');
INSERT INTO `s_object_props` (`ID`, `OBJECT_ID`, `PROP_ID`, `VALUE`) VALUES (93, 93, 1, '65864');
INSERT INTO `s_object_props` (`ID`, `OBJECT_ID`, `PROP_ID`, `VALUE`) VALUES (94, 94, 2, '17484.24225438');
INSERT INTO `s_object_props` (`ID`, `OBJECT_ID`, `PROP_ID`, `VALUE`) VALUES (95, 95, 3, '55077.7544051');
INSERT INTO `s_object_props` (`ID`, `OBJECT_ID`, `PROP_ID`, `VALUE`) VALUES (96, 96, 4, '73976.411');
INSERT INTO `s_object_props` (`ID`, `OBJECT_ID`, `PROP_ID`, `VALUE`) VALUES (97, 97, 1, '56705.01');
INSERT INTO `s_object_props` (`ID`, `OBJECT_ID`, `PROP_ID`, `VALUE`) VALUES (98, 98, 2, '20402');
INSERT INTO `s_object_props` (`ID`, `OBJECT_ID`, `PROP_ID`, `VALUE`) VALUES (99, 99, 3, '61543.55');
INSERT INTO `s_object_props` (`ID`, `OBJECT_ID`, `PROP_ID`, `VALUE`) VALUES (100, 100, 4, '55184');




#
# TABLE STRUCTURE FOR: s_service
#

INSERT INTO `s_service` (`ID`, `NAME`, `DESCRIPTION`) VALUES (1, 'McGlynn LLC', 'Praesentium sed sed aut cumque et. Rerum numquam velit et ut eius. Molestiae corrupti fugiat molestiae illum.');
INSERT INTO `s_service` (`ID`, `NAME`, `DESCRIPTION`) VALUES (2, 'Crooks-Halvorson', 'Molestias itaque et qui illo nemo inventore expedita. Voluptatem numquam saepe provident.');
INSERT INTO `s_service` (`ID`, `NAME`, `DESCRIPTION`) VALUES (3, 'Powlowski Ltd', 'Voluptatem saepe sint qui autem est est aut. Aliquid dolor recusandae iste. Eum aut minima dolorem incidunt harum.');
INSERT INTO `s_service` (`ID`, `NAME`, `DESCRIPTION`) VALUES (4, 'Murray and Sons', 'Et doloremque dolores rerum. Ab aut enim id veniam odio et. Asperiores officiis earum cumque natus ea aut. Culpa et ratione ad saepe molestiae inventore architecto.');
INSERT INTO `s_service` (`ID`, `NAME`, `DESCRIPTION`) VALUES (5, 'Waters-Powlowski', 'Quo eos accusantium perspiciatis a. Qui aliquid suscipit odit repellendus enim natus. Harum ullam et sit voluptatem. Placeat eum qui illum eveniet. Dolorum ad illum quas vero.');
INSERT INTO `s_service` (`ID`, `NAME`, `DESCRIPTION`) VALUES (6, 'Feest PLC', 'Et dolorem temporibus voluptatem minus. Eum voluptatibus porro soluta illo voluptatibus aut quisquam. Ut quas et non.');
INSERT INTO `s_service` (`ID`, `NAME`, `DESCRIPTION`) VALUES (7, 'Schinner, Kiehn and Torphy', 'Voluptatem nobis soluta nostrum dolor impedit veniam. Aut suscipit est recusandae. Nostrum pariatur quis sunt.');
INSERT INTO `s_service` (`ID`, `NAME`, `DESCRIPTION`) VALUES (8, 'Brekke-Schuppe', 'Rerum quisquam reiciendis eos aut temporibus voluptas. Ducimus vel tempora recusandae ratione velit delectus incidunt. Ipsum consequatur sit exercitationem.');
INSERT INTO `s_service` (`ID`, `NAME`, `DESCRIPTION`) VALUES (9, 'Ebert Group', 'Similique quidem et soluta a ut dicta. Dolores atque corrupti quae. Quis aut dolorem impedit adipisci.');
INSERT INTO `s_service` (`ID`, `NAME`, `DESCRIPTION`) VALUES (10, 'Skiles, Emmerich and Windler', 'Dolore repellendus porro non exercitationem consectetur et debitis. Quo maxime sit rerum suscipit a amet. Reprehenderit nulla odit adipisci doloremque fugit laboriosam debitis. Aut nihil distinctio aut excepturi molestiae rerum neque.');
INSERT INTO `s_service` (`ID`, `NAME`, `DESCRIPTION`) VALUES (11, 'Schmitt, Kertzmann and Medhurst', 'Est nesciunt quas aliquam fugit nihil ut asperiores. Quia quam minus voluptas illo nulla. In voluptatem commodi saepe dolore fuga harum ipsa.');
INSERT INTO `s_service` (`ID`, `NAME`, `DESCRIPTION`) VALUES (12, 'Greenfelder Ltd', 'In fugiat porro quae. Quia dicta dolorum atque. Officia ut praesentium eum.');
INSERT INTO `s_service` (`ID`, `NAME`, `DESCRIPTION`) VALUES (13, 'Klocko-Price', 'Doloribus dolores minima quae laborum aliquam. Omnis aut assumenda in qui. Beatae beatae eius laudantium sed quia ex doloribus. Eaque vel numquam explicabo excepturi necessitatibus laborum consectetur. Id aut temporibus hic explicabo dolorem.');
INSERT INTO `s_service` (`ID`, `NAME`, `DESCRIPTION`) VALUES (14, 'Grimes-Greenholt', 'Consequatur dolorem accusantium voluptatem aspernatur quis. Quos soluta incidunt debitis maxime officiis. Dolores illum molestias tenetur.');
INSERT INTO `s_service` (`ID`, `NAME`, `DESCRIPTION`) VALUES (15, 'Thompson LLC', 'Vel maxime quia iusto aut dolor. Ab ad ut aut eius.');
INSERT INTO `s_service` (`ID`, `NAME`, `DESCRIPTION`) VALUES (16, 'Lakin, Jones and Reinger', 'Dolor et ipsam neque sunt. Vitae voluptatem hic quod iure. Consequatur ratione in sed reprehenderit aliquid quia.');
INSERT INTO `s_service` (`ID`, `NAME`, `DESCRIPTION`) VALUES (17, 'Koss, Langworth and Grimes', 'Repellendus in quasi consequatur quis. Facilis fugiat omnis non. Sequi nisi ipsa asperiores natus occaecati ut qui.');
INSERT INTO `s_service` (`ID`, `NAME`, `DESCRIPTION`) VALUES (18, 'Dicki-Streich', 'Deserunt est aut amet tempore vel et. Quia quis animi sequi quod sed non saepe fugiat. Neque hic est molestiae impedit nobis sint.');
INSERT INTO `s_service` (`ID`, `NAME`, `DESCRIPTION`) VALUES (19, 'Rodriguez-Ziemann', 'Et delectus molestiae ab fugiat et. Fugiat voluptatem ipsum aut.');
INSERT INTO `s_service` (`ID`, `NAME`, `DESCRIPTION`) VALUES (20, 'Keebler-Reilly', 'Eos a excepturi odit veniam sit illo rem. Nostrum architecto error et. In beatae repellendus ducimus sint. Dolor id quaerat molestias nulla rerum est ut. Dicta pariatur repellat sed nam aliquam consectetur sequi.');



#
# TABLE STRUCTURE FOR: s_object_service
#

INSERT INTO `s_object_service` (`OBJECT_ID`, `SERVICE_ID`) VALUES (17, 11);
INSERT INTO `s_object_service` (`OBJECT_ID`, `SERVICE_ID`) VALUES (75, 4);
INSERT INTO `s_object_service` (`OBJECT_ID`, `SERVICE_ID`) VALUES (96, 20);
INSERT INTO `s_object_service` (`OBJECT_ID`, `SERVICE_ID`) VALUES (69, 11);
INSERT INTO `s_object_service` (`OBJECT_ID`, `SERVICE_ID`) VALUES (82, 14);
INSERT INTO `s_object_service` (`OBJECT_ID`, `SERVICE_ID`) VALUES (90, 5);
INSERT INTO `s_object_service` (`OBJECT_ID`, `SERVICE_ID`) VALUES (1, 13);
INSERT INTO `s_object_service` (`OBJECT_ID`, `SERVICE_ID`) VALUES (99, 9);
INSERT INTO `s_object_service` (`OBJECT_ID`, `SERVICE_ID`) VALUES (45, 8);
INSERT INTO `s_object_service` (`OBJECT_ID`, `SERVICE_ID`) VALUES (90, 15);
INSERT INTO `s_object_service` (`OBJECT_ID`, `SERVICE_ID`) VALUES (76, 13);
INSERT INTO `s_object_service` (`OBJECT_ID`, `SERVICE_ID`) VALUES (62, 6);
INSERT INTO `s_object_service` (`OBJECT_ID`, `SERVICE_ID`) VALUES (82, 6);
INSERT INTO `s_object_service` (`OBJECT_ID`, `SERVICE_ID`) VALUES (42, 9);
INSERT INTO `s_object_service` (`OBJECT_ID`, `SERVICE_ID`) VALUES (66, 20);
INSERT INTO `s_object_service` (`OBJECT_ID`, `SERVICE_ID`) VALUES (80, 17);
INSERT INTO `s_object_service` (`OBJECT_ID`, `SERVICE_ID`) VALUES (50, 11);
INSERT INTO `s_object_service` (`OBJECT_ID`, `SERVICE_ID`) VALUES (2, 10);
INSERT INTO `s_object_service` (`OBJECT_ID`, `SERVICE_ID`) VALUES (53, 14);
INSERT INTO `s_object_service` (`OBJECT_ID`, `SERVICE_ID`) VALUES (97, 7);
INSERT INTO `s_object_service` (`OBJECT_ID`, `SERVICE_ID`) VALUES (40, 18);
INSERT INTO `s_object_service` (`OBJECT_ID`, `SERVICE_ID`) VALUES (55, 9);
INSERT INTO `s_object_service` (`OBJECT_ID`, `SERVICE_ID`) VALUES (49, 11);
INSERT INTO `s_object_service` (`OBJECT_ID`, `SERVICE_ID`) VALUES (83, 19);
INSERT INTO `s_object_service` (`OBJECT_ID`, `SERVICE_ID`) VALUES (89, 15);
INSERT INTO `s_object_service` (`OBJECT_ID`, `SERVICE_ID`) VALUES (67, 13);
INSERT INTO `s_object_service` (`OBJECT_ID`, `SERVICE_ID`) VALUES (34, 6);
INSERT INTO `s_object_service` (`OBJECT_ID`, `SERVICE_ID`) VALUES (94, 3);
INSERT INTO `s_object_service` (`OBJECT_ID`, `SERVICE_ID`) VALUES (55, 7);
INSERT INTO `s_object_service` (`OBJECT_ID`, `SERVICE_ID`) VALUES (56, 4);
INSERT INTO `s_object_service` (`OBJECT_ID`, `SERVICE_ID`) VALUES (33, 7);
INSERT INTO `s_object_service` (`OBJECT_ID`, `SERVICE_ID`) VALUES (3, 17);
INSERT INTO `s_object_service` (`OBJECT_ID`, `SERVICE_ID`) VALUES (89, 1);
INSERT INTO `s_object_service` (`OBJECT_ID`, `SERVICE_ID`) VALUES (28, 9);
INSERT INTO `s_object_service` (`OBJECT_ID`, `SERVICE_ID`) VALUES (74, 5);
INSERT INTO `s_object_service` (`OBJECT_ID`, `SERVICE_ID`) VALUES (75, 3);
INSERT INTO `s_object_service` (`OBJECT_ID`, `SERVICE_ID`) VALUES (10, 6);
INSERT INTO `s_object_service` (`OBJECT_ID`, `SERVICE_ID`) VALUES (54, 12);
INSERT INTO `s_object_service` (`OBJECT_ID`, `SERVICE_ID`) VALUES (82, 8);
INSERT INTO `s_object_service` (`OBJECT_ID`, `SERVICE_ID`) VALUES (51, 14);
INSERT INTO `s_object_service` (`OBJECT_ID`, `SERVICE_ID`) VALUES (9, 4);
INSERT INTO `s_object_service` (`OBJECT_ID`, `SERVICE_ID`) VALUES (34, 9);
INSERT INTO `s_object_service` (`OBJECT_ID`, `SERVICE_ID`) VALUES (46, 6);
INSERT INTO `s_object_service` (`OBJECT_ID`, `SERVICE_ID`) VALUES (57, 20);
INSERT INTO `s_object_service` (`OBJECT_ID`, `SERVICE_ID`) VALUES (61, 3);
INSERT INTO `s_object_service` (`OBJECT_ID`, `SERVICE_ID`) VALUES (20, 19);
INSERT INTO `s_object_service` (`OBJECT_ID`, `SERVICE_ID`) VALUES (47, 5);
INSERT INTO `s_object_service` (`OBJECT_ID`, `SERVICE_ID`) VALUES (77, 7);
INSERT INTO `s_object_service` (`OBJECT_ID`, `SERVICE_ID`) VALUES (26, 1);
INSERT INTO `s_object_service` (`OBJECT_ID`, `SERVICE_ID`) VALUES (76, 20);
