#
# TABLE STRUCTURE FOR: s_booking
#

DROP TABLE IF EXISTS `s_booking`;

CREATE TABLE `s_booking` (
	                         `ID` int(11) NOT NULL AUTO_INCREMENT,
	                         `NAME` varchar(255) COLLATE utf8_unicode_ci DEFAULT NULL,
	                         `DATE_ADD` date DEFAULT NULL,
	                         `IS_ACTIVE` char(1) COLLATE utf8_unicode_ci DEFAULT NULL,
	                         PRIMARY KEY (`ID`)
) ENGINE=InnoDB AUTO_INCREMENT=8 DEFAULT CHARSET=utf8 COLLATE=utf8_unicode_ci;

INSERT INTO `s_booking` (`ID`, `NAME`, `DATE_ADD`, `IS_ACTIVE`) VALUES (1, 'Kemmer, Wehner and Reichert', '2009-10-08', 'Y');
INSERT INTO `s_booking` (`ID`, `NAME`, `DATE_ADD`, `IS_ACTIVE`) VALUES (2, 'McDermott and Sons', '2005-04-27', 'Y');
INSERT INTO `s_booking` (`ID`, `NAME`, `DATE_ADD`, `IS_ACTIVE`) VALUES (3, 'Becker-Streich', '1994-02-08', 'Y');
INSERT INTO `s_booking` (`ID`, `NAME`, `DATE_ADD`, `IS_ACTIVE`) VALUES (4, 'Jenkins, Hilll and Balistreri', '2014-12-09', 'Y');
INSERT INTO `s_booking` (`ID`, `NAME`, `DATE_ADD`, `IS_ACTIVE`) VALUES (5, 'Macejkovic, Runolfsdottir and Hessel', '1984-12-01', 'Y');
INSERT INTO `s_booking` (`ID`, `NAME`, `DATE_ADD`, `IS_ACTIVE`) VALUES (6, 'Paucek and Sons', '1987-12-25', 'Y');
INSERT INTO `s_booking` (`ID`, `NAME`, `DATE_ADD`, `IS_ACTIVE`) VALUES (7, 'Windler-Conn', '1985-10-19', 'Y');


#
# TABLE STRUCTURE FOR: s_region
#

DROP TABLE IF EXISTS `s_region`;

CREATE TABLE `s_region` (
	                        `ID` int(11) NOT NULL AUTO_INCREMENT,
	                        `NAME` varchar(255) COLLATE utf8_unicode_ci DEFAULT NULL,
	                        `REGION_CODE` int(11) DEFAULT NULL,
	                        PRIMARY KEY (`ID`)
) ENGINE=InnoDB AUTO_INCREMENT=5 DEFAULT CHARSET=utf8 COLLATE=utf8_unicode_ci;

INSERT INTO `s_region` (`ID`, `NAME`, `REGION_CODE`) VALUES (1, 'NewMexico', 62);
INSERT INTO `s_region` (`ID`, `NAME`, `REGION_CODE`) VALUES (2, 'NewYork', 47);
INSERT INTO `s_region` (`ID`, `NAME`, `REGION_CODE`) VALUES (3, 'Montana', 16);
INSERT INTO `s_region` (`ID`, `NAME`, `REGION_CODE`) VALUES (4, 'Wyoming', 29);



#
# TABLE STRUCTURE FOR: s_city
#

DROP TABLE IF EXISTS `s_city`;

CREATE TABLE `s_city` (
	                      `ID` int(11) NOT NULL AUTO_INCREMENT,
	                      `NAME` varchar(255) COLLATE utf8_unicode_ci DEFAULT NULL,
	                      `DESCRIPTION` text COLLATE utf8_unicode_ci DEFAULT NULL,
	                      `POPULATION` int(11) DEFAULT NULL,
	                      `REGION_ID` int(11) DEFAULT NULL,
	                      `IS_REGION_CENTER` char DEFAULT 'N',
	                      PRIMARY KEY (`ID`),
	                      KEY `s_city_s_region_ID_fk` (`REGION_ID`),
	                      CONSTRAINT `s_city_s_region_ID_fk` FOREIGN KEY (`REGION_ID`) REFERENCES `s_region` (`ID`)
) ENGINE=InnoDB AUTO_INCREMENT=15 DEFAULT CHARSET=utf8 COLLATE=utf8_unicode_ci;

INSERT INTO `s_city` (`ID`, `NAME`, `DESCRIPTION`, `POPULATION`, `REGION_ID`, `IS_REGION_CENTER`) VALUES ( 1, 'Санкт-Петербург', 'Omnis velit porro repellendus autem soluta. Quo nihil enim et. Maiores quo qui facilis dolorem et iste sequi. Facere sit repellendus et quas unde.', 464358, 1, 'N');
INSERT INTO `s_city` (`ID`, `NAME`, `DESCRIPTION`, `POPULATION`, `REGION_ID`, `IS_REGION_CENTER`) VALUES ( 2, 'Рязань', 'Sapiente rerum optio quo exercitationem temporibus fugit ex. Beatae sunt culpa veritatis at accusamus enim. Sit quam enim qui saepe nobis. Autem at cumque molestias officiis.', 2637918, 2, 'N');
INSERT INTO `s_city` (`ID`, `NAME`, `DESCRIPTION`, `POPULATION`, `REGION_ID`, `IS_REGION_CENTER`) VALUES ( 3, 'Ханты-Мансийск', 'Facere delectus corporis qui nisi dolor suscipit. Illum dolorum reprehenderit est quidem omnis. Nobis consequatur qui incidunt qui sed soluta. Quasi blanditiis doloribus ipsum eum qui qui quo.', 1918325, 3, 'N');
INSERT INTO `s_city` (`ID`, `NAME`, `DESCRIPTION`, `POPULATION`, `REGION_ID`, `IS_REGION_CENTER`) VALUES ( 4, 'Москва', 'Voluptate perferendis libero fugiat placeat. Voluptates optio numquam nobis optio. Quae ex voluptatem sed iste.', 4604342, 4, 'Y');
INSERT INTO `s_city` (`ID`, `NAME`, `DESCRIPTION`, `POPULATION`, `REGION_ID`, `IS_REGION_CENTER`) VALUES ( 5, 'Курган', 'Assumenda in aut ut autem sequi et sit. Sit non reiciendis quasi quisquam. Error neque ullam vel molestiae tempore.', 4029860, 1, 'N');
INSERT INTO `s_city` (`ID`, `NAME`, `DESCRIPTION`, `POPULATION`, `REGION_ID`, `IS_REGION_CENTER`) VALUES ( 6, 'Псков', 'Provident sit quo aut sed officia id. Magni voluptatibus animi vitae vero. Consectetur enim excepturi nostrum ut enim nihil.', 2603666, 2, 'N');
INSERT INTO `s_city` (`ID`, `NAME`, `DESCRIPTION`, `POPULATION`, `REGION_ID`, `IS_REGION_CENTER`) VALUES ( 7, 'Хабаровск', 'Quos non aperiam id officia nam tenetur velit. Illo quos nihil nesciunt beatae quidem dolor. Magni laborum illum ea cupiditate.', 2758769, 3, 'N');
INSERT INTO `s_city` (`ID`, `NAME`, `DESCRIPTION`, `POPULATION`, `REGION_ID`, `IS_REGION_CENTER`) VALUES ( 8, 'Когалым', 'Ut sunt doloribus dolore iusto dolore rerum exercitationem voluptatum. Illum quibusdam cupiditate natus alias. Quos dolorem quis ab officiis inventore iure iure. Cum dolorum ullam suscipit ea dolorem ut dicta.', 3740974, 4, 'Y');
INSERT INTO `s_city` (`ID`, `NAME`, `DESCRIPTION`, `POPULATION`, `REGION_ID`, `IS_REGION_CENTER`) VALUES ( 9, 'Новосибирск', 'Voluptatibus numquam vel magni laudantium accusantium provident qui. Eum nemo neque repellendus. Quae qui quia quaerat voluptas illum voluptas earum. Voluptate accusantium odit similique voluptatibus.', 4743514, 1, 'N');
INSERT INTO `s_city` (`ID`, `NAME`, `DESCRIPTION`, `POPULATION`, `REGION_ID`, `IS_REGION_CENTER`) VALUES (10, 'Королев', 'Mollitia neque quasi quo fugiat ut. Maxime non at consequatur velit voluptas. Voluptatem non in corrupti quasi.', 1223711, 2, 'N');
INSERT INTO `s_city` (`ID`, `NAME`, `DESCRIPTION`, `POPULATION`, `REGION_ID`, `IS_REGION_CENTER`) VALUES (11, 'Кострома', 'Et distinctio beatae rem voluptatem sunt adipisci enim nihil. Qui eius neque repellendus et et reprehenderit voluptates. Quas ab eos perferendis deserunt qui sequi. Vel et animi vitae aut neque. Voluptas in accusantium hic harum delectus saepe rerum.', 4324759, 3, 'N');
INSERT INTO `s_city` (`ID`, `NAME`, `DESCRIPTION`, `POPULATION`, `REGION_ID`, `IS_REGION_CENTER`) VALUES (12, 'Калининград', 'Exercitationem qui magnam eum optio dolor aliquid. Laboriosam et et nemo maxime aperiam corrupti sit quam. Id voluptas nam consequatur corrupti autem modi.', 1509150, 4, 'Y');
INSERT INTO `s_city` (`ID`, `NAME`, `DESCRIPTION`, `POPULATION`, `REGION_ID`, `IS_REGION_CENTER`) VALUES (13, 'Сургут', 'Laudantium ut dolor molestias. Deserunt dicta quos possimus quod necessitatibus. Consequatur alias aliquid illo rerum aut. Quo libero quis dolor quasi.', 1500481, 1, 'N');
INSERT INTO `s_city` (`ID`, `NAME`, `DESCRIPTION`, `POPULATION`, `REGION_ID`, `IS_REGION_CENTER`) VALUES (14, 'Киров', 'Quis ut ut quis maiores minima. Adipisci laborum eum fugiat alias.', 123660, 2, 'N');


#
# TABLE STRUCTURE FOR: s_user
#

DROP TABLE IF EXISTS `s_user`;

CREATE TABLE `s_user` (
	                      `ID` int(11) NOT NULL AUTO_INCREMENT,
	                      `NAME` varchar(255) COLLATE utf8_unicode_ci DEFAULT NULL,
	                      `DATE_REG` datetime DEFAULT current_timestamp(),
	                      `PHONE` varchar(40) COLLATE utf8_unicode_ci DEFAULT NULL,
	                      `EMAIL` varchar(60) COLLATE utf8_unicode_ci DEFAULT NULL,
	                      `IS_ACTIVE` char(1) COLLATE utf8_unicode_ci DEFAULT NULL,
	                      PRIMARY KEY (`ID`)
) ENGINE=InnoDB AUTO_INCREMENT=41 DEFAULT CHARSET=utf8 COLLATE=utf8_unicode_ci;

INSERT INTO `s_user` (`ID`, `NAME`, `DATE_REG`, `PHONE`, `EMAIL`, `IS_ACTIVE`) VALUES (1, 'Mr. Monserrat Trantow DDS', '2021-05-08 00:00:00', '1-724-401-8902', 'camilla87@example.org', 'N');
INSERT INTO `s_user` (`ID`, `NAME`, `DATE_REG`, `PHONE`, `EMAIL`, `IS_ACTIVE`) VALUES (2, 'Lane Von', '1994-07-28 00:00:00', '1-598-947-5014x62222', 'blarkin@example.net', 'N');
INSERT INTO `s_user` (`ID`, `NAME`, `DATE_REG`, `PHONE`, `EMAIL`, `IS_ACTIVE`) VALUES (3, 'Florencio Bednar', '1990-12-26 00:00:00', '362-693-2838x82174', 'lemke.viva@example.com', 'Y');
INSERT INTO `s_user` (`ID`, `NAME`, `DATE_REG`, `PHONE`, `EMAIL`, `IS_ACTIVE`) VALUES (4, 'Lance Marquardt III', '1986-06-23 00:00:00', '1-107-428-4567x251', 'wava.schaden@example.net', 'Y');
INSERT INTO `s_user` (`ID`, `NAME`, `DATE_REG`, `PHONE`, `EMAIL`, `IS_ACTIVE`) VALUES (5, 'Mr. Joel Koch', '1991-05-23 00:00:00', '1-918-060-5775x458', 'emelie.bogan@example.net', 'Y');
INSERT INTO `s_user` (`ID`, `NAME`, `DATE_REG`, `PHONE`, `EMAIL`, `IS_ACTIVE`) VALUES (6, 'Gene Romaguera PhD', '1982-05-09 00:00:00', '1-034-328-0345x426', 'hilll.lurline@example.net', 'Y');
INSERT INTO `s_user` (`ID`, `NAME`, `DATE_REG`, `PHONE`, `EMAIL`, `IS_ACTIVE`) VALUES (7, 'Mr. Rodrigo Schmitt', '1978-06-07 00:00:00', '+71(1)2011382577', 'tremblay.stephanie@example.org', 'N');
INSERT INTO `s_user` (`ID`, `NAME`, `DATE_REG`, `PHONE`, `EMAIL`, `IS_ACTIVE`) VALUES (8, 'Willie Cremin', '1978-05-22 00:00:00', '+22(6)5048811657', 'vschuppe@example.com', 'Y');
INSERT INTO `s_user` (`ID`, `NAME`, `DATE_REG`, `PHONE`, `EMAIL`, `IS_ACTIVE`) VALUES (9, 'Mrs. Elizabeth Corkery', '2008-03-24 00:00:00', '+88(8)9954183799', 'gvandervort@example.org', 'Y');
INSERT INTO `s_user` (`ID`, `NAME`, `DATE_REG`, `PHONE`, `EMAIL`, `IS_ACTIVE`) VALUES (10, 'Flossie Boyer PhD', '2010-01-18 00:00:00', '201.330.6238', 'vfeeney@example.net', 'Y');
INSERT INTO `s_user` (`ID`, `NAME`, `DATE_REG`, `PHONE`, `EMAIL`, `IS_ACTIVE`) VALUES (11, 'Neha Crona', '2002-05-13 00:00:00', '+06(1)3327861433', 'korbin28@example.net', 'N');
INSERT INTO `s_user` (`ID`, `NAME`, `DATE_REG`, `PHONE`, `EMAIL`, `IS_ACTIVE`) VALUES (12, 'Murray Wilderman', '1992-04-14 00:00:00', '(652)076-5852x26199', 'kbins@example.net', 'Y');
INSERT INTO `s_user` (`ID`, `NAME`, `DATE_REG`, `PHONE`, `EMAIL`, `IS_ACTIVE`) VALUES (13, 'Ena Kuvalis', '1989-01-07 00:00:00', '1-055-624-4735x6891', 'jameson02@example.com', 'N');
INSERT INTO `s_user` (`ID`, `NAME`, `DATE_REG`, `PHONE`, `EMAIL`, `IS_ACTIVE`) VALUES (14, 'Hillard Dooley', '2000-04-14 00:00:00', '1-182-349-4176x7590', 'amelia.trantow@example.org', 'N');
INSERT INTO `s_user` (`ID`, `NAME`, `DATE_REG`, `PHONE`, `EMAIL`, `IS_ACTIVE`) VALUES (15, 'Daniella Mraz', '2003-09-10 00:00:00', '175.835.3012x1258', 'quitzon.marie@example.com', 'N');
INSERT INTO `s_user` (`ID`, `NAME`, `DATE_REG`, `PHONE`, `EMAIL`, `IS_ACTIVE`) VALUES (16, 'Noe Walsh', '2018-09-04 00:00:00', '969-840-0988', 'jacobi.trace@example.org', 'N');
INSERT INTO `s_user` (`ID`, `NAME`, `DATE_REG`, `PHONE`, `EMAIL`, `IS_ACTIVE`) VALUES (17, 'Destini Torp', '1996-04-07 00:00:00', '(318)394-0711x456', 'dupton@example.com', 'N');
INSERT INTO `s_user` (`ID`, `NAME`, `DATE_REG`, `PHONE`, `EMAIL`, `IS_ACTIVE`) VALUES (18, 'Nils Gaylord', '2022-01-25 00:00:00', '018-965-6494x221', 'rau.jennings@example.org', 'N');
INSERT INTO `s_user` (`ID`, `NAME`, `DATE_REG`, `PHONE`, `EMAIL`, `IS_ACTIVE`) VALUES (19, 'Elena Renner', '2007-05-23 00:00:00', '(515)524-0791', 'rempel.jacques@example.org', 'N');
INSERT INTO `s_user` (`ID`, `NAME`, `DATE_REG`, `PHONE`, `EMAIL`, `IS_ACTIVE`) VALUES (20, 'Caleb Stamm DDS', '1978-06-15 00:00:00', '(161)639-8788x917', 'zrohan@example.org', 'N');
INSERT INTO `s_user` (`ID`, `NAME`, `DATE_REG`, `PHONE`, `EMAIL`, `IS_ACTIVE`) VALUES (21, 'Prof. Camron Rodriguez Jr.', '2006-08-31 00:00:00', '793-236-2956x0189', 'thad54@example.com', 'Y');
INSERT INTO `s_user` (`ID`, `NAME`, `DATE_REG`, `PHONE`, `EMAIL`, `IS_ACTIVE`) VALUES (22, 'Ms. Hattie Funk', '2021-03-23 00:00:00', '(555)358-0137', 'reichel.carson@example.com', 'Y');
INSERT INTO `s_user` (`ID`, `NAME`, `DATE_REG`, `PHONE`, `EMAIL`, `IS_ACTIVE`) VALUES (23, 'Anna Heaney', '1972-06-06 00:00:00', '942.517.9053x1585', 'cheyanne11@example.org', 'N');
INSERT INTO `s_user` (`ID`, `NAME`, `DATE_REG`, `PHONE`, `EMAIL`, `IS_ACTIVE`) VALUES (24, 'Karlee Kuhic Jr.', '1995-01-30 00:00:00', '523.312.1563x106', 'corwin.douglas@example.org', 'N');
INSERT INTO `s_user` (`ID`, `NAME`, `DATE_REG`, `PHONE`, `EMAIL`, `IS_ACTIVE`) VALUES (25, 'Georgette Olson', '1981-06-20 00:00:00', '(976)143-2689', 'elaina71@example.com', 'N');
INSERT INTO `s_user` (`ID`, `NAME`, `DATE_REG`, `PHONE`, `EMAIL`, `IS_ACTIVE`) VALUES (26, 'Arturo Pagac', '2004-02-25 00:00:00', '068.127.8498', 'kiehn.jack@example.net', 'Y');
INSERT INTO `s_user` (`ID`, `NAME`, `DATE_REG`, `PHONE`, `EMAIL`, `IS_ACTIVE`) VALUES (27, 'Prof. Xavier Feest PhD', '2014-04-17 00:00:00', '716.307.1221', 'vrobel@example.com', 'Y');
INSERT INTO `s_user` (`ID`, `NAME`, `DATE_REG`, `PHONE`, `EMAIL`, `IS_ACTIVE`) VALUES (28, 'Rosalyn Metz', '1980-10-26 00:00:00', '+60(6)3837904092', 'gwendolyn.bins@example.net', 'Y');
INSERT INTO `s_user` (`ID`, `NAME`, `DATE_REG`, `PHONE`, `EMAIL`, `IS_ACTIVE`) VALUES (29, 'Terence Cormier PhD', '2002-06-05 00:00:00', '253.377.2855', 'hershel.steuber@example.org', 'Y');
INSERT INTO `s_user` (`ID`, `NAME`, `DATE_REG`, `PHONE`, `EMAIL`, `IS_ACTIVE`) VALUES (30, 'Darion Thompson DVM', '2021-11-06 00:00:00', '09563567434', 'bins.rylee@example.org', 'Y');
INSERT INTO `s_user` (`ID`, `NAME`, `DATE_REG`, `PHONE`, `EMAIL`, `IS_ACTIVE`) VALUES (31, 'Martina Anderson', '1978-11-28 00:00:00', '203-259-4483', 'daisy85@example.com', 'N');
INSERT INTO `s_user` (`ID`, `NAME`, `DATE_REG`, `PHONE`, `EMAIL`, `IS_ACTIVE`) VALUES (32, 'Naomie Lubowitz', '1983-03-01 00:00:00', '836-548-9231', 'mackenzie.ullrich@example.com', 'N');
INSERT INTO `s_user` (`ID`, `NAME`, `DATE_REG`, `PHONE`, `EMAIL`, `IS_ACTIVE`) VALUES (33, 'Johan Rogahn', '1989-01-07 00:00:00', '(539)888-3272x1599', 'hmraz@example.org', 'Y');
INSERT INTO `s_user` (`ID`, `NAME`, `DATE_REG`, `PHONE`, `EMAIL`, `IS_ACTIVE`) VALUES (34, 'Kenyon Monahan', '1983-10-05 00:00:00', '1-635-890-0187x315', 'grady.mariam@example.com', 'N');
INSERT INTO `s_user` (`ID`, `NAME`, `DATE_REG`, `PHONE`, `EMAIL`, `IS_ACTIVE`) VALUES (35, 'Kelsie Johnson IV', '2020-05-09 00:00:00', '953-797-5417', 'hhilll@example.com', 'Y');
INSERT INTO `s_user` (`ID`, `NAME`, `DATE_REG`, `PHONE`, `EMAIL`, `IS_ACTIVE`) VALUES (36, 'Sally Gerhold IV', '2007-03-06 00:00:00', '1-543-547-8477x849', 'johns.brigitte@example.net', 'Y');
INSERT INTO `s_user` (`ID`, `NAME`, `DATE_REG`, `PHONE`, `EMAIL`, `IS_ACTIVE`) VALUES (37, 'Shanna Schimmel PhD', '1994-11-10 00:00:00', '07124073373', 'quinn.terry@example.org', 'N');
INSERT INTO `s_user` (`ID`, `NAME`, `DATE_REG`, `PHONE`, `EMAIL`, `IS_ACTIVE`) VALUES (38, 'Eloy Romaguera', '2002-12-23 00:00:00', '268.122.1901x2207', 'lavinia.kihn@example.com', 'N');
INSERT INTO `s_user` (`ID`, `NAME`, `DATE_REG`, `PHONE`, `EMAIL`, `IS_ACTIVE`) VALUES (39, 'Gabrielle Nicolas', '2010-07-23 00:00:00', '(552)205-5799x20310', 'emile.fritsch@example.net', 'Y');
INSERT INTO `s_user` (`ID`, `NAME`, `DATE_REG`, `PHONE`, `EMAIL`, `IS_ACTIVE`) VALUES (40, 'Pedro Vandervort', '2006-05-27 00:00:00', '1-403-495-2987x2657', 'frida02@example.org', 'Y');




#
# TABLE STRUCTURE FOR: s_service
#

DROP TABLE IF EXISTS `s_service`;

CREATE TABLE `s_service` (
	                         `ID` int(11) NOT NULL AUTO_INCREMENT,
	                         `NAME` varchar(255) COLLATE utf8_unicode_ci DEFAULT NULL,
	                         `DESCRIPTION` varchar(255) COLLATE utf8_unicode_ci DEFAULT NULL,
	                         PRIMARY KEY (`ID`)
) ENGINE=InnoDB AUTO_INCREMENT=251 DEFAULT CHARSET=utf8 COLLATE=utf8_unicode_ci;

INSERT INTO `s_service` (`ID`, `NAME`, `DESCRIPTION`) VALUES (1, 'Gusikowski Inc', 'Qui quas nihil dolorem facere nulla occaecati. Libero et sapiente nemo libero id.');
INSERT INTO `s_service` (`ID`, `NAME`, `DESCRIPTION`) VALUES (2, 'Huels Inc', 'Sunt id laborum sunt non placeat. Veniam rerum eum eum aut quis maxime aliquam.');
INSERT INTO `s_service` (`ID`, `NAME`, `DESCRIPTION`) VALUES (3, 'Lowe-Oberbrunner', 'Quis laborum distinctio delectus.');
INSERT INTO `s_service` (`ID`, `NAME`, `DESCRIPTION`) VALUES (4, 'Wolf Ltd', 'Est ullam et distinctio qui consequatur vero. Eligendi error similique voluptatum ipsam.');
INSERT INTO `s_service` (`ID`, `NAME`, `DESCRIPTION`) VALUES (5, 'Mayer LLC', 'Sed possimus dignissimos repellendus quam doloremque quasi. In quia aut velit officiis voluptate.');
INSERT INTO `s_service` (`ID`, `NAME`, `DESCRIPTION`) VALUES (6, 'Schaden-Schmitt', 'Deserunt nostrum quia eligendi corrupti. Consequuntur enim qui adipisci ipsum voluptatem.');
INSERT INTO `s_service` (`ID`, `NAME`, `DESCRIPTION`) VALUES (7, 'Kozey, Gutmann and Cole', 'Et et quo voluptatem. Ut omnis quis sapiente dolor blanditiis et.');
INSERT INTO `s_service` (`ID`, `NAME`, `DESCRIPTION`) VALUES (8, 'Ratke LLC', 'Unde fuga culpa quia quia saepe dicta libero.');
INSERT INTO `s_service` (`ID`, `NAME`, `DESCRIPTION`) VALUES (9, 'Senger-Klocko', 'Voluptatem et eligendi in tempora excepturi aliquid consectetur.');
INSERT INTO `s_service` (`ID`, `NAME`, `DESCRIPTION`) VALUES (10, 'Koch, Hessel and Miller', 'Dolor sed molestiae dolorem. Expedita et soluta aperiam ex.');
INSERT INTO `s_service` (`ID`, `NAME`, `DESCRIPTION`) VALUES (11, 'Keebler PLC', 'Voluptas qui voluptas quas eligendi vitae necessitatibus dolor.');
INSERT INTO `s_service` (`ID`, `NAME`, `DESCRIPTION`) VALUES (12, 'Schroeder-McClure', 'At est labore eligendi repudiandae est. Sint laboriosam sit est tempore numquam.');
INSERT INTO `s_service` (`ID`, `NAME`, `DESCRIPTION`) VALUES (13, 'Muller, Hessel and Krajcik', 'Exercitationem ut molestiae id repellendus nostrum aperiam.');
INSERT INTO `s_service` (`ID`, `NAME`, `DESCRIPTION`) VALUES (14, 'Homenick, Stanton and Bashirian', 'Et eligendi rerum id corporis cum nisi qui. Non omnis dicta sit.');
INSERT INTO `s_service` (`ID`, `NAME`, `DESCRIPTION`) VALUES (15, 'Bailey, Kreiger and Schinner', 'Labore quod et autem autem rerum amet voluptates. Dolore porro quia provident.');
INSERT INTO `s_service` (`ID`, `NAME`, `DESCRIPTION`) VALUES (16, 'Skiles Inc', 'Velit nobis sapiente optio et sed modi doloribus. Accusantium omnis in alias officia.');
INSERT INTO `s_service` (`ID`, `NAME`, `DESCRIPTION`) VALUES (17, 'Schmitt PLC', 'Vitae consequuntur eius illo doloribus est ipsum. Explicabo eos tempora vitae voluptatum molestiae recusandae.');
INSERT INTO `s_service` (`ID`, `NAME`, `DESCRIPTION`) VALUES (18, 'Rolfson-Hand', 'Expedita dolorem mollitia repudiandae nisi.');
INSERT INTO `s_service` (`ID`, `NAME`, `DESCRIPTION`) VALUES (19, 'Emard-Crona', 'Maiores distinctio asperiores necessitatibus ducimus.');
INSERT INTO `s_service` (`ID`, `NAME`, `DESCRIPTION`) VALUES (20, 'Corwin-Ebert', 'Veniam ducimus explicabo neque est. Dignissimos soluta illum dolores architecto dolores.');
INSERT INTO `s_service` (`ID`, `NAME`, `DESCRIPTION`) VALUES (21, 'Howell LLC', 'Eum recusandae corporis est ipsum.');
INSERT INTO `s_service` (`ID`, `NAME`, `DESCRIPTION`) VALUES (22, 'Marquardt-Lind', 'Expedita veritatis omnis et rerum totam.');
INSERT INTO `s_service` (`ID`, `NAME`, `DESCRIPTION`) VALUES (23, 'Wilkinson-Sipes', 'Ducimus enim quia qui sequi necessitatibus autem dolorem. Aliquam ipsum non laudantium dolores qui.');
INSERT INTO `s_service` (`ID`, `NAME`, `DESCRIPTION`) VALUES (24, 'Dare Inc', 'Sint error qui asperiores. Ducimus omnis fuga est nulla.');
INSERT INTO `s_service` (`ID`, `NAME`, `DESCRIPTION`) VALUES (25, 'Erdman, Hodkiewicz and Hoppe', 'Voluptatem dolor eveniet dolores eos reprehenderit.');
INSERT INTO `s_service` (`ID`, `NAME`, `DESCRIPTION`) VALUES (26, 'Williamson PLC', 'Nostrum ea libero excepturi.');
INSERT INTO `s_service` (`ID`, `NAME`, `DESCRIPTION`) VALUES (27, 'Beier PLC', 'Placeat natus minima aperiam omnis est eos.');
INSERT INTO `s_service` (`ID`, `NAME`, `DESCRIPTION`) VALUES (28, 'Anderson, Weissnat and Bauch', 'Tempora fugit qui et eum ut ipsum voluptatem quia. Recusandae quos nulla non rerum.');
INSERT INTO `s_service` (`ID`, `NAME`, `DESCRIPTION`) VALUES (29, 'Cronin-Ullrich', 'Enim aliquam sed dolor adipisci dolorem dolorem.');
INSERT INTO `s_service` (`ID`, `NAME`, `DESCRIPTION`) VALUES (30, 'Pagac PLC', 'Sed est in ducimus tempora hic eligendi rerum. Commodi officia eaque animi quisquam aut amet aut.');
INSERT INTO `s_service` (`ID`, `NAME`, `DESCRIPTION`) VALUES (31, 'Gulgowski, Larkin and Ullrich', 'Autem et tempore velit rerum minima culpa sunt.');
INSERT INTO `s_service` (`ID`, `NAME`, `DESCRIPTION`) VALUES (32, 'Blanda and Sons', 'Odio a et ea ea tempora illo. Alias commodi assumenda non aliquam.');
INSERT INTO `s_service` (`ID`, `NAME`, `DESCRIPTION`) VALUES (33, 'Adams LLC', 'Consequuntur veritatis autem aut ut nihil nisi. Ipsa odio eligendi excepturi qui atque.');
INSERT INTO `s_service` (`ID`, `NAME`, `DESCRIPTION`) VALUES (34, 'Gutkowski-Schumm', 'Vitae vel enim vitae suscipit quas. Laborum et amet adipisci quia nulla qui accusamus.');
INSERT INTO `s_service` (`ID`, `NAME`, `DESCRIPTION`) VALUES (35, 'Romaguera, Cremin and Olson', 'Perferendis aut natus repellat omnis. Sint eum eos quia odit rerum ut mollitia.');
INSERT INTO `s_service` (`ID`, `NAME`, `DESCRIPTION`) VALUES (36, 'Champlin-McClure', 'Illum ratione quia tempora totam error atque. Voluptate ab voluptate itaque autem laboriosam dolorem.');
INSERT INTO `s_service` (`ID`, `NAME`, `DESCRIPTION`) VALUES (37, 'Braun-Parisian', 'Eum expedita saepe provident consequatur cumque. In suscipit reiciendis voluptatibus minus repellendus eos iure.');
INSERT INTO `s_service` (`ID`, `NAME`, `DESCRIPTION`) VALUES (38, 'Borer Group', 'Optio accusantium nostrum accusamus repudiandae ut cumque eligendi. Esse nulla cupiditate laborum non.');
INSERT INTO `s_service` (`ID`, `NAME`, `DESCRIPTION`) VALUES (39, 'Ledner-Braun', 'Quia magni dolores aperiam.');
INSERT INTO `s_service` (`ID`, `NAME`, `DESCRIPTION`) VALUES (40, 'Denesik-Bechtelar', 'Cumque modi odio nobis maxime.');
INSERT INTO `s_service` (`ID`, `NAME`, `DESCRIPTION`) VALUES (41, 'Welch-Olson', 'Nemo qui natus sed atque ipsam vero ut. Tempore fugit quos corrupti aut non veritatis.');
INSERT INTO `s_service` (`ID`, `NAME`, `DESCRIPTION`) VALUES (42, 'Welch-Zieme', 'Omnis dolorem sed amet architecto perspiciatis laboriosam voluptatum commodi.');
INSERT INTO `s_service` (`ID`, `NAME`, `DESCRIPTION`) VALUES (43, 'Wehner, Prohaska and Abshire', 'Dolorem hic et mollitia maiores alias et.');
INSERT INTO `s_service` (`ID`, `NAME`, `DESCRIPTION`) VALUES (44, 'Bogisich, Feil and Block', 'Aut quis sed et nostrum sed amet. Cum impedit ratione sint amet dicta.');
INSERT INTO `s_service` (`ID`, `NAME`, `DESCRIPTION`) VALUES (45, 'Strosin-Denesik', 'Corporis dolorem cum dicta reprehenderit repellendus sed et excepturi. Id voluptas consequatur dolores cum.');
INSERT INTO `s_service` (`ID`, `NAME`, `DESCRIPTION`) VALUES (46, 'Nader-Schaden', 'Alias harum non eos et doloremque consequatur et illum.');
INSERT INTO `s_service` (`ID`, `NAME`, `DESCRIPTION`) VALUES (47, 'Feeney-Metz', 'Et veritatis reiciendis similique enim commodi aut et. Eaque eum possimus corrupti est eos eum.');
INSERT INTO `s_service` (`ID`, `NAME`, `DESCRIPTION`) VALUES (48, 'Fritsch, McClure and Smith', 'Omnis dicta facere omnis exercitationem odio animi.');
INSERT INTO `s_service` (`ID`, `NAME`, `DESCRIPTION`) VALUES (49, 'Hickle, Lesch and Wehner', 'Aut autem itaque odio maiores molestiae eaque molestiae ducimus. Inventore sint non consequatur iure labore tempora vel.');
INSERT INTO `s_service` (`ID`, `NAME`, `DESCRIPTION`) VALUES (50, 'Kilback-Effertz', 'Totam ipsum quos doloribus quibusdam libero et.');
INSERT INTO `s_service` (`ID`, `NAME`, `DESCRIPTION`) VALUES (51, 'Wunsch, Cole and Hahn', 'Quia ducimus rerum laborum corrupti nam tenetur quia.');
INSERT INTO `s_service` (`ID`, `NAME`, `DESCRIPTION`) VALUES (52, 'Schuppe, Shields and Nolan', 'Necessitatibus ipsum sapiente at incidunt neque et aut explicabo. Consequuntur et ut cum dolorum.');
INSERT INTO `s_service` (`ID`, `NAME`, `DESCRIPTION`) VALUES (53, 'Mueller, Denesik and Schinner', 'Sed autem quasi illum cumque facilis minus. Tempora nihil magni hic voluptas quaerat fugit sit labore.');
INSERT INTO `s_service` (`ID`, `NAME`, `DESCRIPTION`) VALUES (54, 'Brekke, Hane and Wehner', 'Omnis repudiandae architecto inventore veritatis natus neque. Est id dolor quia rerum tenetur.');
INSERT INTO `s_service` (`ID`, `NAME`, `DESCRIPTION`) VALUES (55, 'Hudson-Mueller', 'Quia illum saepe nobis cumque vel.');
INSERT INTO `s_service` (`ID`, `NAME`, `DESCRIPTION`) VALUES (56, 'Stanton, Brown and Schroeder', 'Facere expedita earum doloremque consequatur atque. Repellat dolor sequi et ut necessitatibus enim temporibus.');
INSERT INTO `s_service` (`ID`, `NAME`, `DESCRIPTION`) VALUES (57, 'Ziemann, Steuber and Dach', 'Praesentium placeat error recusandae id eaque fuga. Eos earum qui quam eveniet aut sapiente autem.');
INSERT INTO `s_service` (`ID`, `NAME`, `DESCRIPTION`) VALUES (58, 'Jacobson Ltd', 'Dolor explicabo tempore dolorum ex quis soluta.');
INSERT INTO `s_service` (`ID`, `NAME`, `DESCRIPTION`) VALUES (59, 'Reilly-Gleichner', 'Non voluptate voluptas eaque eos excepturi veniam nam.');
INSERT INTO `s_service` (`ID`, `NAME`, `DESCRIPTION`) VALUES (60, 'Hintz-Gaylord', 'Consectetur et quaerat deleniti accusantium. Ducimus eum et illo aut.');
INSERT INTO `s_service` (`ID`, `NAME`, `DESCRIPTION`) VALUES (61, 'Swift PLC', 'Pariatur itaque veniam qui rerum qui molestiae deserunt. Reprehenderit repellendus ab dolores rerum.');
INSERT INTO `s_service` (`ID`, `NAME`, `DESCRIPTION`) VALUES (62, 'Heaney, Stracke and Kulas', 'Sit id repellat eligendi ea distinctio.');
INSERT INTO `s_service` (`ID`, `NAME`, `DESCRIPTION`) VALUES (63, 'Renner, Jacobson and Nader', 'At omnis maxime est repellendus aspernatur voluptatem ut.');
INSERT INTO `s_service` (`ID`, `NAME`, `DESCRIPTION`) VALUES (64, 'Witting and Sons', 'Quasi beatae officia quo ad soluta harum omnis nisi.');
INSERT INTO `s_service` (`ID`, `NAME`, `DESCRIPTION`) VALUES (65, 'Kerluke and Sons', 'Est dolorem et molestiae natus magnam non ut. Tenetur labore nihil aut quod quis earum voluptas.');
INSERT INTO `s_service` (`ID`, `NAME`, `DESCRIPTION`) VALUES (66, 'Rosenbaum, Schuppe and Schuster', 'Iste unde atque rerum reprehenderit officiis harum ipsa. Ut voluptatem neque est.');
INSERT INTO `s_service` (`ID`, `NAME`, `DESCRIPTION`) VALUES (67, 'Okuneva-Bahringer', 'Neque rerum sed temporibus aut maiores.');
INSERT INTO `s_service` (`ID`, `NAME`, `DESCRIPTION`) VALUES (68, 'Crooks Group', 'Vero omnis nulla non est error repudiandae magni. In minima ut eius minus.');
INSERT INTO `s_service` (`ID`, `NAME`, `DESCRIPTION`) VALUES (69, 'Wuckert-Stracke', 'Laboriosam quibusdam quisquam dolore. Nesciunt odit rerum ut nisi ea fugiat.');
INSERT INTO `s_service` (`ID`, `NAME`, `DESCRIPTION`) VALUES (70, 'Huels Ltd', 'Ducimus voluptate suscipit accusantium ut ratione ullam. Eveniet ipsum id dignissimos in minima quidem illo et.');
INSERT INTO `s_service` (`ID`, `NAME`, `DESCRIPTION`) VALUES (71, 'Wiza and Sons', 'Qui expedita temporibus rem sed deleniti id.');
INSERT INTO `s_service` (`ID`, `NAME`, `DESCRIPTION`) VALUES (72, 'Walter, Mraz and Conroy', 'Et mollitia ea velit minus incidunt esse unde. Reiciendis nesciunt sed maxime expedita quae.');
INSERT INTO `s_service` (`ID`, `NAME`, `DESCRIPTION`) VALUES (73, 'Adams, Volkman and Langworth', 'Eum dolorum id eos cumque ut voluptas. Autem eaque sint illum laboriosam.');
INSERT INTO `s_service` (`ID`, `NAME`, `DESCRIPTION`) VALUES (74, 'Grant, Ward and Tillman', 'Consequuntur saepe quo minima alias.');
INSERT INTO `s_service` (`ID`, `NAME`, `DESCRIPTION`) VALUES (75, 'Roob-Shields', 'Qui debitis voluptas esse ut et unde debitis. Alias aliquam iste maiores consequatur incidunt.');
INSERT INTO `s_service` (`ID`, `NAME`, `DESCRIPTION`) VALUES (76, 'Witting-Shields', 'Molestiae consequuntur nostrum consectetur ut.');
INSERT INTO `s_service` (`ID`, `NAME`, `DESCRIPTION`) VALUES (77, 'Purdy, Blanda and Gutkowski', 'Cumque et iure delectus fugiat consequatur tempora accusantium. Quia impedit occaecati odit perspiciatis.');
INSERT INTO `s_service` (`ID`, `NAME`, `DESCRIPTION`) VALUES (78, 'Zulauf LLC', 'Aliquam modi architecto quo suscipit perspiciatis.');
INSERT INTO `s_service` (`ID`, `NAME`, `DESCRIPTION`) VALUES (79, 'Douglas, Metz and Hartmann', 'Rerum aut est aut voluptas mollitia. Deleniti earum ut ipsam occaecati temporibus beatae veniam.');
INSERT INTO `s_service` (`ID`, `NAME`, `DESCRIPTION`) VALUES (80, 'Gusikowski Ltd', 'Possimus sint quidem numquam quibusdam debitis cum.');
INSERT INTO `s_service` (`ID`, `NAME`, `DESCRIPTION`) VALUES (81, 'Becker-Towne', 'Sunt nostrum eveniet autem inventore.');
INSERT INTO `s_service` (`ID`, `NAME`, `DESCRIPTION`) VALUES (82, 'Shanahan Group', 'Velit enim adipisci accusamus praesentium et quia sapiente ratione.');
INSERT INTO `s_service` (`ID`, `NAME`, `DESCRIPTION`) VALUES (83, 'Romaguera, Reichert and Strosin', 'Aperiam expedita officia alias aut dolore harum et.');
INSERT INTO `s_service` (`ID`, `NAME`, `DESCRIPTION`) VALUES (84, 'Simonis Inc', 'Modi ut corporis fuga facilis et.');
INSERT INTO `s_service` (`ID`, `NAME`, `DESCRIPTION`) VALUES (85, 'O\'Hara-Schumm', 'Quia sequi nihil dolorem nulla. Quam occaecati esse consectetur perspiciatis.');
INSERT INTO `s_service` (`ID`, `NAME`, `DESCRIPTION`) VALUES (86, 'Wyman Inc', 'Similique vitae voluptatum quis.');
INSERT INTO `s_service` (`ID`, `NAME`, `DESCRIPTION`) VALUES (87, 'Christiansen-Parker', 'Optio quidem et dolorem qui consequatur asperiores voluptatem. Suscipit cumque possimus quis eaque nostrum.');
INSERT INTO `s_service` (`ID`, `NAME`, `DESCRIPTION`) VALUES (88, 'Langosh PLC', 'Ut vero sint nisi perferendis ut eum velit.');
INSERT INTO `s_service` (`ID`, `NAME`, `DESCRIPTION`) VALUES (89, 'Bosco LLC', 'Qui culpa laboriosam itaque corporis sunt molestiae quo. Earum sed qui soluta nulla.');
INSERT INTO `s_service` (`ID`, `NAME`, `DESCRIPTION`) VALUES (90, 'Gutmann-Hermann', 'Modi dolores doloribus quas atque veniam. Voluptas suscipit soluta laudantium dolor.');
INSERT INTO `s_service` (`ID`, `NAME`, `DESCRIPTION`) VALUES (91, 'Kovacek LLC', 'Iure aut voluptas et modi iste itaque. Voluptas id deserunt optio quaerat omnis sint praesentium.');
INSERT INTO `s_service` (`ID`, `NAME`, `DESCRIPTION`) VALUES (92, 'Lemke-Williamson', 'Suscipit officia minima reiciendis.');
INSERT INTO `s_service` (`ID`, `NAME`, `DESCRIPTION`) VALUES (93, 'Donnelly Group', 'In adipisci laboriosam nobis earum.');
INSERT INTO `s_service` (`ID`, `NAME`, `DESCRIPTION`) VALUES (94, 'Rau-Schaefer', 'Ratione dolore reiciendis maxime et quisquam quo accusamus. Ut est dolores laudantium iusto rerum accusamus quas.');
INSERT INTO `s_service` (`ID`, `NAME`, `DESCRIPTION`) VALUES (95, 'Connelly-Klocko', 'Maxime voluptas sint nobis ullam aliquam.');
INSERT INTO `s_service` (`ID`, `NAME`, `DESCRIPTION`) VALUES (96, 'Jakubowski, Smith and Sanford', 'Omnis voluptatem modi dolor ipsam ab sed asperiores.');
INSERT INTO `s_service` (`ID`, `NAME`, `DESCRIPTION`) VALUES (97, 'Rath, Rutherford and Kuvalis', 'Quia excepturi molestiae omnis aut eos. Perferendis quam repellendus odit eaque in sunt distinctio sed.');
INSERT INTO `s_service` (`ID`, `NAME`, `DESCRIPTION`) VALUES (98, 'King Ltd', 'Quia totam ad ea vel eos sed.');
INSERT INTO `s_service` (`ID`, `NAME`, `DESCRIPTION`) VALUES (99, 'Marvin LLC', 'Sit facilis culpa sunt quod eaque delectus est. Sunt nobis sit porro ut sapiente.');
INSERT INTO `s_service` (`ID`, `NAME`, `DESCRIPTION`) VALUES (100, 'Wiegand, Schroeder and Kuvalis', 'Perspiciatis asperiores ea ea nulla mollitia omnis sequi. Quis expedita veniam et autem.');
INSERT INTO `s_service` (`ID`, `NAME`, `DESCRIPTION`) VALUES (101, 'Anderson-Ullrich', 'Non minus itaque sapiente et sit aliquam animi. Neque ut corrupti nostrum rem.');
INSERT INTO `s_service` (`ID`, `NAME`, `DESCRIPTION`) VALUES (102, 'Haag, Schmidt and Bode', 'Voluptas est hic et nemo.');
INSERT INTO `s_service` (`ID`, `NAME`, `DESCRIPTION`) VALUES (103, 'Waelchi LLC', 'Laudantium illum libero non.');
INSERT INTO `s_service` (`ID`, `NAME`, `DESCRIPTION`) VALUES (104, 'Roob-Padberg', 'Veritatis modi eius debitis voluptates nostrum dolorem. Vitae excepturi nisi dolor eum delectus provident dolor.');
INSERT INTO `s_service` (`ID`, `NAME`, `DESCRIPTION`) VALUES (105, 'Terry PLC', 'Aut saepe dolorum id sint doloremque quia.');
INSERT INTO `s_service` (`ID`, `NAME`, `DESCRIPTION`) VALUES (106, 'Trantow Ltd', 'Ipsum ullam nihil facere ut.');
INSERT INTO `s_service` (`ID`, `NAME`, `DESCRIPTION`) VALUES (107, 'Gottlieb-Anderson', 'Qui accusamus voluptas alias nam aut et explicabo.');
INSERT INTO `s_service` (`ID`, `NAME`, `DESCRIPTION`) VALUES (108, 'Nolan Group', 'Quis et fugit totam qui molestias. Fuga dignissimos accusantium nisi alias sit officiis quis.');
INSERT INTO `s_service` (`ID`, `NAME`, `DESCRIPTION`) VALUES (109, 'Hauck Group', 'Sed qui qui dolorum aut laboriosam omnis.');
INSERT INTO `s_service` (`ID`, `NAME`, `DESCRIPTION`) VALUES (110, 'Ziemann, Jaskolski and Nikolaus', 'Est saepe neque ducimus.');
INSERT INTO `s_service` (`ID`, `NAME`, `DESCRIPTION`) VALUES (111, 'Robel-Watsica', 'Qui quia libero laborum id. Quo saepe quia ratione dolor saepe sit sapiente.');
INSERT INTO `s_service` (`ID`, `NAME`, `DESCRIPTION`) VALUES (112, 'Terry, Bins and Rau', 'Non provident maxime dicta natus incidunt aliquid animi. Quidem repellat saepe assumenda est illum fugiat omnis.');
INSERT INTO `s_service` (`ID`, `NAME`, `DESCRIPTION`) VALUES (113, 'Prosacco, Kulas and Senger', 'Consectetur quia quaerat omnis dolorum a iusto similique. Odit qui sapiente officiis.');
INSERT INTO `s_service` (`ID`, `NAME`, `DESCRIPTION`) VALUES (114, 'Kling-Nitzsche', 'Et quia error non laudantium. Autem omnis qui libero.');
INSERT INTO `s_service` (`ID`, `NAME`, `DESCRIPTION`) VALUES (115, 'Purdy, Turcotte and Block', 'Quia consequatur eligendi culpa quia nulla vel sunt omnis. At culpa vel qui est nihil minima magni.');
INSERT INTO `s_service` (`ID`, `NAME`, `DESCRIPTION`) VALUES (116, 'Miller, Koch and Leannon', 'Dolorem sunt consectetur hic doloribus molestiae nulla.');
INSERT INTO `s_service` (`ID`, `NAME`, `DESCRIPTION`) VALUES (117, 'Heathcote-Schimmel', 'Aut ipsam ab aut.');
INSERT INTO `s_service` (`ID`, `NAME`, `DESCRIPTION`) VALUES (118, 'Prohaska LLC', 'Fugiat dicta doloremque occaecati veniam tempore eius.');
INSERT INTO `s_service` (`ID`, `NAME`, `DESCRIPTION`) VALUES (119, 'Howe-Kozey', 'Rerum vel eligendi nihil est nulla qui molestiae. Laboriosam voluptatem earum atque.');
INSERT INTO `s_service` (`ID`, `NAME`, `DESCRIPTION`) VALUES (120, 'Conroy-Hamill', 'Velit commodi vitae odit dignissimos autem blanditiis totam.');
INSERT INTO `s_service` (`ID`, `NAME`, `DESCRIPTION`) VALUES (121, 'Hermann-Smitham', 'Sit dolor quaerat sint necessitatibus iste. Delectus architecto et reiciendis rem quis.');
INSERT INTO `s_service` (`ID`, `NAME`, `DESCRIPTION`) VALUES (122, 'Veum, Reinger and Olson', 'Accusantium laborum iusto rerum officia et accusantium. Consectetur vitae et sequi nam vero sit.');
INSERT INTO `s_service` (`ID`, `NAME`, `DESCRIPTION`) VALUES (123, 'Gutkowski Ltd', 'Voluptatibus optio fugiat quae eveniet qui dolorum commodi.');
INSERT INTO `s_service` (`ID`, `NAME`, `DESCRIPTION`) VALUES (124, 'Turner, Kub and Jerde', 'Non minima omnis sit. Occaecati ullam porro deleniti asperiores reiciendis quasi occaecati voluptas.');
INSERT INTO `s_service` (`ID`, `NAME`, `DESCRIPTION`) VALUES (125, 'Bernhard Inc', 'Autem temporibus dolorem praesentium ipsa et consequatur.');
INSERT INTO `s_service` (`ID`, `NAME`, `DESCRIPTION`) VALUES (126, 'Weissnat and Sons', 'Est optio corrupti rem eligendi.');
INSERT INTO `s_service` (`ID`, `NAME`, `DESCRIPTION`) VALUES (127, 'Fay, Heller and Keeling', 'Et alias nihil amet sed dolores.');
INSERT INTO `s_service` (`ID`, `NAME`, `DESCRIPTION`) VALUES (128, 'Goldner LLC', 'Error omnis et nisi velit quo numquam impedit at.');
INSERT INTO `s_service` (`ID`, `NAME`, `DESCRIPTION`) VALUES (129, 'Little, Jones and Gleason', 'Necessitatibus alias quam veniam repellendus repellendus.');
INSERT INTO `s_service` (`ID`, `NAME`, `DESCRIPTION`) VALUES (130, 'Collins-Nicolas', 'Quo vero illum omnis quasi ipsum earum quas nihil. Consequatur ratione commodi vitae culpa veniam autem culpa eos.');
INSERT INTO `s_service` (`ID`, `NAME`, `DESCRIPTION`) VALUES (131, 'Powlowski, Howe and Corkery', 'Enim blanditiis esse officiis molestiae ut ullam soluta. Autem deleniti sed aut deserunt provident est sed.');
INSERT INTO `s_service` (`ID`, `NAME`, `DESCRIPTION`) VALUES (132, 'Kautzer-Tromp', 'Consequuntur sunt voluptatem et unde explicabo quos aut fugiat.');
INSERT INTO `s_service` (`ID`, `NAME`, `DESCRIPTION`) VALUES (133, 'Schultz, Effertz and Kerluke', 'Molestias laborum cumque dolor ut voluptate error veritatis. Culpa autem omnis explicabo rerum incidunt.');
INSERT INTO `s_service` (`ID`, `NAME`, `DESCRIPTION`) VALUES (134, 'Kozey Ltd', 'Deleniti labore veritatis adipisci quia.');
INSERT INTO `s_service` (`ID`, `NAME`, `DESCRIPTION`) VALUES (135, 'Friesen-Reichel', 'Quidem facilis molestiae nulla facere eum est reiciendis. Et sequi quidem sed alias.');
INSERT INTO `s_service` (`ID`, `NAME`, `DESCRIPTION`) VALUES (136, 'Cremin, Johnson and Emard', 'Quidem exercitationem animi enim qui et.');
INSERT INTO `s_service` (`ID`, `NAME`, `DESCRIPTION`) VALUES (137, 'Crona Ltd', 'Neque magni nemo hic id et culpa.');
INSERT INTO `s_service` (`ID`, `NAME`, `DESCRIPTION`) VALUES (138, 'Wyman, Bernier and Rau', 'Dolorem sed dolor illo et.');
INSERT INTO `s_service` (`ID`, `NAME`, `DESCRIPTION`) VALUES (139, 'Ward-Corkery', 'Dolorem et mollitia et nulla. Et laudantium quod natus ad ratione ipsum voluptatum expedita.');
INSERT INTO `s_service` (`ID`, `NAME`, `DESCRIPTION`) VALUES (140, 'Lebsack-Hilpert', 'Est aut doloremque rerum at aut eum. Soluta fugit ullam necessitatibus quisquam ullam nam fugiat corporis.');
INSERT INTO `s_service` (`ID`, `NAME`, `DESCRIPTION`) VALUES (141, 'Hayes-Mraz', 'Repellat perferendis omnis quae voluptas consequatur.');
INSERT INTO `s_service` (`ID`, `NAME`, `DESCRIPTION`) VALUES (142, 'Herzog LLC', 'Deleniti aut dolore sed voluptas aliquam consequatur. Libero nesciunt error aut nemo voluptatibus cum unde.');
INSERT INTO `s_service` (`ID`, `NAME`, `DESCRIPTION`) VALUES (143, 'Weber, Schumm and Koelpin', 'Soluta qui nobis et non laborum quidem beatae. Quia nam est quo repudiandae voluptatibus.');
INSERT INTO `s_service` (`ID`, `NAME`, `DESCRIPTION`) VALUES (144, 'Kuvalis Inc', 'Ipsam itaque accusantium explicabo ea voluptatem commodi et impedit. Aspernatur quasi illum magnam cum.');
INSERT INTO `s_service` (`ID`, `NAME`, `DESCRIPTION`) VALUES (145, 'Hintz Inc', 'Est omnis ut explicabo et perferendis unde voluptatibus.');
INSERT INTO `s_service` (`ID`, `NAME`, `DESCRIPTION`) VALUES (146, 'Powlowski PLC', 'Omnis minima consequatur voluptatem maiores.');
INSERT INTO `s_service` (`ID`, `NAME`, `DESCRIPTION`) VALUES (147, 'Bergstrom, Renner and Murray', 'Atque qui occaecati et dolore provident voluptatem ducimus rerum.');
INSERT INTO `s_service` (`ID`, `NAME`, `DESCRIPTION`) VALUES (148, 'Bartell, Kassulke and Kohler', 'Nemo dolor ab iure quibusdam rerum.');
INSERT INTO `s_service` (`ID`, `NAME`, `DESCRIPTION`) VALUES (149, 'Graham, Sipes and Hirthe', 'Labore praesentium qui voluptas a.');
INSERT INTO `s_service` (`ID`, `NAME`, `DESCRIPTION`) VALUES (150, 'McLaughlin, Wisozk and Casper', 'Voluptas molestiae nobis nisi ratione doloremque nihil veritatis. Aut non qui id blanditiis omnis.');
INSERT INTO `s_service` (`ID`, `NAME`, `DESCRIPTION`) VALUES (151, 'Schaefer and Sons', 'Sit dolorum suscipit fuga pariatur voluptatem quisquam aspernatur.');
INSERT INTO `s_service` (`ID`, `NAME`, `DESCRIPTION`) VALUES (152, 'Runte Ltd', 'Quia dolores quaerat dolorem numquam.');
INSERT INTO `s_service` (`ID`, `NAME`, `DESCRIPTION`) VALUES (153, 'Raynor, Anderson and Wilderman', 'Eveniet eum dolorem voluptatibus facilis id dolorum error assumenda. Minima aut repellat nostrum voluptatum.');
INSERT INTO `s_service` (`ID`, `NAME`, `DESCRIPTION`) VALUES (154, 'Buckridge, Satterfield and Trantow', 'Vero iure aut reiciendis deleniti. Doloremque est itaque temporibus modi molestiae.');
INSERT INTO `s_service` (`ID`, `NAME`, `DESCRIPTION`) VALUES (155, 'Bernier PLC', 'Asperiores fugiat voluptas laboriosam distinctio. Voluptatibus expedita facilis sit animi consequatur.');
INSERT INTO `s_service` (`ID`, `NAME`, `DESCRIPTION`) VALUES (156, 'Conroy Inc', 'Eveniet aut tenetur sed in repellat.');
INSERT INTO `s_service` (`ID`, `NAME`, `DESCRIPTION`) VALUES (157, 'O\'Conner, Ritchie and Auer', 'Voluptates repudiandae eos quam.');
INSERT INTO `s_service` (`ID`, `NAME`, `DESCRIPTION`) VALUES (158, 'Yost PLC', 'Non qui optio voluptatem voluptatem ipsa voluptas animi reiciendis. Veritatis provident quibusdam qui omnis eius incidunt similique aut.');
INSERT INTO `s_service` (`ID`, `NAME`, `DESCRIPTION`) VALUES (159, 'Cummings-O\'Kon', 'Et rerum nesciunt odio.');
INSERT INTO `s_service` (`ID`, `NAME`, `DESCRIPTION`) VALUES (160, 'Hettinger Group', 'Blanditiis voluptates saepe excepturi officia harum quae.');
INSERT INTO `s_service` (`ID`, `NAME`, `DESCRIPTION`) VALUES (161, 'Klocko LLC', 'Saepe et aut voluptate enim atque mollitia.');
INSERT INTO `s_service` (`ID`, `NAME`, `DESCRIPTION`) VALUES (162, 'O\'Kon Ltd', 'Odio provident alias maiores debitis neque itaque. Quod perferendis commodi qui voluptate quia iure animi.');
INSERT INTO `s_service` (`ID`, `NAME`, `DESCRIPTION`) VALUES (163, 'Monahan and Sons', 'Reiciendis omnis voluptatem aperiam architecto maiores aliquid suscipit.');
INSERT INTO `s_service` (`ID`, `NAME`, `DESCRIPTION`) VALUES (164, 'Spinka, Leuschke and Frami', 'Asperiores error quos reiciendis iure consectetur. Dolor vitae temporibus quia nisi alias et et.');
INSERT INTO `s_service` (`ID`, `NAME`, `DESCRIPTION`) VALUES (165, 'Johnson, Haley and Gibson', 'Temporibus magnam sint nam veritatis tempore.');
INSERT INTO `s_service` (`ID`, `NAME`, `DESCRIPTION`) VALUES (166, 'Zieme Inc', 'Hic suscipit quaerat consequatur voluptatem non est laudantium. Quaerat quia quas provident dolores laboriosam.');
INSERT INTO `s_service` (`ID`, `NAME`, `DESCRIPTION`) VALUES (167, 'Roberts and Sons', 'Aut odit est illo rem qui in non omnis. Ut expedita hic officia exercitationem.');
INSERT INTO `s_service` (`ID`, `NAME`, `DESCRIPTION`) VALUES (168, 'Smitham Inc', 'Expedita qui voluptas rem voluptatem sit.');
INSERT INTO `s_service` (`ID`, `NAME`, `DESCRIPTION`) VALUES (169, 'Kshlerin-Schmitt', 'Ea fugit et necessitatibus est. Eos libero labore dolorem nisi est.');
INSERT INTO `s_service` (`ID`, `NAME`, `DESCRIPTION`) VALUES (170, 'Gutmann and Sons', 'Ipsam nulla enim dolores aut. Et sunt et dolores.');
INSERT INTO `s_service` (`ID`, `NAME`, `DESCRIPTION`) VALUES (171, 'Effertz, Cremin and O\'Hara', 'Dignissimos tenetur exercitationem repellat eos harum atque doloremque. Ea suscipit beatae voluptatem incidunt inventore quasi excepturi dolores.');
INSERT INTO `s_service` (`ID`, `NAME`, `DESCRIPTION`) VALUES (172, 'Herzog-Zboncak', 'Ducimus provident aspernatur blanditiis ipsa sint voluptatem voluptas. Pariatur recusandae eveniet odit dolorum rerum id perspiciatis.');
INSERT INTO `s_service` (`ID`, `NAME`, `DESCRIPTION`) VALUES (173, 'Williamson Group', 'Et voluptate veniam ut ut incidunt sunt. Est dolorem enim reprehenderit.');
INSERT INTO `s_service` (`ID`, `NAME`, `DESCRIPTION`) VALUES (174, 'Marquardt-Rosenbaum', 'Similique quia totam aut dolore autem sed omnis. Ut dolores veniam et soluta.');
INSERT INTO `s_service` (`ID`, `NAME`, `DESCRIPTION`) VALUES (175, 'Schaden PLC', 'Consectetur qui neque fugiat temporibus. Distinctio natus est consequuntur mollitia quia placeat.');
INSERT INTO `s_service` (`ID`, `NAME`, `DESCRIPTION`) VALUES (176, 'Gerhold-Douglas', 'Officiis consequatur est quidem totam atque quia. Molestiae alias et autem quidem et.');
INSERT INTO `s_service` (`ID`, `NAME`, `DESCRIPTION`) VALUES (177, 'Pagac Inc', 'Numquam voluptates aliquam facilis omnis ea molestiae ipsa. Possimus quis quae ea vero est hic perferendis.');
INSERT INTO `s_service` (`ID`, `NAME`, `DESCRIPTION`) VALUES (178, 'Mante-Olson', 'Dolore unde sit qui perferendis.');
INSERT INTO `s_service` (`ID`, `NAME`, `DESCRIPTION`) VALUES (179, 'Schowalter Inc', 'Necessitatibus sequi suscipit amet libero nostrum quia. Voluptatem deserunt nemo eum et.');
INSERT INTO `s_service` (`ID`, `NAME`, `DESCRIPTION`) VALUES (180, 'Hartmann PLC', 'Voluptatibus molestiae omnis et enim et dolorem qui. Ipsum veritatis et voluptatum voluptatem exercitationem.');
INSERT INTO `s_service` (`ID`, `NAME`, `DESCRIPTION`) VALUES (181, 'Rolfson Group', 'Aut voluptatibus unde blanditiis quod eaque maiores. Sed doloribus modi cupiditate facilis consectetur modi aut.');
INSERT INTO `s_service` (`ID`, `NAME`, `DESCRIPTION`) VALUES (182, 'Gutmann-Purdy', 'Fugiat occaecati quae expedita et.');
INSERT INTO `s_service` (`ID`, `NAME`, `DESCRIPTION`) VALUES (183, 'Collier, Durgan and Sauer', 'Corrupti voluptate hic expedita et ut et sit. Unde voluptas fugiat adipisci reiciendis velit.');
INSERT INTO `s_service` (`ID`, `NAME`, `DESCRIPTION`) VALUES (184, 'Koepp LLC', 'Excepturi nam deserunt non hic voluptatem.');
INSERT INTO `s_service` (`ID`, `NAME`, `DESCRIPTION`) VALUES (185, 'Brakus-Metz', 'Accusantium dolore laborum rerum harum labore aut repudiandae magnam. Cumque animi exercitationem atque ipsa dolore.');
INSERT INTO `s_service` (`ID`, `NAME`, `DESCRIPTION`) VALUES (186, 'Pagac-Pollich', 'Necessitatibus deserunt nihil necessitatibus cupiditate harum.');
INSERT INTO `s_service` (`ID`, `NAME`, `DESCRIPTION`) VALUES (187, 'Bruen-Goodwin', 'Nisi eos quidem consectetur minus. Rem iusto consequatur accusamus ea repellendus.');
INSERT INTO `s_service` (`ID`, `NAME`, `DESCRIPTION`) VALUES (188, 'Mitchell LLC', 'Aut commodi neque vero sint minima et.');
INSERT INTO `s_service` (`ID`, `NAME`, `DESCRIPTION`) VALUES (189, 'Lehner, Eichmann and Morissette', 'Praesentium rerum eum placeat dolor omnis qui.');
INSERT INTO `s_service` (`ID`, `NAME`, `DESCRIPTION`) VALUES (190, 'Ferry-Prohaska', 'Molestiae consequuntur eveniet earum modi omnis et. Est tenetur aut sit quasi mollitia dignissimos exercitationem.');
INSERT INTO `s_service` (`ID`, `NAME`, `DESCRIPTION`) VALUES (191, 'Dooley PLC', 'Omnis doloribus id est aut consequuntur consectetur.');
INSERT INTO `s_service` (`ID`, `NAME`, `DESCRIPTION`) VALUES (192, 'Dare-Will', 'Vel tempore minima quasi qui.');
INSERT INTO `s_service` (`ID`, `NAME`, `DESCRIPTION`) VALUES (193, 'Stokes-Breitenberg', 'Quaerat culpa facere quis id hic necessitatibus. Ut architecto distinctio praesentium inventore aut dolor.');
INSERT INTO `s_service` (`ID`, `NAME`, `DESCRIPTION`) VALUES (194, 'Terry Inc', 'Magnam enim unde eum numquam. Quae quasi sed molestiae eligendi non eveniet cupiditate eum.');
INSERT INTO `s_service` (`ID`, `NAME`, `DESCRIPTION`) VALUES (195, 'Kuhn-Ondricka', 'Iure excepturi deleniti amet corrupti doloribus dolores quibusdam. Eius eaque quis et sed ab doloremque quia.');
INSERT INTO `s_service` (`ID`, `NAME`, `DESCRIPTION`) VALUES (196, 'Mertz-Carter', 'Laudantium fugit quia et id maxime in ut. Porro est ut quo dignissimos accusamus quo.');
INSERT INTO `s_service` (`ID`, `NAME`, `DESCRIPTION`) VALUES (197, 'Larkin Ltd', 'Aperiam ea facilis est sunt sunt dolore laboriosam.');
INSERT INTO `s_service` (`ID`, `NAME`, `DESCRIPTION`) VALUES (198, 'Anderson PLC', 'Fuga eligendi est perferendis.');
INSERT INTO `s_service` (`ID`, `NAME`, `DESCRIPTION`) VALUES (199, 'Wolf and Sons', 'Officiis impedit blanditiis ipsa omnis sed similique similique.');
INSERT INTO `s_service` (`ID`, `NAME`, `DESCRIPTION`) VALUES (200, 'Wiza LLC', 'Alias sit quis et corrupti laboriosam nam dolorem id. Quas est adipisci aut saepe rerum.');
INSERT INTO `s_service` (`ID`, `NAME`, `DESCRIPTION`) VALUES (201, 'Waters, Anderson and Conn', 'Id voluptatum saepe id culpa ut nihil ipsa.');
INSERT INTO `s_service` (`ID`, `NAME`, `DESCRIPTION`) VALUES (202, 'Wolff PLC', 'Dolores iusto omnis earum incidunt exercitationem sint.');
INSERT INTO `s_service` (`ID`, `NAME`, `DESCRIPTION`) VALUES (203, 'Medhurst PLC', 'Commodi sunt expedita in odio dolorem. Tempora eos libero nisi sit quo.');
INSERT INTO `s_service` (`ID`, `NAME`, `DESCRIPTION`) VALUES (204, 'Rath Inc', 'Veritatis consequatur ut suscipit nisi sint. Reprehenderit sed quia totam sit enim.');
INSERT INTO `s_service` (`ID`, `NAME`, `DESCRIPTION`) VALUES (205, 'Smith Inc', 'Sunt deserunt neque et fugiat fugit quo est.');
INSERT INTO `s_service` (`ID`, `NAME`, `DESCRIPTION`) VALUES (206, 'Gerlach PLC', 'Repellat ut dolore magnam neque magnam et. Maxime est est nihil aut atque dignissimos et aut.');
INSERT INTO `s_service` (`ID`, `NAME`, `DESCRIPTION`) VALUES (207, 'Quigley PLC', 'Et voluptatum nisi tempore nobis.');
INSERT INTO `s_service` (`ID`, `NAME`, `DESCRIPTION`) VALUES (208, 'Leffler LLC', 'In amet quis nesciunt a atque.');
INSERT INTO `s_service` (`ID`, `NAME`, `DESCRIPTION`) VALUES (209, 'McGlynn, Lynch and Cronin', 'Consectetur quis veritatis accusamus.');
INSERT INTO `s_service` (`ID`, `NAME`, `DESCRIPTION`) VALUES (210, 'Welch-Bogan', 'Provident quam incidunt quisquam dolores commodi vitae.');
INSERT INTO `s_service` (`ID`, `NAME`, `DESCRIPTION`) VALUES (211, 'Jacobs-Swift', 'Velit quidem explicabo optio adipisci consectetur itaque impedit. Qui doloribus consequuntur quibusdam nulla quaerat velit animi.');
INSERT INTO `s_service` (`ID`, `NAME`, `DESCRIPTION`) VALUES (212, 'Ferry-Herman', 'Et veritatis velit quis est earum id blanditiis.');
INSERT INTO `s_service` (`ID`, `NAME`, `DESCRIPTION`) VALUES (213, 'Terry-Kling', 'Voluptas est id velit. A sit non ex rerum laudantium.');
INSERT INTO `s_service` (`ID`, `NAME`, `DESCRIPTION`) VALUES (214, 'Breitenberg PLC', 'Explicabo sunt eos perspiciatis eaque reiciendis cum ut error.');
INSERT INTO `s_service` (`ID`, `NAME`, `DESCRIPTION`) VALUES (215, 'Thompson Ltd', 'Enim hic necessitatibus aut consequatur quia iure ullam. Quisquam provident omnis et mollitia nihil quam ea ab.');
INSERT INTO `s_service` (`ID`, `NAME`, `DESCRIPTION`) VALUES (216, 'Waters Group', 'Qui ut ipsum nulla commodi. Et aut nulla aut neque et modi accusantium.');
INSERT INTO `s_service` (`ID`, `NAME`, `DESCRIPTION`) VALUES (217, 'Kovacek, Pollich and White', 'Quaerat ut tempora architecto a. Sed cumque ipsa qui voluptas est a sunt.');
INSERT INTO `s_service` (`ID`, `NAME`, `DESCRIPTION`) VALUES (218, 'Dicki and Sons', 'Iusto tenetur sed non animi quibusdam sed. Incidunt in eum ut magni perferendis enim.');
INSERT INTO `s_service` (`ID`, `NAME`, `DESCRIPTION`) VALUES (219, 'Herzog, Beier and Rodriguez', 'Quos eligendi doloribus natus ex esse mollitia.');
INSERT INTO `s_service` (`ID`, `NAME`, `DESCRIPTION`) VALUES (220, 'Jones, Williamson and Doyle', 'Nihil saepe est optio.');
INSERT INTO `s_service` (`ID`, `NAME`, `DESCRIPTION`) VALUES (221, 'Johnson, Lebsack and Nolan', 'Ut impedit ducimus reprehenderit sint laudantium est accusantium. Corrupti est temporibus nobis aliquam aut natus.');
INSERT INTO `s_service` (`ID`, `NAME`, `DESCRIPTION`) VALUES (222, 'Schuster, Littel and Farrell', 'Et iusto suscipit laudantium ab modi. Repellat aut nobis et quo expedita ullam aut non.');
INSERT INTO `s_service` (`ID`, `NAME`, `DESCRIPTION`) VALUES (223, 'Friesen-Macejkovic', 'Eaque repudiandae sint voluptas repellendus maxime provident.');
INSERT INTO `s_service` (`ID`, `NAME`, `DESCRIPTION`) VALUES (224, 'Williamson LLC', 'Corrupti quisquam quia voluptatibus dignissimos fugit rerum veniam.');
INSERT INTO `s_service` (`ID`, `NAME`, `DESCRIPTION`) VALUES (225, 'Macejkovic Group', 'Sint eum cupiditate molestiae.');
INSERT INTO `s_service` (`ID`, `NAME`, `DESCRIPTION`) VALUES (226, 'Ferry-Konopelski', 'Fugiat esse impedit quibusdam officiis quia ex commodi ipsum.');
INSERT INTO `s_service` (`ID`, `NAME`, `DESCRIPTION`) VALUES (227, 'Carter, Considine and Schoen', 'In laudantium enim quas sed sunt.');
INSERT INTO `s_service` (`ID`, `NAME`, `DESCRIPTION`) VALUES (228, 'Ondricka-Thompson', 'Cupiditate veritatis et perferendis vel sint.');
INSERT INTO `s_service` (`ID`, `NAME`, `DESCRIPTION`) VALUES (229, 'Morissette-Sawayn', 'Omnis in molestias adipisci ducimus rerum dolores. Libero ut itaque saepe est quia et.');
INSERT INTO `s_service` (`ID`, `NAME`, `DESCRIPTION`) VALUES (230, 'Bartoletti-Tremblay', 'Et saepe occaecati voluptas ut vitae.');
INSERT INTO `s_service` (`ID`, `NAME`, `DESCRIPTION`) VALUES (231, 'Bergnaum-Mann', 'Ratione eius unde ut aliquam. Odit enim doloribus dolor quae.');
INSERT INTO `s_service` (`ID`, `NAME`, `DESCRIPTION`) VALUES (232, 'Kulas, Hirthe and Murphy', 'Consequatur hic dolorem aut dolorem ut.');
INSERT INTO `s_service` (`ID`, `NAME`, `DESCRIPTION`) VALUES (233, 'Wiza-Walker', 'Ex quia praesentium consequatur adipisci et assumenda.');
INSERT INTO `s_service` (`ID`, `NAME`, `DESCRIPTION`) VALUES (234, 'Grady-Rau', 'Voluptas id animi qui suscipit quis.');
INSERT INTO `s_service` (`ID`, `NAME`, `DESCRIPTION`) VALUES (235, 'Hansen-Deckow', 'Molestiae ad dignissimos laboriosam vel ut. Numquam sit natus dolore excepturi dolor tenetur.');
INSERT INTO `s_service` (`ID`, `NAME`, `DESCRIPTION`) VALUES (236, 'Botsford-Larson', 'Soluta tempora quis non aut ad nihil nobis. Nemo vero dolor porro porro quibusdam repellendus.');
INSERT INTO `s_service` (`ID`, `NAME`, `DESCRIPTION`) VALUES (237, 'Moore, Breitenberg and Schmeler', 'Esse minima perferendis molestiae sit ut dolores.');
INSERT INTO `s_service` (`ID`, `NAME`, `DESCRIPTION`) VALUES (238, 'Murray Ltd', 'Commodi ut sint in ut.');
INSERT INTO `s_service` (`ID`, `NAME`, `DESCRIPTION`) VALUES (239, 'Ryan PLC', 'Consectetur autem explicabo nulla alias. Dolores et est nemo voluptatem aperiam.');
INSERT INTO `s_service` (`ID`, `NAME`, `DESCRIPTION`) VALUES (240, 'Lind and Sons', 'Amet quia sit aut et excepturi.');
INSERT INTO `s_service` (`ID`, `NAME`, `DESCRIPTION`) VALUES (241, 'Klocko-Johnston', 'Autem fugiat velit excepturi repellat voluptatem accusantium. Incidunt mollitia assumenda magnam deleniti voluptatem.');
INSERT INTO `s_service` (`ID`, `NAME`, `DESCRIPTION`) VALUES (242, 'O\'Conner-Blick', 'Nostrum tempora tenetur provident nihil praesentium voluptas.');
INSERT INTO `s_service` (`ID`, `NAME`, `DESCRIPTION`) VALUES (243, 'Schuster LLC', 'Nostrum assumenda aliquid maiores. Facere incidunt atque dolores vitae qui et.');
INSERT INTO `s_service` (`ID`, `NAME`, `DESCRIPTION`) VALUES (244, 'Rohan PLC', 'Ad excepturi sint ab adipisci nobis libero.');
INSERT INTO `s_service` (`ID`, `NAME`, `DESCRIPTION`) VALUES (245, 'Romaguera Group', 'Aut illo architecto et iure labore est deserunt.');
INSERT INTO `s_service` (`ID`, `NAME`, `DESCRIPTION`) VALUES (246, 'Denesik and Sons', 'Ducimus magnam possimus et quia ducimus neque tenetur laborum. Magnam impedit neque dolorem quia molestiae ut qui.');
INSERT INTO `s_service` (`ID`, `NAME`, `DESCRIPTION`) VALUES (247, 'Reinger and Sons', 'Amet magnam voluptatibus vero et nemo.');
INSERT INTO `s_service` (`ID`, `NAME`, `DESCRIPTION`) VALUES (248, 'Stracke, Fisher and Mayert', 'Est fugit sed alias quis dolorum quo blanditiis. Ea aut consequatur ut reprehenderit molestias velit.');
INSERT INTO `s_service` (`ID`, `NAME`, `DESCRIPTION`) VALUES (249, 'Heller, Parisian and Kulas', 'Tempore sed quos ratione eum omnis praesentium ea excepturi. Aut officia voluptas quisquam aliquam nam.');
INSERT INTO `s_service` (`ID`, `NAME`, `DESCRIPTION`) VALUES (250, 'Kassulke, Lakin and Hessel', 'Nemo iste error et fuga laboriosam. Modi fugit labore ut culpa consectetur.');



#
# TABLE STRUCTURE FOR: s_object
#

DROP TABLE IF EXISTS `s_object`;

CREATE TABLE `s_object` (
	                        `ID` int(11) NOT NULL AUTO_INCREMENT,
	                        `NAME` varchar(255) COLLATE utf8_unicode_ci DEFAULT NULL,
	                        `DESCRIPTION` text COLLATE utf8_unicode_ci DEFAULT NULL,
	                        `CITY_ID` int(11) DEFAULT NULL,
	                        `IS_ACTIVE` char(1) COLLATE utf8_unicode_ci DEFAULT NULL,
	                        `TYPE` varchar(255) COLLATE utf8_unicode_ci DEFAULT NULL,
	                        PRIMARY KEY (`ID`),
	                        KEY `s_object_s_city_ID_fk` (`CITY_ID`),
	                        KEY `s_object_s_object_type_ID_fk` (`TYPE`),
	                        CONSTRAINT `s_object_s_city_ID_fk` FOREIGN KEY (`CITY_ID`) REFERENCES `s_city` (`ID`)
) ENGINE=InnoDB AUTO_INCREMENT=101 DEFAULT CHARSET=utf8 COLLATE=utf8_unicode_ci;

INSERT INTO `s_object` (`ID`, `NAME`, `DESCRIPTION`, `CITY_ID`, `IS_ACTIVE`, `TYPE`) VALUES (1, 'Gusikowski, Lebsack and Doyle', 'Sint ut ut earum ad iste quae. Asperiores aut iste voluptatem nemo ratione dignissimos magni cum. Enim harum id quia asperiores. Quibusdam excepturi consequatur ut officia.', 1, 'Y', 'apart');
INSERT INTO `s_object` (`ID`, `NAME`, `DESCRIPTION`, `CITY_ID`, `IS_ACTIVE`, `TYPE`) VALUES (2, 'Satterfield Group', 'Et nihil sit nobis quia quia voluptatibus deserunt libero. Rerum facilis ut similique ex sed rerum.', 2, 'N', 'sight');
INSERT INTO `s_object` (`ID`, `NAME`, `DESCRIPTION`, `CITY_ID`, `IS_ACTIVE`, `TYPE`) VALUES (3, 'Cormier-Thompson', 'Sunt et quibusdam voluptates vero omnis. Voluptatem et voluptatem cupiditate. Illum et et cumque. Adipisci et explicabo veniam atque et impedit iusto dolores.', 3, 'N', 'sight');
INSERT INTO `s_object` (`ID`, `NAME`, `DESCRIPTION`, `CITY_ID`, `IS_ACTIVE`, `TYPE`) VALUES (4, 'Roob Ltd', 'Dolores debitis officiis officiis quidem dolor iusto laudantium ex. Sit impedit qui esse voluptates et dolorem. Qui et quo minus sit. Dolor est libero nulla sit dolorem.', 4, 'Y', 'hotel');
INSERT INTO `s_object` (`ID`, `NAME`, `DESCRIPTION`, `CITY_ID`, `IS_ACTIVE`, `TYPE`) VALUES (5, 'Abbott-Abernathy', 'Doloribus expedita optio voluptas odit saepe hic. Quam dolor vitae et praesentium. Cumque reiciendis voluptate in in.', 5, 'N', 'hotel');
INSERT INTO `s_object` (`ID`, `NAME`, `DESCRIPTION`, `CITY_ID`, `IS_ACTIVE`, `TYPE`) VALUES (6, 'Wisozk, Smitham and Greenfelder', 'Eum pariatur et rerum voluptatibus at. Blanditiis ullam harum sint magni sequi. Aperiam id omnis ea aut aliquid.', 6, 'Y', 'sight');
INSERT INTO `s_object` (`ID`, `NAME`, `DESCRIPTION`, `CITY_ID`, `IS_ACTIVE`, `TYPE`) VALUES (7, 'Kessler-Donnelly', 'Hic quo totam soluta quia consequatur est similique consequatur. Soluta aut magni incidunt quo reprehenderit. Ullam placeat sit beatae ut.', 7, 'N', 'sight');
INSERT INTO `s_object` (`ID`, `NAME`, `DESCRIPTION`, `CITY_ID`, `IS_ACTIVE`, `TYPE`) VALUES (8, 'Keebler and Sons', 'Molestias nihil nihil assumenda perspiciatis provident sunt. Nemo commodi exercitationem quia enim rem a dolor. Aut et harum expedita dolor non id ut et. Quae dolore fuga incidunt optio omnis beatae vitae. Porro suscipit assumenda sit nesciunt.', 8, 'Y', 'sight');
INSERT INTO `s_object` (`ID`, `NAME`, `DESCRIPTION`, `CITY_ID`, `IS_ACTIVE`, `TYPE`) VALUES (9, 'Miller LLC', 'Molestias quas earum maxime reiciendis. Esse rerum voluptatem exercitationem aut dolores sint et. Natus facilis recusandae aut id ullam. Quaerat est qui accusamus ut optio consequatur sit optio.', 9, 'Y', 'apart');
INSERT INTO `s_object` (`ID`, `NAME`, `DESCRIPTION`, `CITY_ID`, `IS_ACTIVE`, `TYPE`) VALUES (10, 'Roberts PLC', 'In molestiae dolorem et quia consequatur. Optio vel corrupti dolor aut.', 10, 'N', 'apart');
INSERT INTO `s_object` (`ID`, `NAME`, `DESCRIPTION`, `CITY_ID`, `IS_ACTIVE`, `TYPE`) VALUES (11, 'King Ltd', 'Voluptatem enim omnis corporis non. Alias perferendis vel aut quia qui. Sit quia placeat pariatur id nesciunt sit.', 11, 'N', 'hotel');
INSERT INTO `s_object` (`ID`, `NAME`, `DESCRIPTION`, `CITY_ID`, `IS_ACTIVE`, `TYPE`) VALUES (12, 'Weissnat Ltd', 'Non esse quod nihil modi harum. Sed accusantium quia dolores iure provident corporis modi. Dolorem molestiae expedita debitis magni autem. Et esse temporibus fugiat praesentium.', 12, 'N', 'apart');
INSERT INTO `s_object` (`ID`, `NAME`, `DESCRIPTION`, `CITY_ID`, `IS_ACTIVE`, `TYPE`) VALUES (13, 'Ortiz, Hirthe and Trantow', 'Voluptates nesciunt cumque ut alias aperiam. Dignissimos cumque id non. Illo assumenda perferendis est doloribus. Rerum et rerum beatae qui dolor eum.', 13, 'N', 'hotel');
INSERT INTO `s_object` (`ID`, `NAME`, `DESCRIPTION`, `CITY_ID`, `IS_ACTIVE`, `TYPE`) VALUES (14, 'Cummerata LLC', 'Velit aut aut est deleniti qui. Pariatur autem recusandae est id saepe non. Ut eum est itaque. Sunt numquam velit autem.', 14, 'Y', 'sight');
INSERT INTO `s_object` (`ID`, `NAME`, `DESCRIPTION`, `CITY_ID`, `IS_ACTIVE`, `TYPE`) VALUES (15, 'Kulas, Schumm and Schroeder', 'Itaque et quo eum perferendis explicabo iusto odit. Consequatur possimus et ut voluptatem est quis. Quia dolores recusandae accusamus iusto rerum molestias.', 1, 'Y', 'hotel');
INSERT INTO `s_object` (`ID`, `NAME`, `DESCRIPTION`, `CITY_ID`, `IS_ACTIVE`, `TYPE`) VALUES (16, 'Bednar, Cassin and Tillman', 'In voluptatem provident porro quibusdam dolore dolorem. Qui fuga nam vel aut non quo. Voluptates molestias nobis harum autem impedit. Necessitatibus qui itaque praesentium culpa aut fugiat quia praesentium. Dolorem odio atque nesciunt qui alias.', 2, 'Y', 'apart');
INSERT INTO `s_object` (`ID`, `NAME`, `DESCRIPTION`, `CITY_ID`, `IS_ACTIVE`, `TYPE`) VALUES (17, 'Macejkovic LLC', 'Soluta repellat totam ullam velit ducimus id assumenda. Non unde dolor neque molestiae vero. Alias possimus porro ratione fuga. Ut hic blanditiis sint vel rerum minus corporis.', 3, 'Y', 'hotel');
INSERT INTO `s_object` (`ID`, `NAME`, `DESCRIPTION`, `CITY_ID`, `IS_ACTIVE`, `TYPE`) VALUES (18, 'Predovic-Torp', 'Ducimus quia nihil incidunt. Minus sunt voluptatem amet quidem vel quasi velit. Voluptatem optio dignissimos distinctio aut repellat sit omnis.', 4, 'N', 'sight');
INSERT INTO `s_object` (`ID`, `NAME`, `DESCRIPTION`, `CITY_ID`, `IS_ACTIVE`, `TYPE`) VALUES (19, 'Schmeler-Hand', 'Soluta corporis perferendis perspiciatis reiciendis delectus. Aut fuga quo et praesentium ut voluptates sint. Iste consequuntur doloribus veritatis deleniti.', 5, 'Y', 'sight');
INSERT INTO `s_object` (`ID`, `NAME`, `DESCRIPTION`, `CITY_ID`, `IS_ACTIVE`, `TYPE`) VALUES (20, 'Pouros Ltd', 'Adipisci eligendi rerum dolorum maxime tenetur velit. Vero id et delectus sed asperiores quos. Ea possimus consectetur ut accusamus.', 6, 'N', 'apart');
INSERT INTO `s_object` (`ID`, `NAME`, `DESCRIPTION`, `CITY_ID`, `IS_ACTIVE`, `TYPE`) VALUES (21, 'Sawayn-Haag', 'Numquam consequatur qui est corrupti. Dolor culpa qui sed quasi. Id aut eos porro ipsa et sunt inventore.', 7, 'Y', 'apart');
INSERT INTO `s_object` (`ID`, `NAME`, `DESCRIPTION`, `CITY_ID`, `IS_ACTIVE`, `TYPE`) VALUES (22, 'Tillman, Larson and Berge', 'Asperiores nobis molestiae voluptas magnam asperiores tempora debitis. Enim autem voluptate dolorum nam veritatis autem ea. Minus expedita error quisquam doloremque voluptatibus. Aliquid nobis placeat similique dolores enim consequuntur quisquam.', 8, 'Y', 'hotel');
INSERT INTO `s_object` (`ID`, `NAME`, `DESCRIPTION`, `CITY_ID`, `IS_ACTIVE`, `TYPE`) VALUES (23, 'Kirlin-Weber', 'Accusantium ut nesciunt soluta reprehenderit cupiditate. Minus nisi harum sapiente quod aspernatur consequuntur temporibus nobis. Distinctio voluptatum adipisci voluptatibus sed totam optio quo.', 9, 'Y', 'sight');
INSERT INTO `s_object` (`ID`, `NAME`, `DESCRIPTION`, `CITY_ID`, `IS_ACTIVE`, `TYPE`) VALUES (24, 'Beer Ltd', 'Labore perferendis at aut quia ea temporibus atque voluptates. Architecto dolorem est qui nihil sunt nostrum ea. Eius dolore expedita aut voluptatem eum. Aperiam quo omnis eum quibusdam voluptatem. Saepe dolor necessitatibus et earum labore.', 10, 'N', 'hotel');
INSERT INTO `s_object` (`ID`, `NAME`, `DESCRIPTION`, `CITY_ID`, `IS_ACTIVE`, `TYPE`) VALUES (25, 'Pagac-Gottlieb', 'Dolorem et totam maiores. Rerum itaque officia sit corrupti cum nostrum sit tempore. Odit eum quo expedita asperiores.', 11, 'N', 'hotel');
INSERT INTO `s_object` (`ID`, `NAME`, `DESCRIPTION`, `CITY_ID`, `IS_ACTIVE`, `TYPE`) VALUES (26, 'McClure-Larkin', 'Voluptas commodi saepe illum exercitationem exercitationem. Est nulla consectetur laudantium nihil reprehenderit. Quibusdam harum voluptas quo ut qui et.', 12, 'Y', 'sight');
INSERT INTO `s_object` (`ID`, `NAME`, `DESCRIPTION`, `CITY_ID`, `IS_ACTIVE`, `TYPE`) VALUES (27, 'Blick-Kuhlman', 'Minus doloribus quis cum magni molestias odit. Minus est ut iure laborum cupiditate reprehenderit veniam unde. Magni delectus enim aliquam cum qui. Culpa molestiae perferendis qui eveniet sequi enim non iure.', 13, 'N', 'sight');
INSERT INTO `s_object` (`ID`, `NAME`, `DESCRIPTION`, `CITY_ID`, `IS_ACTIVE`, `TYPE`) VALUES (28, 'Schroeder, Erdman and Ernser', 'Quod ut voluptatem tempore blanditiis odio molestiae debitis. Expedita quam commodi cumque rem repellat quia quia. Facere voluptatem dolor nihil ut non expedita aliquam.', 14, 'Y', 'apart');
INSERT INTO `s_object` (`ID`, `NAME`, `DESCRIPTION`, `CITY_ID`, `IS_ACTIVE`, `TYPE`) VALUES (29, 'Feeney Group', 'Voluptatem deserunt illo illo voluptate ut autem magnam. Molestiae non dolores aut nisi qui blanditiis ducimus. Unde ut quo repellat praesentium at eius error velit.', 1, 'N', 'hotel');
INSERT INTO `s_object` (`ID`, `NAME`, `DESCRIPTION`, `CITY_ID`, `IS_ACTIVE`, `TYPE`) VALUES (30, 'Heidenreich Group', 'Tenetur libero quas et magni. Quisquam ipsam suscipit qui dolor. Veritatis aut mollitia aliquam vel. Esse dolorem ratione ex at officia magni non.', 2, 'Y', 'sight');
INSERT INTO `s_object` (`ID`, `NAME`, `DESCRIPTION`, `CITY_ID`, `IS_ACTIVE`, `TYPE`) VALUES (31, 'Kovacek Ltd', 'Rem deserunt consequatur consequatur vitae accusantium reiciendis dolores corporis. Odit reprehenderit asperiores eos sapiente vel ad dolores. Soluta voluptatem alias inventore quia velit.', 3, 'N', 'apart');
INSERT INTO `s_object` (`ID`, `NAME`, `DESCRIPTION`, `CITY_ID`, `IS_ACTIVE`, `TYPE`) VALUES (32, 'Kreiger LLC', 'Unde sit cum et amet tempore excepturi suscipit. Rerum voluptatum odit et reiciendis sit dolorem quidem deleniti. Consectetur eaque eum possimus nihil delectus aperiam libero.', 4, 'N', 'hotel');
INSERT INTO `s_object` (`ID`, `NAME`, `DESCRIPTION`, `CITY_ID`, `IS_ACTIVE`, `TYPE`) VALUES (33, 'Wolf, Lemke and Brown', 'Inventore et velit sed aut qui similique maiores. Est enim rerum et laborum corrupti dolore quis. Velit amet nemo at saepe.', 5, 'Y', 'sight');
INSERT INTO `s_object` (`ID`, `NAME`, `DESCRIPTION`, `CITY_ID`, `IS_ACTIVE`, `TYPE`) VALUES (34, 'Ryan-Bayer', 'Aperiam harum nam alias in autem. Voluptas eaque nihil eos voluptas dolores dolorum eligendi. Enim et et iure possimus. Pariatur velit veniam perspiciatis nihil similique quae. Commodi eum rerum quibusdam impedit nesciunt non.', 6, 'N', 'sight');
INSERT INTO `s_object` (`ID`, `NAME`, `DESCRIPTION`, `CITY_ID`, `IS_ACTIVE`, `TYPE`) VALUES (35, 'Huels, Ortiz and Jacobi', 'Eum explicabo optio sit. Nihil quibusdam sint distinctio blanditiis minus.', 7, 'Y', 'sight');
INSERT INTO `s_object` (`ID`, `NAME`, `DESCRIPTION`, `CITY_ID`, `IS_ACTIVE`, `TYPE`) VALUES (36, 'Shanahan Group', 'Voluptatem sunt vel cum assumenda fugit et. Ea consequatur alias et dolorum. Aspernatur nostrum eos iste labore eius aut autem at.', 8, 'Y', 'hotel');
INSERT INTO `s_object` (`ID`, `NAME`, `DESCRIPTION`, `CITY_ID`, `IS_ACTIVE`, `TYPE`) VALUES (37, 'Spencer-Thompson', 'Minima animi animi dignissimos dolorum nostrum qui ex. Rem facere blanditiis in velit sunt et. At iste quae temporibus tenetur consequatur autem minima. Consequatur voluptate nam magni.', 9, 'Y', 'apart');
INSERT INTO `s_object` (`ID`, `NAME`, `DESCRIPTION`, `CITY_ID`, `IS_ACTIVE`, `TYPE`) VALUES (38, 'Kautzer-Reinger', 'Sapiente repudiandae sed officia minus quo. Ut enim eius et qui. Consequatur ut rem reprehenderit magni.', 10, 'N', 'sight');
INSERT INTO `s_object` (`ID`, `NAME`, `DESCRIPTION`, `CITY_ID`, `IS_ACTIVE`, `TYPE`) VALUES (39, 'Renner Group', 'Explicabo omnis at sed id repellendus sit repudiandae. Ducimus ipsum autem nam quos. Praesentium est deserunt minus perferendis. Officiis aliquam at illo omnis vel in occaecati nihil. Laudantium totam aut dolores facilis.', 11, 'Y', 'sight');
INSERT INTO `s_object` (`ID`, `NAME`, `DESCRIPTION`, `CITY_ID`, `IS_ACTIVE`, `TYPE`) VALUES (40, 'Kihn Group', 'Iure sed et porro quasi illum ea deserunt nam. Et et recusandae illo facere. Earum excepturi facilis officiis et.', 12, 'Y', 'apart');
INSERT INTO `s_object` (`ID`, `NAME`, `DESCRIPTION`, `CITY_ID`, `IS_ACTIVE`, `TYPE`) VALUES (41, 'Hyatt, Stamm and Herman', 'Quisquam beatae expedita quidem quo ex qui aut. Sapiente ea corporis voluptatem expedita et eum. Nemo ipsa incidunt aut quia voluptatem vel. Quia corrupti ipsum consequuntur eaque ut odio inventore reprehenderit.', 13, 'N', 'sight');
INSERT INTO `s_object` (`ID`, `NAME`, `DESCRIPTION`, `CITY_ID`, `IS_ACTIVE`, `TYPE`) VALUES (42, 'Oberbrunner-Cole', 'In ab fuga adipisci quia itaque sint magnam. Distinctio quidem nulla neque et quidem illum consequatur. Suscipit illum omnis aperiam accusantium facilis architecto.', 14, 'N', 'apart');
INSERT INTO `s_object` (`ID`, `NAME`, `DESCRIPTION`, `CITY_ID`, `IS_ACTIVE`, `TYPE`) VALUES (43, 'VonRueden LLC', 'Maiores molestias explicabo dolorem rerum cupiditate expedita est. Aut velit corporis et perspiciatis autem. Incidunt unde quaerat et at aut et officiis.', 1, 'N', 'apart');
INSERT INTO `s_object` (`ID`, `NAME`, `DESCRIPTION`, `CITY_ID`, `IS_ACTIVE`, `TYPE`) VALUES (44, 'Huel-Kulas', 'Quas velit aut dicta aliquam. Magni earum nisi optio vel sint. Aspernatur est consequuntur eos et beatae. Quidem harum et ad.', 2, 'N', 'hotel');
INSERT INTO `s_object` (`ID`, `NAME`, `DESCRIPTION`, `CITY_ID`, `IS_ACTIVE`, `TYPE`) VALUES (45, 'Wolff, Braun and Lang', 'Autem hic quaerat reiciendis odio ab impedit. At accusamus dolorem qui et omnis corrupti. Maxime aut dolorem saepe magni. Quo ea dolorum molestiae ut qui. Dolorem nulla inventore excepturi ut porro numquam.', 3, 'N', 'hotel');
INSERT INTO `s_object` (`ID`, `NAME`, `DESCRIPTION`, `CITY_ID`, `IS_ACTIVE`, `TYPE`) VALUES (46, 'Feeney and Sons', 'At quia ut eum. Soluta id et aspernatur inventore laudantium deleniti.', 4, 'N', 'apart');
INSERT INTO `s_object` (`ID`, `NAME`, `DESCRIPTION`, `CITY_ID`, `IS_ACTIVE`, `TYPE`) VALUES (47, 'Kshlerin-Gusikowski', 'Cum dolore sint facilis quis rerum itaque eaque. Eligendi error incidunt consequatur numquam. Ullam delectus sequi aut aut ad. Voluptatem expedita quas asperiores animi atque iure at.', 5, 'N', 'sight');
INSERT INTO `s_object` (`ID`, `NAME`, `DESCRIPTION`, `CITY_ID`, `IS_ACTIVE`, `TYPE`) VALUES (48, 'Nitzsche, Durgan and Moore', 'Eos non dolor occaecati vero voluptates. Est excepturi doloremque in et. Sunt eius delectus tempora velit nostrum voluptas. Qui eligendi ut quaerat.', 6, 'Y', 'apart');
INSERT INTO `s_object` (`ID`, `NAME`, `DESCRIPTION`, `CITY_ID`, `IS_ACTIVE`, `TYPE`) VALUES (49, 'Goldner-Frami', 'Nemo perferendis vel dolorem quam ut voluptate animi. Molestias laborum quam eius molestiae. Mollitia corporis qui odit.', 7, 'Y', 'sight');
INSERT INTO `s_object` (`ID`, `NAME`, `DESCRIPTION`, `CITY_ID`, `IS_ACTIVE`, `TYPE`) VALUES (50, 'Stanton-Abshire', 'Quidem laboriosam maxime aut ex exercitationem sed cupiditate quas. Voluptatem quidem vel et. Necessitatibus ipsa porro sint vitae esse.', 8, 'Y', 'hotel');
INSERT INTO `s_object` (`ID`, `NAME`, `DESCRIPTION`, `CITY_ID`, `IS_ACTIVE`, `TYPE`) VALUES (51, 'Buckridge Group', 'Ea voluptas aperiam vero nihil a. Cumque numquam harum rerum non dignissimos ratione. Tenetur et porro cupiditate voluptatibus quia ducimus qui quidem. Porro consectetur magnam ut aut aut exercitationem aliquam.', 9, 'Y', 'apart');
INSERT INTO `s_object` (`ID`, `NAME`, `DESCRIPTION`, `CITY_ID`, `IS_ACTIVE`, `TYPE`) VALUES (52, 'Nader-Streich', 'Ducimus ea ea quia debitis. Et voluptas ipsa dolorum eos. Qui non deleniti dicta veritatis reprehenderit et nihil. Quia cum non iste aliquid provident modi.', 10, 'Y', 'sight');
INSERT INTO `s_object` (`ID`, `NAME`, `DESCRIPTION`, `CITY_ID`, `IS_ACTIVE`, `TYPE`) VALUES (53, 'Greenfelder Group', 'Voluptatum adipisci ut reprehenderit optio voluptatum. Perspiciatis ut aut eius est assumenda omnis. Expedita vero velit aut minus. Possimus et ab et sint.', 11, 'N', 'apart');
INSERT INTO `s_object` (`ID`, `NAME`, `DESCRIPTION`, `CITY_ID`, `IS_ACTIVE`, `TYPE`) VALUES (54, 'Prosacco-Abshire', 'Nisi ex asperiores voluptas illum. Quia accusamus blanditiis fuga animi assumenda. Deserunt eum vel iusto et.', 12, 'Y', 'apart');
INSERT INTO `s_object` (`ID`, `NAME`, `DESCRIPTION`, `CITY_ID`, `IS_ACTIVE`, `TYPE`) VALUES (55, 'Schultz-Crona', 'Quis aut voluptates eum non ducimus hic. Rerum quidem eum dolor non fugiat earum. In quia quidem ut. Sequi sint minus perspiciatis sit non.', 13, 'Y', 'sight');
INSERT INTO `s_object` (`ID`, `NAME`, `DESCRIPTION`, `CITY_ID`, `IS_ACTIVE`, `TYPE`) VALUES (56, 'Tremblay, D\'Amore and Olson', 'Laborum quos voluptate accusantium voluptas porro veniam. Quia ratione neque velit delectus. Ipsa et dicta non at velit rerum minima.', 14, 'Y', 'hotel');
INSERT INTO `s_object` (`ID`, `NAME`, `DESCRIPTION`, `CITY_ID`, `IS_ACTIVE`, `TYPE`) VALUES (57, 'Kihn-Green', 'Dolore dicta qui fugiat aspernatur. Et vel fugit adipisci. Aliquid magni iste at ipsam quia corporis. Commodi facilis sint atque molestiae odio vero.', 1, 'N', 'sight');
INSERT INTO `s_object` (`ID`, `NAME`, `DESCRIPTION`, `CITY_ID`, `IS_ACTIVE`, `TYPE`) VALUES (58, 'Stokes-Moore', 'Nisi maiores provident facere ad. Qui quaerat voluptas dolores ut numquam repudiandae. Est ut voluptatum alias eum. Doloremque ea velit recusandae suscipit sint voluptate voluptate.', 2, 'N', 'hotel');
INSERT INTO `s_object` (`ID`, `NAME`, `DESCRIPTION`, `CITY_ID`, `IS_ACTIVE`, `TYPE`) VALUES (59, 'Dooley-Johnson', 'Deserunt illum harum quisquam numquam officia sit doloremque. Optio nemo iure quas maiores nihil ratione. Expedita optio officia quia qui enim enim. Perspiciatis praesentium dolorem aut quidem rerum est laboriosam.', 3, 'Y', 'apart');
INSERT INTO `s_object` (`ID`, `NAME`, `DESCRIPTION`, `CITY_ID`, `IS_ACTIVE`, `TYPE`) VALUES (60, 'Towne-Feest', 'Impedit earum culpa non soluta non atque id. Vero placeat possimus omnis ut fuga sed veritatis. Ex quae dolorem officia sit.', 4, 'Y', 'apart');
INSERT INTO `s_object` (`ID`, `NAME`, `DESCRIPTION`, `CITY_ID`, `IS_ACTIVE`, `TYPE`) VALUES (61, 'Dietrich Inc', 'Non consequatur voluptas dolor qui. Velit harum qui quos et expedita.', 5, 'Y', 'sight');
INSERT INTO `s_object` (`ID`, `NAME`, `DESCRIPTION`, `CITY_ID`, `IS_ACTIVE`, `TYPE`) VALUES (62, 'Ullrich, Harris and D\'Amore', 'In enim voluptatem et nostrum. Consequuntur veritatis nemo non sit veritatis. Quia modi dolorum suscipit est adipisci quidem. Commodi vel quasi accusantium recusandae id.', 6, 'Y', 'apart');
INSERT INTO `s_object` (`ID`, `NAME`, `DESCRIPTION`, `CITY_ID`, `IS_ACTIVE`, `TYPE`) VALUES (63, 'Padberg, Lemke and Borer', 'Qui unde adipisci mollitia autem atque hic autem. Eos aliquam molestias nihil in voluptas delectus. Ut enim dolores exercitationem. Saepe aut rerum delectus rerum laboriosam ea.', 7, 'N', 'apart');
INSERT INTO `s_object` (`ID`, `NAME`, `DESCRIPTION`, `CITY_ID`, `IS_ACTIVE`, `TYPE`) VALUES (64, 'Buckridge, Greenfelder and Mills', 'Beatae magnam ut recusandae. Et ut tempora facilis hic. Temporibus soluta numquam aut magni qui voluptatem. Fuga quibusdam consectetur doloribus dolorum dolor.', 8, 'N', 'apart');
INSERT INTO `s_object` (`ID`, `NAME`, `DESCRIPTION`, `CITY_ID`, `IS_ACTIVE`, `TYPE`) VALUES (65, 'Mosciski, Wehner and Nikolaus', 'Est omnis qui tempore dolorem sunt in repellendus id. Ut similique aut numquam sit tempora eligendi hic. Ratione voluptatem et dolorem sit.', 9, 'Y', 'apart');
INSERT INTO `s_object` (`ID`, `NAME`, `DESCRIPTION`, `CITY_ID`, `IS_ACTIVE`, `TYPE`) VALUES (66, 'Cormier, Block and Feil', 'Tenetur expedita rerum dolor molestiae. Molestiae ea nihil facere ea quia. Consequuntur aut velit ab natus.', 10, 'Y', 'sight');
INSERT INTO `s_object` (`ID`, `NAME`, `DESCRIPTION`, `CITY_ID`, `IS_ACTIVE`, `TYPE`) VALUES (67, 'Feest-Runte', 'Aliquam architecto qui adipisci fuga aut consequatur. Dolorem quo placeat odit et. Voluptas ut et deserunt ipsum distinctio. Officia ut voluptas harum recusandae aut sunt.', 11, 'N', 'apart');
INSERT INTO `s_object` (`ID`, `NAME`, `DESCRIPTION`, `CITY_ID`, `IS_ACTIVE`, `TYPE`) VALUES (68, 'Fritsch Ltd', 'Explicabo aut fugit omnis nisi est. Deleniti nisi quia et. Et sit modi reprehenderit sint quia minima neque. Voluptatem est consequatur voluptas. Quis maxime sed consequuntur facilis eveniet voluptas nemo.', 12, 'Y', 'sight');
INSERT INTO `s_object` (`ID`, `NAME`, `DESCRIPTION`, `CITY_ID`, `IS_ACTIVE`, `TYPE`) VALUES (69, 'Ruecker, Littel and Littel', 'Quasi et aut et ut nemo architecto. Distinctio beatae culpa dolores autem quo. Fugit quia et voluptatem accusamus qui. Doloremque assumenda ab ut ut est aut.', 13, 'N', 'hotel');
INSERT INTO `s_object` (`ID`, `NAME`, `DESCRIPTION`, `CITY_ID`, `IS_ACTIVE`, `TYPE`) VALUES (70, 'Kassulke Group', 'Natus esse sequi cumque dicta. Vero omnis voluptas saepe mollitia ut totam. Aliquam omnis excepturi molestiae sit dolore dolorem voluptatibus amet. Autem a ipsum facilis nihil ab.', 14, 'N', 'sight');
INSERT INTO `s_object` (`ID`, `NAME`, `DESCRIPTION`, `CITY_ID`, `IS_ACTIVE`, `TYPE`) VALUES (71, 'DuBuque Ltd', 'Vero qui distinctio quibusdam est est. Sint ut iure omnis velit consequatur. Consequatur accusantium ex est repellat id aut. Iusto est et quae enim.', 1, 'Y', 'apart');
INSERT INTO `s_object` (`ID`, `NAME`, `DESCRIPTION`, `CITY_ID`, `IS_ACTIVE`, `TYPE`) VALUES (72, 'Heaney-Muller', 'Perferendis quas odit dolore nulla. Exercitationem quisquam ratione aut numquam deserunt. Enim eos molestias et est ea cumque provident ut.', 2, 'Y', 'hotel');
INSERT INTO `s_object` (`ID`, `NAME`, `DESCRIPTION`, `CITY_ID`, `IS_ACTIVE`, `TYPE`) VALUES (73, 'Jacobi, Nader and Feil', 'Eos pariatur aut maiores deserunt quibusdam illum. Voluptate officia ea illo voluptatibus. Placeat aut recusandae qui autem quibusdam ipsa nostrum. Molestiae et qui beatae ut.', 3, 'N', 'apart');
INSERT INTO `s_object` (`ID`, `NAME`, `DESCRIPTION`, `CITY_ID`, `IS_ACTIVE`, `TYPE`) VALUES (74, 'Green, Hermann and O\'Hara', 'Occaecati et sit suscipit. At qui ut occaecati nemo atque aliquid. Et nemo minus minus. Ex quaerat tenetur iusto architecto tempora doloribus amet ut.', 4, 'N', 'apart');
INSERT INTO `s_object` (`ID`, `NAME`, `DESCRIPTION`, `CITY_ID`, `IS_ACTIVE`, `TYPE`) VALUES (75, 'Buckridge-Torphy', 'Est dolores vel saepe voluptatum numquam odio. Esse sint autem dolores quo natus neque. Tenetur voluptatem fuga dignissimos iure.', 5, 'N', 'sight');
INSERT INTO `s_object` (`ID`, `NAME`, `DESCRIPTION`, `CITY_ID`, `IS_ACTIVE`, `TYPE`) VALUES (76, 'Rosenbaum, Rolfson and Leffler', 'Quae nam architecto facere quaerat. Consequuntur corporis est aut et. Iure ut modi molestias sunt. Rerum veritatis totam accusamus consectetur. Eius sequi et in aliquam nesciunt esse ut.', 6, 'N', 'hotel');
INSERT INTO `s_object` (`ID`, `NAME`, `DESCRIPTION`, `CITY_ID`, `IS_ACTIVE`, `TYPE`) VALUES (77, 'Zulauf and Sons', 'Consequuntur architecto et et omnis ea aperiam. Amet ipsa sapiente corrupti dignissimos sint et sint. Sed quia eius alias nam et. Debitis non vero eum earum voluptas enim.', 7, 'Y', 'hotel');
INSERT INTO `s_object` (`ID`, `NAME`, `DESCRIPTION`, `CITY_ID`, `IS_ACTIVE`, `TYPE`) VALUES (78, 'Moen, Raynor and Conroy', 'Dolor saepe optio eveniet aut. Et ut sit sed sint voluptate qui consequatur laboriosam. Laboriosam ut rerum fuga molestiae. Officia vitae modi in asperiores sit est.', 8, 'Y', 'apart');
INSERT INTO `s_object` (`ID`, `NAME`, `DESCRIPTION`, `CITY_ID`, `IS_ACTIVE`, `TYPE`) VALUES (79, 'Kirlin-Sipes', 'Voluptate ea nisi autem dolorum quo eos est. Perspiciatis rem nulla cum. Dolores voluptate illo ad quia cumque. Mollitia rem eos ipsum voluptas.', 9, 'N', 'sight');
INSERT INTO `s_object` (`ID`, `NAME`, `DESCRIPTION`, `CITY_ID`, `IS_ACTIVE`, `TYPE`) VALUES (80, 'Kris and Sons', 'Unde rerum atque enim animi officia nisi odit dignissimos. Rerum autem nihil nihil iusto.', 10, 'Y', 'hotel');
INSERT INTO `s_object` (`ID`, `NAME`, `DESCRIPTION`, `CITY_ID`, `IS_ACTIVE`, `TYPE`) VALUES (81, 'Schamberger Ltd', 'Animi nesciunt voluptate eaque reprehenderit molestias. Minima est qui aut voluptas. A architecto ex optio saepe.', 11, 'N', 'hotel');
INSERT INTO `s_object` (`ID`, `NAME`, `DESCRIPTION`, `CITY_ID`, `IS_ACTIVE`, `TYPE`) VALUES (82, 'Koss Ltd', 'Maiores non velit vero rerum et corrupti ad. Quidem occaecati dignissimos aut ad sit rerum a qui.', 12, 'Y', 'apart');
INSERT INTO `s_object` (`ID`, `NAME`, `DESCRIPTION`, `CITY_ID`, `IS_ACTIVE`, `TYPE`) VALUES (83, 'Blick Inc', 'Nesciunt vitae deserunt harum tempora sunt. Nostrum nihil ad et similique aut. Fugiat est voluptas dolorum. Inventore et tenetur itaque fuga.', 13, 'Y', 'apart');
INSERT INTO `s_object` (`ID`, `NAME`, `DESCRIPTION`, `CITY_ID`, `IS_ACTIVE`, `TYPE`) VALUES (84, 'Quitzon-Durgan', 'Quod tempore ea atque ipsa. Blanditiis non nesciunt nihil rerum. Velit quas veniam accusamus dolorum necessitatibus. Quis et nulla eaque voluptas.', 14, 'N', 'hotel');
INSERT INTO `s_object` (`ID`, `NAME`, `DESCRIPTION`, `CITY_ID`, `IS_ACTIVE`, `TYPE`) VALUES (85, 'Howell-Dooley', 'Ut est consequatur nihil odit in. Nam earum laudantium non neque perspiciatis repellat illo. Non repellat qui rerum voluptatibus ut et. Ut dicta in consequatur quis saepe accusantium quae earum.', 1, 'N', 'apart');
INSERT INTO `s_object` (`ID`, `NAME`, `DESCRIPTION`, `CITY_ID`, `IS_ACTIVE`, `TYPE`) VALUES (86, 'Heidenreich and Sons', 'Odit est dolorem vel non. Magni quisquam molestiae impedit corporis. Velit voluptas sunt aliquid eius quae error ratione animi. Ex tenetur velit perferendis.', 2, 'Y', 'apart');
INSERT INTO `s_object` (`ID`, `NAME`, `DESCRIPTION`, `CITY_ID`, `IS_ACTIVE`, `TYPE`) VALUES (87, 'Lesch PLC', 'Consequatur fuga natus sed eos velit rerum cum. Debitis possimus consequatur aut aliquid et. Neque modi esse quaerat magnam. Rerum architecto aspernatur doloribus animi provident et iusto.', 3, 'Y', 'hotel');
INSERT INTO `s_object` (`ID`, `NAME`, `DESCRIPTION`, `CITY_ID`, `IS_ACTIVE`, `TYPE`) VALUES (88, 'Satterfield-Marquardt', 'Est tempora delectus commodi similique nam ipsam quidem. Modi corporis non dolor eaque. Ea ratione repellat nobis dolorem perspiciatis iste veniam cumque.', 4, 'N', 'hotel');
INSERT INTO `s_object` (`ID`, `NAME`, `DESCRIPTION`, `CITY_ID`, `IS_ACTIVE`, `TYPE`) VALUES (89, 'Dickinson-Kautzer', 'Quo dicta est est eveniet quo porro eius. Modi totam quo id optio non perferendis non. Eaque nesciunt quo ea mollitia qui praesentium. Quaerat non enim dolores sed odit illum omnis ut.', 5, 'Y', 'hotel');
INSERT INTO `s_object` (`ID`, `NAME`, `DESCRIPTION`, `CITY_ID`, `IS_ACTIVE`, `TYPE`) VALUES (90, 'Waelchi PLC', 'Est est ut eveniet velit totam atque. Enim est ipsum sint dolor amet. Aliquid repellat atque assumenda et neque sequi.', 6, 'N', 'apart');
INSERT INTO `s_object` (`ID`, `NAME`, `DESCRIPTION`, `CITY_ID`, `IS_ACTIVE`, `TYPE`) VALUES (91, 'Larkin Inc', 'Placeat fugit molestiae repellendus. Id qui temporibus natus rem enim.', 7, 'N', 'sight');
INSERT INTO `s_object` (`ID`, `NAME`, `DESCRIPTION`, `CITY_ID`, `IS_ACTIVE`, `TYPE`) VALUES (92, 'Bode, Feest and Johns', 'Autem ad amet numquam amet sed nemo. Eius ut dolore quas beatae nesciunt ut. Impedit aut similique in. Doloribus tenetur optio recusandae iusto corrupti laudantium laudantium eius.', 8, 'Y', 'hotel');
INSERT INTO `s_object` (`ID`, `NAME`, `DESCRIPTION`, `CITY_ID`, `IS_ACTIVE`, `TYPE`) VALUES (93, 'Mayert-Wilderman', 'Doloremque veniam occaecati et quis fuga nesciunt. Rem quis ducimus saepe commodi officiis similique. Sed eius asperiores accusamus enim.', 9, 'Y', 'apart');
INSERT INTO `s_object` (`ID`, `NAME`, `DESCRIPTION`, `CITY_ID`, `IS_ACTIVE`, `TYPE`) VALUES (94, 'Stracke LLC', 'Reprehenderit eligendi est excepturi atque nulla. Quod ea aut corporis ratione odio laudantium eius. Numquam velit voluptate sint aspernatur nostrum atque. Facilis nisi voluptas vitae esse ut aperiam dicta laborum. Aut quam cumque qui laboriosam rem.', 10, 'N', 'hotel');
INSERT INTO `s_object` (`ID`, `NAME`, `DESCRIPTION`, `CITY_ID`, `IS_ACTIVE`, `TYPE`) VALUES (95, 'Kris-Ortiz', 'Et sit et beatae qui perspiciatis est eum. Illum culpa et consequatur et incidunt omnis reprehenderit. Quae deleniti dolor blanditiis hic tenetur occaecati. Ex minus esse facilis consequatur. Hic ut autem placeat excepturi.', 11, 'Y', 'hotel');
INSERT INTO `s_object` (`ID`, `NAME`, `DESCRIPTION`, `CITY_ID`, `IS_ACTIVE`, `TYPE`) VALUES (96, 'Jenkins-Deckow', 'Fugit alias voluptatem placeat quia quidem deleniti. Omnis at architecto ratione quod natus. Odit dolores quod eius commodi et sit. Delectus debitis quis repellendus.', 12, 'Y', 'hotel');
INSERT INTO `s_object` (`ID`, `NAME`, `DESCRIPTION`, `CITY_ID`, `IS_ACTIVE`, `TYPE`) VALUES (97, 'Schultz-Kirlin', 'Reiciendis blanditiis aut id est ipsam alias expedita. Laborum ut culpa maxime dolorem aliquid libero rerum. Error recusandae explicabo odio officia. Adipisci aut omnis non molestias sed.', 13, 'Y', 'sight');
INSERT INTO `s_object` (`ID`, `NAME`, `DESCRIPTION`, `CITY_ID`, `IS_ACTIVE`, `TYPE`) VALUES (98, 'Bauch-Ruecker', 'Dolorem aut consequuntur quod sed esse officia. Non qui magnam sit qui sit. Quaerat molestiae necessitatibus dolores exercitationem doloribus qui. Esse quaerat quibusdam magnam eaque delectus debitis qui.', 14, 'N', 'apart');
INSERT INTO `s_object` (`ID`, `NAME`, `DESCRIPTION`, `CITY_ID`, `IS_ACTIVE`, `TYPE`) VALUES (99, 'Nienow Inc', 'Labore voluptatum voluptatem molestiae fugit omnis illum sit. Praesentium id similique esse cum et magni. Repellat voluptatibus facere modi ut.', 1, 'Y', 'apart');
INSERT INTO `s_object` (`ID`, `NAME`, `DESCRIPTION`, `CITY_ID`, `IS_ACTIVE`, `TYPE`) VALUES (100, 'Jerde, Kautzer and Kertzmann', 'Reprehenderit rerum dolorem laboriosam at est. Omnis debitis consequatur eaque nihil harum voluptatem laboriosam. Voluptatem fuga nam nam aspernatur molestias tempora. Soluta consequuntur maxime temporibus et.', 2, 'N', 'sight');


#
# TABLE STRUCTURE FOR: s_contract
#

DROP TABLE IF EXISTS `s_contract`;

CREATE TABLE `s_contract` (
	                          `ID` int(11) NOT NULL AUTO_INCREMENT,
	                          `OBJECT_ID` int(11) DEFAULT NULL,
	                          `OWNER_ID` int(11) DEFAULT NULL,
	                          `DATE_START` date DEFAULT NULL,
	                          `DATE_END` date DEFAULT NULL,
	                          `SUM` int(11) DEFAULT NULL,
	                          PRIMARY KEY (`ID`),
	                          KEY `s_contract_s_object_ID_fk` (`OBJECT_ID`),
	                          KEY `s_contract_s_user_ID_fk` (`OWNER_ID`),
	                          CONSTRAINT `s_contract_s_object_ID_fk` FOREIGN KEY (`OBJECT_ID`) REFERENCES `s_object` (`ID`),
	                          CONSTRAINT `s_contract_s_user_ID_fk` FOREIGN KEY (`OWNER_ID`) REFERENCES `s_user` (`ID`)
) ENGINE=InnoDB AUTO_INCREMENT=221 DEFAULT CHARSET=utf8 COLLATE=utf8_unicode_ci;

INSERT INTO `s_contract` (`ID`, `OBJECT_ID`, `OWNER_ID`, `DATE_START`, `DATE_END`, `SUM`) VALUES (1, 70, 3, '1982-01-06', '2005-05-15', 39396);
INSERT INTO `s_contract` (`ID`, `OBJECT_ID`, `OWNER_ID`, `DATE_START`, `DATE_END`, `SUM`) VALUES (2, 60, 20, '2018-09-26', '1984-12-17', 84631);
INSERT INTO `s_contract` (`ID`, `OBJECT_ID`, `OWNER_ID`, `DATE_START`, `DATE_END`, `SUM`) VALUES (3, 99, 39, '1975-01-12', '2015-07-27', 38782);
INSERT INTO `s_contract` (`ID`, `OBJECT_ID`, `OWNER_ID`, `DATE_START`, `DATE_END`, `SUM`) VALUES (4, 61, 21, '1998-08-16', '2005-07-09', 57240);
INSERT INTO `s_contract` (`ID`, `OBJECT_ID`, `OWNER_ID`, `DATE_START`, `DATE_END`, `SUM`) VALUES (5, 80, 10, '1997-10-26', '1973-05-09', 26520);
INSERT INTO `s_contract` (`ID`, `OBJECT_ID`, `OWNER_ID`, `DATE_START`, `DATE_END`, `SUM`) VALUES (6, 35, 1, '2004-08-07', '2020-09-01', 82745);
INSERT INTO `s_contract` (`ID`, `OBJECT_ID`, `OWNER_ID`, `DATE_START`, `DATE_END`, `SUM`) VALUES (7, 76, 27, '1983-05-14', '1978-10-12', 84002);
INSERT INTO `s_contract` (`ID`, `OBJECT_ID`, `OWNER_ID`, `DATE_START`, `DATE_END`, `SUM`) VALUES (8, 28, 12, '1970-05-16', '1992-08-01', 58412);
INSERT INTO `s_contract` (`ID`, `OBJECT_ID`, `OWNER_ID`, `DATE_START`, `DATE_END`, `SUM`) VALUES (9, 79, 32, '2005-10-08', '2015-01-06', 64728);
INSERT INTO `s_contract` (`ID`, `OBJECT_ID`, `OWNER_ID`, `DATE_START`, `DATE_END`, `SUM`) VALUES (10, 48, 9, '1970-08-15', '2007-06-26', 10467);
INSERT INTO `s_contract` (`ID`, `OBJECT_ID`, `OWNER_ID`, `DATE_START`, `DATE_END`, `SUM`) VALUES (11, 61, 40, '2021-04-09', '1973-03-31', 17300);
INSERT INTO `s_contract` (`ID`, `OBJECT_ID`, `OWNER_ID`, `DATE_START`, `DATE_END`, `SUM`) VALUES (12, 42, 6, '2014-10-06', '1994-02-13', 38465);
INSERT INTO `s_contract` (`ID`, `OBJECT_ID`, `OWNER_ID`, `DATE_START`, `DATE_END`, `SUM`) VALUES (13, 32, 24, '1984-12-31', '2017-07-01', 31266);
INSERT INTO `s_contract` (`ID`, `OBJECT_ID`, `OWNER_ID`, `DATE_START`, `DATE_END`, `SUM`) VALUES (14, 84, 22, '1974-12-23', '1972-08-14', 63140);
INSERT INTO `s_contract` (`ID`, `OBJECT_ID`, `OWNER_ID`, `DATE_START`, `DATE_END`, `SUM`) VALUES (15, 11, 22, '1991-09-15', '2019-07-23', 38593);
INSERT INTO `s_contract` (`ID`, `OBJECT_ID`, `OWNER_ID`, `DATE_START`, `DATE_END`, `SUM`) VALUES (16, 43, 33, '2021-12-31', '2003-02-04', 90266);
INSERT INTO `s_contract` (`ID`, `OBJECT_ID`, `OWNER_ID`, `DATE_START`, `DATE_END`, `SUM`) VALUES (17, 61, 1, '1993-11-18', '2001-08-09', 49666);
INSERT INTO `s_contract` (`ID`, `OBJECT_ID`, `OWNER_ID`, `DATE_START`, `DATE_END`, `SUM`) VALUES (18, 31, 24, '1973-10-24', '2014-10-30', 60633);
INSERT INTO `s_contract` (`ID`, `OBJECT_ID`, `OWNER_ID`, `DATE_START`, `DATE_END`, `SUM`) VALUES (19, 100, 37, '1999-09-28', '1995-03-27', 75028);
INSERT INTO `s_contract` (`ID`, `OBJECT_ID`, `OWNER_ID`, `DATE_START`, `DATE_END`, `SUM`) VALUES (20, 11, 32, '1981-01-25', '1970-09-14', 54559);
INSERT INTO `s_contract` (`ID`, `OBJECT_ID`, `OWNER_ID`, `DATE_START`, `DATE_END`, `SUM`) VALUES (21, 14, 18, '1987-10-17', '2008-08-27', 80601);
INSERT INTO `s_contract` (`ID`, `OBJECT_ID`, `OWNER_ID`, `DATE_START`, `DATE_END`, `SUM`) VALUES (22, 79, 36, '1996-04-02', '2013-05-13', 45963);
INSERT INTO `s_contract` (`ID`, `OBJECT_ID`, `OWNER_ID`, `DATE_START`, `DATE_END`, `SUM`) VALUES (23, 13, 3, '1988-12-09', '1971-03-13', 27172);
INSERT INTO `s_contract` (`ID`, `OBJECT_ID`, `OWNER_ID`, `DATE_START`, `DATE_END`, `SUM`) VALUES (24, 19, 37, '1982-11-02', '1970-11-27', 29411);
INSERT INTO `s_contract` (`ID`, `OBJECT_ID`, `OWNER_ID`, `DATE_START`, `DATE_END`, `SUM`) VALUES (25, 85, 27, '1989-01-23', '2004-07-31', 40405);
INSERT INTO `s_contract` (`ID`, `OBJECT_ID`, `OWNER_ID`, `DATE_START`, `DATE_END`, `SUM`) VALUES (26, 12, 18, '1995-02-10', '2019-10-24', 88874);
INSERT INTO `s_contract` (`ID`, `OBJECT_ID`, `OWNER_ID`, `DATE_START`, `DATE_END`, `SUM`) VALUES (27, 65, 22, '2002-01-25', '1982-06-05', 28450);
INSERT INTO `s_contract` (`ID`, `OBJECT_ID`, `OWNER_ID`, `DATE_START`, `DATE_END`, `SUM`) VALUES (28, 59, 39, '1987-07-04', '2014-07-20', 47443);
INSERT INTO `s_contract` (`ID`, `OBJECT_ID`, `OWNER_ID`, `DATE_START`, `DATE_END`, `SUM`) VALUES (29, 12, 17, '2007-07-15', '1998-05-01', 91958);
INSERT INTO `s_contract` (`ID`, `OBJECT_ID`, `OWNER_ID`, `DATE_START`, `DATE_END`, `SUM`) VALUES (30, 50, 9, '1974-04-25', '2017-11-27', 25170);
INSERT INTO `s_contract` (`ID`, `OBJECT_ID`, `OWNER_ID`, `DATE_START`, `DATE_END`, `SUM`) VALUES (31, 97, 38, '1992-09-12', '1970-12-14', 21894);
INSERT INTO `s_contract` (`ID`, `OBJECT_ID`, `OWNER_ID`, `DATE_START`, `DATE_END`, `SUM`) VALUES (32, 3, 23, '1980-08-28', '2019-11-07', 66307);
INSERT INTO `s_contract` (`ID`, `OBJECT_ID`, `OWNER_ID`, `DATE_START`, `DATE_END`, `SUM`) VALUES (33, 95, 13, '1987-06-03', '1977-05-11', 96227);
INSERT INTO `s_contract` (`ID`, `OBJECT_ID`, `OWNER_ID`, `DATE_START`, `DATE_END`, `SUM`) VALUES (34, 16, 38, '2020-12-07', '1972-11-11', 25125);
INSERT INTO `s_contract` (`ID`, `OBJECT_ID`, `OWNER_ID`, `DATE_START`, `DATE_END`, `SUM`) VALUES (35, 24, 11, '1970-10-19', '1979-02-01', 28252);
INSERT INTO `s_contract` (`ID`, `OBJECT_ID`, `OWNER_ID`, `DATE_START`, `DATE_END`, `SUM`) VALUES (36, 73, 15, '1975-11-26', '1985-09-19', 39543);
INSERT INTO `s_contract` (`ID`, `OBJECT_ID`, `OWNER_ID`, `DATE_START`, `DATE_END`, `SUM`) VALUES (37, 72, 21, '1976-11-22', '1992-02-28', 88046);
INSERT INTO `s_contract` (`ID`, `OBJECT_ID`, `OWNER_ID`, `DATE_START`, `DATE_END`, `SUM`) VALUES (38, 27, 34, '2015-09-18', '1981-06-10', 84688);
INSERT INTO `s_contract` (`ID`, `OBJECT_ID`, `OWNER_ID`, `DATE_START`, `DATE_END`, `SUM`) VALUES (39, 59, 19, '2001-11-07', '2015-08-04', 38707);
INSERT INTO `s_contract` (`ID`, `OBJECT_ID`, `OWNER_ID`, `DATE_START`, `DATE_END`, `SUM`) VALUES (40, 75, 17, '1973-08-11', '2005-02-18', 51348);
INSERT INTO `s_contract` (`ID`, `OBJECT_ID`, `OWNER_ID`, `DATE_START`, `DATE_END`, `SUM`) VALUES (41, 12, 35, '2010-01-11', '1999-09-19', 85373);
INSERT INTO `s_contract` (`ID`, `OBJECT_ID`, `OWNER_ID`, `DATE_START`, `DATE_END`, `SUM`) VALUES (42, 87, 31, '2004-03-07', '1998-11-12', 57510);
INSERT INTO `s_contract` (`ID`, `OBJECT_ID`, `OWNER_ID`, `DATE_START`, `DATE_END`, `SUM`) VALUES (43, 40, 19, '2001-02-25', '2001-07-11', 93832);
INSERT INTO `s_contract` (`ID`, `OBJECT_ID`, `OWNER_ID`, `DATE_START`, `DATE_END`, `SUM`) VALUES (44, 72, 21, '2012-03-14', '1987-12-13', 49837);
INSERT INTO `s_contract` (`ID`, `OBJECT_ID`, `OWNER_ID`, `DATE_START`, `DATE_END`, `SUM`) VALUES (45, 88, 9, '2009-06-28', '2010-04-24', 33734);
INSERT INTO `s_contract` (`ID`, `OBJECT_ID`, `OWNER_ID`, `DATE_START`, `DATE_END`, `SUM`) VALUES (46, 73, 34, '1992-07-20', '2008-03-12', 19585);
INSERT INTO `s_contract` (`ID`, `OBJECT_ID`, `OWNER_ID`, `DATE_START`, `DATE_END`, `SUM`) VALUES (47, 15, 31, '2013-03-16', '1981-05-22', 30061);
INSERT INTO `s_contract` (`ID`, `OBJECT_ID`, `OWNER_ID`, `DATE_START`, `DATE_END`, `SUM`) VALUES (48, 40, 4, '1980-05-14', '1980-03-05', 81096);
INSERT INTO `s_contract` (`ID`, `OBJECT_ID`, `OWNER_ID`, `DATE_START`, `DATE_END`, `SUM`) VALUES (49, 8, 23, '2008-12-03', '2007-08-14', 91682);
INSERT INTO `s_contract` (`ID`, `OBJECT_ID`, `OWNER_ID`, `DATE_START`, `DATE_END`, `SUM`) VALUES (50, 3, 13, '2013-08-20', '2010-10-15', 99370);
INSERT INTO `s_contract` (`ID`, `OBJECT_ID`, `OWNER_ID`, `DATE_START`, `DATE_END`, `SUM`) VALUES (51, 83, 31, '2008-09-20', '1999-02-25', 57402);
INSERT INTO `s_contract` (`ID`, `OBJECT_ID`, `OWNER_ID`, `DATE_START`, `DATE_END`, `SUM`) VALUES (52, 69, 22, '1994-11-30', '1981-03-12', 61860);
INSERT INTO `s_contract` (`ID`, `OBJECT_ID`, `OWNER_ID`, `DATE_START`, `DATE_END`, `SUM`) VALUES (53, 27, 39, '2015-08-13', '1999-06-07', 14643);
INSERT INTO `s_contract` (`ID`, `OBJECT_ID`, `OWNER_ID`, `DATE_START`, `DATE_END`, `SUM`) VALUES (54, 38, 34, '1975-01-16', '2014-11-07', 89785);
INSERT INTO `s_contract` (`ID`, `OBJECT_ID`, `OWNER_ID`, `DATE_START`, `DATE_END`, `SUM`) VALUES (55, 41, 5, '1988-01-19', '1997-08-13', 81998);
INSERT INTO `s_contract` (`ID`, `OBJECT_ID`, `OWNER_ID`, `DATE_START`, `DATE_END`, `SUM`) VALUES (56, 28, 21, '2017-03-25', '2013-12-25', 89972);
INSERT INTO `s_contract` (`ID`, `OBJECT_ID`, `OWNER_ID`, `DATE_START`, `DATE_END`, `SUM`) VALUES (57, 99, 6, '2019-06-27', '1981-08-12', 17063);
INSERT INTO `s_contract` (`ID`, `OBJECT_ID`, `OWNER_ID`, `DATE_START`, `DATE_END`, `SUM`) VALUES (58, 28, 16, '1984-07-19', '1988-10-01', 75267);
INSERT INTO `s_contract` (`ID`, `OBJECT_ID`, `OWNER_ID`, `DATE_START`, `DATE_END`, `SUM`) VALUES (59, 60, 40, '1972-05-24', '2006-10-31', 26717);
INSERT INTO `s_contract` (`ID`, `OBJECT_ID`, `OWNER_ID`, `DATE_START`, `DATE_END`, `SUM`) VALUES (60, 90, 19, '1971-01-03', '1981-01-23', 73040);
INSERT INTO `s_contract` (`ID`, `OBJECT_ID`, `OWNER_ID`, `DATE_START`, `DATE_END`, `SUM`) VALUES (61, 21, 25, '1973-04-26', '1980-04-10', 73181);
INSERT INTO `s_contract` (`ID`, `OBJECT_ID`, `OWNER_ID`, `DATE_START`, `DATE_END`, `SUM`) VALUES (62, 30, 15, '1975-02-22', '2009-08-04', 66859);
INSERT INTO `s_contract` (`ID`, `OBJECT_ID`, `OWNER_ID`, `DATE_START`, `DATE_END`, `SUM`) VALUES (63, 38, 28, '2015-04-23', '1970-03-18', 66846);
INSERT INTO `s_contract` (`ID`, `OBJECT_ID`, `OWNER_ID`, `DATE_START`, `DATE_END`, `SUM`) VALUES (64, 45, 18, '2009-02-16', '2018-04-25', 53552);
INSERT INTO `s_contract` (`ID`, `OBJECT_ID`, `OWNER_ID`, `DATE_START`, `DATE_END`, `SUM`) VALUES (65, 26, 19, '1998-03-28', '1977-06-17', 81381);
INSERT INTO `s_contract` (`ID`, `OBJECT_ID`, `OWNER_ID`, `DATE_START`, `DATE_END`, `SUM`) VALUES (66, 76, 4, '1973-06-16', '1992-10-11', 86743);
INSERT INTO `s_contract` (`ID`, `OBJECT_ID`, `OWNER_ID`, `DATE_START`, `DATE_END`, `SUM`) VALUES (67, 22, 18, '1984-06-26', '2009-12-22', 51935);
INSERT INTO `s_contract` (`ID`, `OBJECT_ID`, `OWNER_ID`, `DATE_START`, `DATE_END`, `SUM`) VALUES (68, 63, 20, '1993-08-04', '1989-10-18', 97718);
INSERT INTO `s_contract` (`ID`, `OBJECT_ID`, `OWNER_ID`, `DATE_START`, `DATE_END`, `SUM`) VALUES (69, 40, 40, '2021-02-03', '2011-07-18', 25156);
INSERT INTO `s_contract` (`ID`, `OBJECT_ID`, `OWNER_ID`, `DATE_START`, `DATE_END`, `SUM`) VALUES (70, 34, 32, '1980-02-16', '2015-07-28', 40612);
INSERT INTO `s_contract` (`ID`, `OBJECT_ID`, `OWNER_ID`, `DATE_START`, `DATE_END`, `SUM`) VALUES (71, 13, 25, '1981-06-23', '1985-02-28', 99834);
INSERT INTO `s_contract` (`ID`, `OBJECT_ID`, `OWNER_ID`, `DATE_START`, `DATE_END`, `SUM`) VALUES (72, 32, 5, '1982-12-06', '2008-07-26', 39182);
INSERT INTO `s_contract` (`ID`, `OBJECT_ID`, `OWNER_ID`, `DATE_START`, `DATE_END`, `SUM`) VALUES (73, 75, 24, '1988-07-19', '1975-07-15', 46233);
INSERT INTO `s_contract` (`ID`, `OBJECT_ID`, `OWNER_ID`, `DATE_START`, `DATE_END`, `SUM`) VALUES (74, 50, 14, '2004-03-02', '2009-12-15', 60940);
INSERT INTO `s_contract` (`ID`, `OBJECT_ID`, `OWNER_ID`, `DATE_START`, `DATE_END`, `SUM`) VALUES (75, 58, 16, '1998-08-19', '2001-03-14', 86987);
INSERT INTO `s_contract` (`ID`, `OBJECT_ID`, `OWNER_ID`, `DATE_START`, `DATE_END`, `SUM`) VALUES (76, 80, 32, '1982-10-22', '2000-09-28', 96008);
INSERT INTO `s_contract` (`ID`, `OBJECT_ID`, `OWNER_ID`, `DATE_START`, `DATE_END`, `SUM`) VALUES (77, 2, 4, '1992-12-01', '1979-11-29', 33324);
INSERT INTO `s_contract` (`ID`, `OBJECT_ID`, `OWNER_ID`, `DATE_START`, `DATE_END`, `SUM`) VALUES (78, 14, 16, '2006-01-04', '1993-02-18', 65560);
INSERT INTO `s_contract` (`ID`, `OBJECT_ID`, `OWNER_ID`, `DATE_START`, `DATE_END`, `SUM`) VALUES (79, 79, 24, '2016-03-06', '1997-05-07', 73933);
INSERT INTO `s_contract` (`ID`, `OBJECT_ID`, `OWNER_ID`, `DATE_START`, `DATE_END`, `SUM`) VALUES (80, 84, 2, '2009-07-11', '2004-05-08', 47250);
INSERT INTO `s_contract` (`ID`, `OBJECT_ID`, `OWNER_ID`, `DATE_START`, `DATE_END`, `SUM`) VALUES (81, 5, 24, '1982-12-28', '2011-09-03', 94097);
INSERT INTO `s_contract` (`ID`, `OBJECT_ID`, `OWNER_ID`, `DATE_START`, `DATE_END`, `SUM`) VALUES (82, 13, 11, '2013-11-04', '1988-12-14', 65181);
INSERT INTO `s_contract` (`ID`, `OBJECT_ID`, `OWNER_ID`, `DATE_START`, `DATE_END`, `SUM`) VALUES (83, 3, 30, '1991-04-04', '2020-04-22', 12058);
INSERT INTO `s_contract` (`ID`, `OBJECT_ID`, `OWNER_ID`, `DATE_START`, `DATE_END`, `SUM`) VALUES (84, 75, 17, '1973-11-21', '1983-04-27', 18684);
INSERT INTO `s_contract` (`ID`, `OBJECT_ID`, `OWNER_ID`, `DATE_START`, `DATE_END`, `SUM`) VALUES (85, 75, 4, '2017-04-22', '1981-03-04', 86559);
INSERT INTO `s_contract` (`ID`, `OBJECT_ID`, `OWNER_ID`, `DATE_START`, `DATE_END`, `SUM`) VALUES (86, 22, 35, '1976-04-11', '1972-02-29', 91999);
INSERT INTO `s_contract` (`ID`, `OBJECT_ID`, `OWNER_ID`, `DATE_START`, `DATE_END`, `SUM`) VALUES (87, 69, 22, '1990-08-18', '1979-05-20', 73607);
INSERT INTO `s_contract` (`ID`, `OBJECT_ID`, `OWNER_ID`, `DATE_START`, `DATE_END`, `SUM`) VALUES (88, 98, 18, '2011-12-05', '2015-01-01', 85016);
INSERT INTO `s_contract` (`ID`, `OBJECT_ID`, `OWNER_ID`, `DATE_START`, `DATE_END`, `SUM`) VALUES (89, 13, 19, '2015-09-27', '2004-08-22', 61353);
INSERT INTO `s_contract` (`ID`, `OBJECT_ID`, `OWNER_ID`, `DATE_START`, `DATE_END`, `SUM`) VALUES (90, 77, 29, '1989-07-17', '1977-08-11', 81780);
INSERT INTO `s_contract` (`ID`, `OBJECT_ID`, `OWNER_ID`, `DATE_START`, `DATE_END`, `SUM`) VALUES (91, 87, 23, '2019-03-18', '2002-01-08', 39870);
INSERT INTO `s_contract` (`ID`, `OBJECT_ID`, `OWNER_ID`, `DATE_START`, `DATE_END`, `SUM`) VALUES (92, 49, 35, '1984-05-04', '1980-07-16', 52239);
INSERT INTO `s_contract` (`ID`, `OBJECT_ID`, `OWNER_ID`, `DATE_START`, `DATE_END`, `SUM`) VALUES (93, 66, 26, '1972-05-16', '1975-04-07', 94788);
INSERT INTO `s_contract` (`ID`, `OBJECT_ID`, `OWNER_ID`, `DATE_START`, `DATE_END`, `SUM`) VALUES (94, 26, 18, '1990-09-21', '2021-06-02', 16985);
INSERT INTO `s_contract` (`ID`, `OBJECT_ID`, `OWNER_ID`, `DATE_START`, `DATE_END`, `SUM`) VALUES (95, 21, 4, '2018-11-08', '1974-06-02', 80585);
INSERT INTO `s_contract` (`ID`, `OBJECT_ID`, `OWNER_ID`, `DATE_START`, `DATE_END`, `SUM`) VALUES (96, 49, 11, '1993-03-17', '2016-12-30', 36931);
INSERT INTO `s_contract` (`ID`, `OBJECT_ID`, `OWNER_ID`, `DATE_START`, `DATE_END`, `SUM`) VALUES (97, 68, 25, '1981-01-04', '1989-02-21', 92686);
INSERT INTO `s_contract` (`ID`, `OBJECT_ID`, `OWNER_ID`, `DATE_START`, `DATE_END`, `SUM`) VALUES (98, 52, 29, '2017-06-13', '1998-10-20', 72057);
INSERT INTO `s_contract` (`ID`, `OBJECT_ID`, `OWNER_ID`, `DATE_START`, `DATE_END`, `SUM`) VALUES (99, 35, 11, '1971-05-11', '1973-05-08', 88742);
INSERT INTO `s_contract` (`ID`, `OBJECT_ID`, `OWNER_ID`, `DATE_START`, `DATE_END`, `SUM`) VALUES (100, 13, 4, '1970-12-02', '2010-03-14', 84796);
INSERT INTO `s_contract` (`ID`, `OBJECT_ID`, `OWNER_ID`, `DATE_START`, `DATE_END`, `SUM`) VALUES (101, 35, 14, '2021-01-01', '1985-05-11', 65755);
INSERT INTO `s_contract` (`ID`, `OBJECT_ID`, `OWNER_ID`, `DATE_START`, `DATE_END`, `SUM`) VALUES (102, 96, 2, '1998-10-23', '2013-12-23', 24570);
INSERT INTO `s_contract` (`ID`, `OBJECT_ID`, `OWNER_ID`, `DATE_START`, `DATE_END`, `SUM`) VALUES (103, 89, 38, '1970-05-11', '1987-02-04', 31318);
INSERT INTO `s_contract` (`ID`, `OBJECT_ID`, `OWNER_ID`, `DATE_START`, `DATE_END`, `SUM`) VALUES (104, 47, 1, '1996-08-08', '2002-04-09', 76255);
INSERT INTO `s_contract` (`ID`, `OBJECT_ID`, `OWNER_ID`, `DATE_START`, `DATE_END`, `SUM`) VALUES (105, 41, 10, '1993-11-05', '2021-02-24', 27004);
INSERT INTO `s_contract` (`ID`, `OBJECT_ID`, `OWNER_ID`, `DATE_START`, `DATE_END`, `SUM`) VALUES (106, 71, 11, '2000-08-23', '2002-01-02', 86895);
INSERT INTO `s_contract` (`ID`, `OBJECT_ID`, `OWNER_ID`, `DATE_START`, `DATE_END`, `SUM`) VALUES (107, 80, 8, '1983-04-17', '2020-01-01', 88372);
INSERT INTO `s_contract` (`ID`, `OBJECT_ID`, `OWNER_ID`, `DATE_START`, `DATE_END`, `SUM`) VALUES (108, 15, 19, '1994-07-31', '2004-10-03', 89940);
INSERT INTO `s_contract` (`ID`, `OBJECT_ID`, `OWNER_ID`, `DATE_START`, `DATE_END`, `SUM`) VALUES (109, 83, 17, '2003-04-26', '1973-02-13', 66694);
INSERT INTO `s_contract` (`ID`, `OBJECT_ID`, `OWNER_ID`, `DATE_START`, `DATE_END`, `SUM`) VALUES (110, 90, 2, '1978-03-09', '2008-07-30', 17739);
INSERT INTO `s_contract` (`ID`, `OBJECT_ID`, `OWNER_ID`, `DATE_START`, `DATE_END`, `SUM`) VALUES (111, 49, 16, '2002-09-10', '1984-06-16', 90158);
INSERT INTO `s_contract` (`ID`, `OBJECT_ID`, `OWNER_ID`, `DATE_START`, `DATE_END`, `SUM`) VALUES (112, 29, 7, '2015-09-11', '1975-10-13', 37587);
INSERT INTO `s_contract` (`ID`, `OBJECT_ID`, `OWNER_ID`, `DATE_START`, `DATE_END`, `SUM`) VALUES (113, 99, 32, '1972-12-09', '1980-03-01', 92337);
INSERT INTO `s_contract` (`ID`, `OBJECT_ID`, `OWNER_ID`, `DATE_START`, `DATE_END`, `SUM`) VALUES (114, 87, 14, '1970-01-04', '2003-02-25', 50399);
INSERT INTO `s_contract` (`ID`, `OBJECT_ID`, `OWNER_ID`, `DATE_START`, `DATE_END`, `SUM`) VALUES (115, 7, 40, '2004-10-28', '2009-10-23', 25179);
INSERT INTO `s_contract` (`ID`, `OBJECT_ID`, `OWNER_ID`, `DATE_START`, `DATE_END`, `SUM`) VALUES (116, 43, 17, '1990-08-06', '1977-07-17', 10256);
INSERT INTO `s_contract` (`ID`, `OBJECT_ID`, `OWNER_ID`, `DATE_START`, `DATE_END`, `SUM`) VALUES (117, 35, 16, '2000-12-03', '1995-03-11', 13185);
INSERT INTO `s_contract` (`ID`, `OBJECT_ID`, `OWNER_ID`, `DATE_START`, `DATE_END`, `SUM`) VALUES (118, 46, 9, '1987-11-19', '1986-08-22', 26329);
INSERT INTO `s_contract` (`ID`, `OBJECT_ID`, `OWNER_ID`, `DATE_START`, `DATE_END`, `SUM`) VALUES (119, 31, 37, '1983-04-11', '1989-05-21', 52909);
INSERT INTO `s_contract` (`ID`, `OBJECT_ID`, `OWNER_ID`, `DATE_START`, `DATE_END`, `SUM`) VALUES (120, 23, 29, '1972-03-03', '1971-02-22', 98455);
INSERT INTO `s_contract` (`ID`, `OBJECT_ID`, `OWNER_ID`, `DATE_START`, `DATE_END`, `SUM`) VALUES (121, 16, 38, '1996-10-17', '1992-04-28', 18405);
INSERT INTO `s_contract` (`ID`, `OBJECT_ID`, `OWNER_ID`, `DATE_START`, `DATE_END`, `SUM`) VALUES (122, 98, 39, '2018-06-21', '1994-07-03', 17030);
INSERT INTO `s_contract` (`ID`, `OBJECT_ID`, `OWNER_ID`, `DATE_START`, `DATE_END`, `SUM`) VALUES (123, 13, 5, '1992-11-02', '1975-04-22', 35591);
INSERT INTO `s_contract` (`ID`, `OBJECT_ID`, `OWNER_ID`, `DATE_START`, `DATE_END`, `SUM`) VALUES (124, 42, 38, '1985-08-31', '2020-05-12', 42298);
INSERT INTO `s_contract` (`ID`, `OBJECT_ID`, `OWNER_ID`, `DATE_START`, `DATE_END`, `SUM`) VALUES (125, 53, 13, '1977-03-13', '1972-10-06', 75758);
INSERT INTO `s_contract` (`ID`, `OBJECT_ID`, `OWNER_ID`, `DATE_START`, `DATE_END`, `SUM`) VALUES (126, 98, 1, '1999-07-10', '2009-11-18', 46108);
INSERT INTO `s_contract` (`ID`, `OBJECT_ID`, `OWNER_ID`, `DATE_START`, `DATE_END`, `SUM`) VALUES (127, 69, 11, '2010-12-23', '2013-12-29', 72751);
INSERT INTO `s_contract` (`ID`, `OBJECT_ID`, `OWNER_ID`, `DATE_START`, `DATE_END`, `SUM`) VALUES (128, 18, 27, '1977-10-17', '1978-05-12', 73604);
INSERT INTO `s_contract` (`ID`, `OBJECT_ID`, `OWNER_ID`, `DATE_START`, `DATE_END`, `SUM`) VALUES (129, 6, 2, '2012-06-09', '1997-05-14', 84260);
INSERT INTO `s_contract` (`ID`, `OBJECT_ID`, `OWNER_ID`, `DATE_START`, `DATE_END`, `SUM`) VALUES (130, 1, 5, '2008-04-06', '1973-10-03', 84956);
INSERT INTO `s_contract` (`ID`, `OBJECT_ID`, `OWNER_ID`, `DATE_START`, `DATE_END`, `SUM`) VALUES (131, 5, 17, '1972-06-10', '1971-12-16', 72688);
INSERT INTO `s_contract` (`ID`, `OBJECT_ID`, `OWNER_ID`, `DATE_START`, `DATE_END`, `SUM`) VALUES (132, 54, 16, '2003-01-10', '1990-02-22', 32073);
INSERT INTO `s_contract` (`ID`, `OBJECT_ID`, `OWNER_ID`, `DATE_START`, `DATE_END`, `SUM`) VALUES (133, 80, 40, '1995-01-06', '2010-09-20', 15474);
INSERT INTO `s_contract` (`ID`, `OBJECT_ID`, `OWNER_ID`, `DATE_START`, `DATE_END`, `SUM`) VALUES (134, 61, 5, '2018-11-30', '1973-06-12', 50665);
INSERT INTO `s_contract` (`ID`, `OBJECT_ID`, `OWNER_ID`, `DATE_START`, `DATE_END`, `SUM`) VALUES (135, 92, 34, '1989-05-18', '1974-12-23', 53451);
INSERT INTO `s_contract` (`ID`, `OBJECT_ID`, `OWNER_ID`, `DATE_START`, `DATE_END`, `SUM`) VALUES (136, 82, 3, '2008-11-10', '1984-03-12', 62629);
INSERT INTO `s_contract` (`ID`, `OBJECT_ID`, `OWNER_ID`, `DATE_START`, `DATE_END`, `SUM`) VALUES (137, 76, 32, '2020-02-24', '2008-12-12', 81204);
INSERT INTO `s_contract` (`ID`, `OBJECT_ID`, `OWNER_ID`, `DATE_START`, `DATE_END`, `SUM`) VALUES (138, 3, 35, '2003-08-22', '1982-09-02', 77687);
INSERT INTO `s_contract` (`ID`, `OBJECT_ID`, `OWNER_ID`, `DATE_START`, `DATE_END`, `SUM`) VALUES (139, 92, 18, '1972-03-01', '2003-11-27', 74102);
INSERT INTO `s_contract` (`ID`, `OBJECT_ID`, `OWNER_ID`, `DATE_START`, `DATE_END`, `SUM`) VALUES (140, 82, 18, '2010-09-24', '2002-11-24', 79626);
INSERT INTO `s_contract` (`ID`, `OBJECT_ID`, `OWNER_ID`, `DATE_START`, `DATE_END`, `SUM`) VALUES (141, 75, 32, '1983-09-07', '1985-03-15', 12339);
INSERT INTO `s_contract` (`ID`, `OBJECT_ID`, `OWNER_ID`, `DATE_START`, `DATE_END`, `SUM`) VALUES (142, 46, 18, '2008-06-20', '1973-06-08', 57355);
INSERT INTO `s_contract` (`ID`, `OBJECT_ID`, `OWNER_ID`, `DATE_START`, `DATE_END`, `SUM`) VALUES (143, 4, 26, '1990-06-02', '1997-11-03', 56251);
INSERT INTO `s_contract` (`ID`, `OBJECT_ID`, `OWNER_ID`, `DATE_START`, `DATE_END`, `SUM`) VALUES (144, 10, 4, '1994-05-07', '1997-10-17', 79638);
INSERT INTO `s_contract` (`ID`, `OBJECT_ID`, `OWNER_ID`, `DATE_START`, `DATE_END`, `SUM`) VALUES (145, 68, 4, '1996-09-03', '1972-04-21', 26713);
INSERT INTO `s_contract` (`ID`, `OBJECT_ID`, `OWNER_ID`, `DATE_START`, `DATE_END`, `SUM`) VALUES (146, 22, 29, '2001-11-14', '1991-03-27', 29568);
INSERT INTO `s_contract` (`ID`, `OBJECT_ID`, `OWNER_ID`, `DATE_START`, `DATE_END`, `SUM`) VALUES (147, 52, 30, '2007-03-03', '2019-04-21', 37298);
INSERT INTO `s_contract` (`ID`, `OBJECT_ID`, `OWNER_ID`, `DATE_START`, `DATE_END`, `SUM`) VALUES (148, 11, 13, '1998-03-16', '1989-09-20', 60721);
INSERT INTO `s_contract` (`ID`, `OBJECT_ID`, `OWNER_ID`, `DATE_START`, `DATE_END`, `SUM`) VALUES (149, 74, 29, '1981-04-09', '2004-12-03', 88119);
INSERT INTO `s_contract` (`ID`, `OBJECT_ID`, `OWNER_ID`, `DATE_START`, `DATE_END`, `SUM`) VALUES (150, 43, 26, '2003-03-09', '2006-02-12', 88629);
INSERT INTO `s_contract` (`ID`, `OBJECT_ID`, `OWNER_ID`, `DATE_START`, `DATE_END`, `SUM`) VALUES (151, 53, 10, '1994-02-04', '1996-04-03', 64992);
INSERT INTO `s_contract` (`ID`, `OBJECT_ID`, `OWNER_ID`, `DATE_START`, `DATE_END`, `SUM`) VALUES (152, 72, 12, '1976-03-16', '1977-03-28', 69561);
INSERT INTO `s_contract` (`ID`, `OBJECT_ID`, `OWNER_ID`, `DATE_START`, `DATE_END`, `SUM`) VALUES (153, 4, 30, '1992-01-22', '2000-11-27', 84813);
INSERT INTO `s_contract` (`ID`, `OBJECT_ID`, `OWNER_ID`, `DATE_START`, `DATE_END`, `SUM`) VALUES (154, 16, 38, '1986-07-08', '2001-05-01', 29547);
INSERT INTO `s_contract` (`ID`, `OBJECT_ID`, `OWNER_ID`, `DATE_START`, `DATE_END`, `SUM`) VALUES (155, 19, 39, '1984-11-11', '2003-01-02', 58656);
INSERT INTO `s_contract` (`ID`, `OBJECT_ID`, `OWNER_ID`, `DATE_START`, `DATE_END`, `SUM`) VALUES (156, 39, 38, '1993-10-05', '1986-02-20', 59793);
INSERT INTO `s_contract` (`ID`, `OBJECT_ID`, `OWNER_ID`, `DATE_START`, `DATE_END`, `SUM`) VALUES (157, 76, 34, '1997-10-16', '1974-10-31', 15278);
INSERT INTO `s_contract` (`ID`, `OBJECT_ID`, `OWNER_ID`, `DATE_START`, `DATE_END`, `SUM`) VALUES (158, 36, 32, '2020-01-09', '2004-09-02', 10436);
INSERT INTO `s_contract` (`ID`, `OBJECT_ID`, `OWNER_ID`, `DATE_START`, `DATE_END`, `SUM`) VALUES (159, 48, 19, '1999-11-14', '1994-12-29', 42642);
INSERT INTO `s_contract` (`ID`, `OBJECT_ID`, `OWNER_ID`, `DATE_START`, `DATE_END`, `SUM`) VALUES (160, 90, 7, '1985-10-18', '1986-08-23', 37175);
INSERT INTO `s_contract` (`ID`, `OBJECT_ID`, `OWNER_ID`, `DATE_START`, `DATE_END`, `SUM`) VALUES (161, 56, 5, '2009-01-27', '1997-03-11', 48890);
INSERT INTO `s_contract` (`ID`, `OBJECT_ID`, `OWNER_ID`, `DATE_START`, `DATE_END`, `SUM`) VALUES (162, 88, 3, '2016-07-01', '2022-05-17', 61414);
INSERT INTO `s_contract` (`ID`, `OBJECT_ID`, `OWNER_ID`, `DATE_START`, `DATE_END`, `SUM`) VALUES (163, 85, 39, '2000-03-14', '2015-10-23', 75636);
INSERT INTO `s_contract` (`ID`, `OBJECT_ID`, `OWNER_ID`, `DATE_START`, `DATE_END`, `SUM`) VALUES (164, 39, 24, '1970-05-08', '2019-10-03', 62972);
INSERT INTO `s_contract` (`ID`, `OBJECT_ID`, `OWNER_ID`, `DATE_START`, `DATE_END`, `SUM`) VALUES (165, 68, 33, '2002-06-28', '1980-02-10', 40887);
INSERT INTO `s_contract` (`ID`, `OBJECT_ID`, `OWNER_ID`, `DATE_START`, `DATE_END`, `SUM`) VALUES (166, 24, 9, '1970-08-15', '1973-11-05', 43474);
INSERT INTO `s_contract` (`ID`, `OBJECT_ID`, `OWNER_ID`, `DATE_START`, `DATE_END`, `SUM`) VALUES (167, 5, 39, '1971-06-29', '2022-06-04', 60186);
INSERT INTO `s_contract` (`ID`, `OBJECT_ID`, `OWNER_ID`, `DATE_START`, `DATE_END`, `SUM`) VALUES (168, 49, 3, '1973-12-07', '2016-06-28', 35890);
INSERT INTO `s_contract` (`ID`, `OBJECT_ID`, `OWNER_ID`, `DATE_START`, `DATE_END`, `SUM`) VALUES (169, 71, 26, '1990-11-15', '1976-10-23', 30380);
INSERT INTO `s_contract` (`ID`, `OBJECT_ID`, `OWNER_ID`, `DATE_START`, `DATE_END`, `SUM`) VALUES (170, 3, 36, '1980-02-27', '1977-06-22', 54373);
INSERT INTO `s_contract` (`ID`, `OBJECT_ID`, `OWNER_ID`, `DATE_START`, `DATE_END`, `SUM`) VALUES (171, 62, 17, '1971-06-24', '1995-06-06', 74654);
INSERT INTO `s_contract` (`ID`, `OBJECT_ID`, `OWNER_ID`, `DATE_START`, `DATE_END`, `SUM`) VALUES (172, 82, 15, '1995-07-20', '1998-03-01', 97401);
INSERT INTO `s_contract` (`ID`, `OBJECT_ID`, `OWNER_ID`, `DATE_START`, `DATE_END`, `SUM`) VALUES (173, 26, 7, '1999-12-06', '1982-12-12', 20185);
INSERT INTO `s_contract` (`ID`, `OBJECT_ID`, `OWNER_ID`, `DATE_START`, `DATE_END`, `SUM`) VALUES (174, 17, 30, '2005-07-28', '1970-09-24', 81654);
INSERT INTO `s_contract` (`ID`, `OBJECT_ID`, `OWNER_ID`, `DATE_START`, `DATE_END`, `SUM`) VALUES (175, 63, 3, '1983-01-07', '2004-11-24', 37846);
INSERT INTO `s_contract` (`ID`, `OBJECT_ID`, `OWNER_ID`, `DATE_START`, `DATE_END`, `SUM`) VALUES (176, 88, 8, '1989-02-12', '2001-10-06', 70389);
INSERT INTO `s_contract` (`ID`, `OBJECT_ID`, `OWNER_ID`, `DATE_START`, `DATE_END`, `SUM`) VALUES (177, 17, 31, '1987-01-22', '2003-09-22', 47445);
INSERT INTO `s_contract` (`ID`, `OBJECT_ID`, `OWNER_ID`, `DATE_START`, `DATE_END`, `SUM`) VALUES (178, 25, 1, '1988-02-14', '2000-11-07', 12985);
INSERT INTO `s_contract` (`ID`, `OBJECT_ID`, `OWNER_ID`, `DATE_START`, `DATE_END`, `SUM`) VALUES (179, 73, 26, '1990-05-27', '2010-12-21', 64098);
INSERT INTO `s_contract` (`ID`, `OBJECT_ID`, `OWNER_ID`, `DATE_START`, `DATE_END`, `SUM`) VALUES (180, 60, 17, '2009-03-03', '1971-11-02', 89095);
INSERT INTO `s_contract` (`ID`, `OBJECT_ID`, `OWNER_ID`, `DATE_START`, `DATE_END`, `SUM`) VALUES (181, 45, 34, '1983-12-10', '2005-05-16', 62096);
INSERT INTO `s_contract` (`ID`, `OBJECT_ID`, `OWNER_ID`, `DATE_START`, `DATE_END`, `SUM`) VALUES (182, 61, 20, '1980-02-12', '1979-05-01', 75944);
INSERT INTO `s_contract` (`ID`, `OBJECT_ID`, `OWNER_ID`, `DATE_START`, `DATE_END`, `SUM`) VALUES (183, 79, 4, '2010-03-19', '1996-03-14', 19737);
INSERT INTO `s_contract` (`ID`, `OBJECT_ID`, `OWNER_ID`, `DATE_START`, `DATE_END`, `SUM`) VALUES (184, 57, 20, '1987-04-25', '2010-03-01', 22261);
INSERT INTO `s_contract` (`ID`, `OBJECT_ID`, `OWNER_ID`, `DATE_START`, `DATE_END`, `SUM`) VALUES (185, 74, 24, '1997-03-20', '1975-03-16', 91694);
INSERT INTO `s_contract` (`ID`, `OBJECT_ID`, `OWNER_ID`, `DATE_START`, `DATE_END`, `SUM`) VALUES (186, 37, 14, '1978-09-02', '2000-12-06', 89956);
INSERT INTO `s_contract` (`ID`, `OBJECT_ID`, `OWNER_ID`, `DATE_START`, `DATE_END`, `SUM`) VALUES (187, 100, 8, '1971-04-05', '2020-07-11', 14286);
INSERT INTO `s_contract` (`ID`, `OBJECT_ID`, `OWNER_ID`, `DATE_START`, `DATE_END`, `SUM`) VALUES (188, 73, 11, '2012-10-07', '2006-06-10', 85723);
INSERT INTO `s_contract` (`ID`, `OBJECT_ID`, `OWNER_ID`, `DATE_START`, `DATE_END`, `SUM`) VALUES (189, 36, 36, '1982-10-29', '1992-08-08', 44914);
INSERT INTO `s_contract` (`ID`, `OBJECT_ID`, `OWNER_ID`, `DATE_START`, `DATE_END`, `SUM`) VALUES (190, 98, 40, '1978-06-06', '1986-08-01', 88397);
INSERT INTO `s_contract` (`ID`, `OBJECT_ID`, `OWNER_ID`, `DATE_START`, `DATE_END`, `SUM`) VALUES (191, 96, 35, '2002-01-02', '1980-02-20', 48758);
INSERT INTO `s_contract` (`ID`, `OBJECT_ID`, `OWNER_ID`, `DATE_START`, `DATE_END`, `SUM`) VALUES (192, 16, 5, '1983-11-26', '2020-03-06', 62146);
INSERT INTO `s_contract` (`ID`, `OBJECT_ID`, `OWNER_ID`, `DATE_START`, `DATE_END`, `SUM`) VALUES (193, 61, 17, '2008-01-24', '2011-06-24', 41691);
INSERT INTO `s_contract` (`ID`, `OBJECT_ID`, `OWNER_ID`, `DATE_START`, `DATE_END`, `SUM`) VALUES (194, 13, 14, '2015-12-27', '1993-12-19', 69875);
INSERT INTO `s_contract` (`ID`, `OBJECT_ID`, `OWNER_ID`, `DATE_START`, `DATE_END`, `SUM`) VALUES (195, 4, 29, '2009-06-06', '1988-01-02', 94705);
INSERT INTO `s_contract` (`ID`, `OBJECT_ID`, `OWNER_ID`, `DATE_START`, `DATE_END`, `SUM`) VALUES (196, 74, 20, '2007-11-25', '1973-07-01', 43466);
INSERT INTO `s_contract` (`ID`, `OBJECT_ID`, `OWNER_ID`, `DATE_START`, `DATE_END`, `SUM`) VALUES (197, 55, 14, '1982-09-01', '1983-08-28', 68106);
INSERT INTO `s_contract` (`ID`, `OBJECT_ID`, `OWNER_ID`, `DATE_START`, `DATE_END`, `SUM`) VALUES (198, 98, 14, '2007-05-04', '1975-07-12', 67104);
INSERT INTO `s_contract` (`ID`, `OBJECT_ID`, `OWNER_ID`, `DATE_START`, `DATE_END`, `SUM`) VALUES (199, 44, 22, '1971-05-24', '1987-05-01', 17938);
INSERT INTO `s_contract` (`ID`, `OBJECT_ID`, `OWNER_ID`, `DATE_START`, `DATE_END`, `SUM`) VALUES (200, 82, 7, '2011-02-17', '1991-09-20', 30674);
INSERT INTO `s_contract` (`ID`, `OBJECT_ID`, `OWNER_ID`, `DATE_START`, `DATE_END`, `SUM`) VALUES (201, 13, 8, '2015-04-24', '2005-11-01', 33200);
INSERT INTO `s_contract` (`ID`, `OBJECT_ID`, `OWNER_ID`, `DATE_START`, `DATE_END`, `SUM`) VALUES (202, 53, 5, '2013-12-01', '2010-11-12', 83847);
INSERT INTO `s_contract` (`ID`, `OBJECT_ID`, `OWNER_ID`, `DATE_START`, `DATE_END`, `SUM`) VALUES (203, 37, 10, '2004-07-23', '1989-04-14', 34856);
INSERT INTO `s_contract` (`ID`, `OBJECT_ID`, `OWNER_ID`, `DATE_START`, `DATE_END`, `SUM`) VALUES (204, 38, 29, '2014-01-27', '2005-10-17', 34786);
INSERT INTO `s_contract` (`ID`, `OBJECT_ID`, `OWNER_ID`, `DATE_START`, `DATE_END`, `SUM`) VALUES (205, 14, 15, '2005-03-05', '1971-10-19', 27855);
INSERT INTO `s_contract` (`ID`, `OBJECT_ID`, `OWNER_ID`, `DATE_START`, `DATE_END`, `SUM`) VALUES (206, 70, 4, '1974-09-20', '1972-08-28', 86853);
INSERT INTO `s_contract` (`ID`, `OBJECT_ID`, `OWNER_ID`, `DATE_START`, `DATE_END`, `SUM`) VALUES (207, 21, 34, '1995-03-07', '1978-10-28', 48000);
INSERT INTO `s_contract` (`ID`, `OBJECT_ID`, `OWNER_ID`, `DATE_START`, `DATE_END`, `SUM`) VALUES (208, 21, 33, '1990-09-28', '2019-05-03', 25455);
INSERT INTO `s_contract` (`ID`, `OBJECT_ID`, `OWNER_ID`, `DATE_START`, `DATE_END`, `SUM`) VALUES (209, 25, 14, '2007-03-26', '2018-05-28', 41773);
INSERT INTO `s_contract` (`ID`, `OBJECT_ID`, `OWNER_ID`, `DATE_START`, `DATE_END`, `SUM`) VALUES (210, 16, 12, '2012-06-23', '2013-03-01', 80089);
INSERT INTO `s_contract` (`ID`, `OBJECT_ID`, `OWNER_ID`, `DATE_START`, `DATE_END`, `SUM`) VALUES (211, 5, 36, '2019-08-06', '1993-07-05', 97434);
INSERT INTO `s_contract` (`ID`, `OBJECT_ID`, `OWNER_ID`, `DATE_START`, `DATE_END`, `SUM`) VALUES (212, 77, 24, '1999-08-25', '1976-04-21', 46031);
INSERT INTO `s_contract` (`ID`, `OBJECT_ID`, `OWNER_ID`, `DATE_START`, `DATE_END`, `SUM`) VALUES (213, 24, 30, '2004-03-08', '1998-10-13', 22791);
INSERT INTO `s_contract` (`ID`, `OBJECT_ID`, `OWNER_ID`, `DATE_START`, `DATE_END`, `SUM`) VALUES (214, 93, 27, '2018-01-15', '1987-04-19', 33403);
INSERT INTO `s_contract` (`ID`, `OBJECT_ID`, `OWNER_ID`, `DATE_START`, `DATE_END`, `SUM`) VALUES (215, 28, 30, '1982-04-01', '2009-07-06', 59045);
INSERT INTO `s_contract` (`ID`, `OBJECT_ID`, `OWNER_ID`, `DATE_START`, `DATE_END`, `SUM`) VALUES (216, 85, 17, '1995-02-23', '1977-08-04', 97721);
INSERT INTO `s_contract` (`ID`, `OBJECT_ID`, `OWNER_ID`, `DATE_START`, `DATE_END`, `SUM`) VALUES (217, 93, 15, '2012-01-12', '2021-03-06', 46855);
INSERT INTO `s_contract` (`ID`, `OBJECT_ID`, `OWNER_ID`, `DATE_START`, `DATE_END`, `SUM`) VALUES (218, 53, 12, '2021-12-07', '1992-07-13', 14112);
INSERT INTO `s_contract` (`ID`, `OBJECT_ID`, `OWNER_ID`, `DATE_START`, `DATE_END`, `SUM`) VALUES (219, 62, 36, '1996-07-26', '2022-02-09', 78428);
INSERT INTO `s_contract` (`ID`, `OBJECT_ID`, `OWNER_ID`, `DATE_START`, `DATE_END`, `SUM`) VALUES (220, 1, 31, '1994-01-17', '1971-10-31', 97580);



#
# TABLE STRUCTURE FOR: s_object_clicks
#

DROP TABLE IF EXISTS `s_object_clicks`;

CREATE TABLE `s_object_clicks` (
	                               `OBJECT_ID` int(11) DEFAULT NULL,
	                               `BOOKING_SYSTEM_ID` int(11) DEFAULT NULL,
	                               `DATE` date DEFAULT NULL,
	                               `CLICKS` int(11) DEFAULT NULL,
	                               KEY `s_object_clicks_s_booking_ID_fk` (`BOOKING_SYSTEM_ID`),
	                               KEY `s_object_clicks_s_object_ID_fk` (`OBJECT_ID`),
	                               CONSTRAINT `s_object_clicks_s_booking_ID_fk` FOREIGN KEY (`BOOKING_SYSTEM_ID`) REFERENCES `s_booking` (`ID`),
	                               CONSTRAINT `s_object_clicks_s_object_ID_fk` FOREIGN KEY (`OBJECT_ID`) REFERENCES `s_object` (`ID`)
) ENGINE=InnoDB DEFAULT CHARSET=utf8 COLLATE=utf8_unicode_ci;

INSERT INTO `s_object_clicks` (`OBJECT_ID`, `BOOKING_SYSTEM_ID`, `DATE`, `CLICKS`) VALUES (1, 2, '1980-03-02', 1);
INSERT INTO `s_object_clicks` (`OBJECT_ID`, `BOOKING_SYSTEM_ID`, `DATE`, `CLICKS`) VALUES (2, 5, '1973-08-13', 49);
INSERT INTO `s_object_clicks` (`OBJECT_ID`, `BOOKING_SYSTEM_ID`, `DATE`, `CLICKS`) VALUES (3, 6, '1977-07-27', 87);
INSERT INTO `s_object_clicks` (`OBJECT_ID`, `BOOKING_SYSTEM_ID`, `DATE`, `CLICKS`) VALUES (4, 4, '1994-08-12', 19);
INSERT INTO `s_object_clicks` (`OBJECT_ID`, `BOOKING_SYSTEM_ID`, `DATE`, `CLICKS`) VALUES (5, 4, '1972-01-22', 65);
INSERT INTO `s_object_clicks` (`OBJECT_ID`, `BOOKING_SYSTEM_ID`, `DATE`, `CLICKS`) VALUES (6, 1, '1996-03-09', 1);
INSERT INTO `s_object_clicks` (`OBJECT_ID`, `BOOKING_SYSTEM_ID`, `DATE`, `CLICKS`) VALUES (7, 2, '2003-12-20', 94);
INSERT INTO `s_object_clicks` (`OBJECT_ID`, `BOOKING_SYSTEM_ID`, `DATE`, `CLICKS`) VALUES (8, 6, '2018-07-21', 49);
INSERT INTO `s_object_clicks` (`OBJECT_ID`, `BOOKING_SYSTEM_ID`, `DATE`, `CLICKS`) VALUES (9, 3, '2001-04-11', 38);
INSERT INTO `s_object_clicks` (`OBJECT_ID`, `BOOKING_SYSTEM_ID`, `DATE`, `CLICKS`) VALUES (10, 4, '1994-06-24', 0);
INSERT INTO `s_object_clicks` (`OBJECT_ID`, `BOOKING_SYSTEM_ID`, `DATE`, `CLICKS`) VALUES (11, 1, '1991-01-13', 8);
INSERT INTO `s_object_clicks` (`OBJECT_ID`, `BOOKING_SYSTEM_ID`, `DATE`, `CLICKS`) VALUES (12, 3, '1984-12-04', 2);
INSERT INTO `s_object_clicks` (`OBJECT_ID`, `BOOKING_SYSTEM_ID`, `DATE`, `CLICKS`) VALUES (13, 3, '2002-01-30', 91);
INSERT INTO `s_object_clicks` (`OBJECT_ID`, `BOOKING_SYSTEM_ID`, `DATE`, `CLICKS`) VALUES (14, 6, '1990-02-07', 27);
INSERT INTO `s_object_clicks` (`OBJECT_ID`, `BOOKING_SYSTEM_ID`, `DATE`, `CLICKS`) VALUES (15, 1, '2005-02-28', 13);
INSERT INTO `s_object_clicks` (`OBJECT_ID`, `BOOKING_SYSTEM_ID`, `DATE`, `CLICKS`) VALUES (16, 4, '1972-02-02', 97);
INSERT INTO `s_object_clicks` (`OBJECT_ID`, `BOOKING_SYSTEM_ID`, `DATE`, `CLICKS`) VALUES (17, 5, '1992-11-23', 85);
INSERT INTO `s_object_clicks` (`OBJECT_ID`, `BOOKING_SYSTEM_ID`, `DATE`, `CLICKS`) VALUES (18, 7, '2003-06-28', 29);
INSERT INTO `s_object_clicks` (`OBJECT_ID`, `BOOKING_SYSTEM_ID`, `DATE`, `CLICKS`) VALUES (19, 2, '1989-05-07', 17);
INSERT INTO `s_object_clicks` (`OBJECT_ID`, `BOOKING_SYSTEM_ID`, `DATE`, `CLICKS`) VALUES (20, 6, '2007-04-29', 55);
INSERT INTO `s_object_clicks` (`OBJECT_ID`, `BOOKING_SYSTEM_ID`, `DATE`, `CLICKS`) VALUES (21, 5, '2004-08-11', 82);
INSERT INTO `s_object_clicks` (`OBJECT_ID`, `BOOKING_SYSTEM_ID`, `DATE`, `CLICKS`) VALUES (22, 1, '1975-12-15', 51);
INSERT INTO `s_object_clicks` (`OBJECT_ID`, `BOOKING_SYSTEM_ID`, `DATE`, `CLICKS`) VALUES (23, 2, '1989-03-15', 44);
INSERT INTO `s_object_clicks` (`OBJECT_ID`, `BOOKING_SYSTEM_ID`, `DATE`, `CLICKS`) VALUES (24, 5, '1984-12-20', 51);
INSERT INTO `s_object_clicks` (`OBJECT_ID`, `BOOKING_SYSTEM_ID`, `DATE`, `CLICKS`) VALUES (25, 4, '1988-08-12', 70);
INSERT INTO `s_object_clicks` (`OBJECT_ID`, `BOOKING_SYSTEM_ID`, `DATE`, `CLICKS`) VALUES (26, 6, '1977-05-09', 32);
INSERT INTO `s_object_clicks` (`OBJECT_ID`, `BOOKING_SYSTEM_ID`, `DATE`, `CLICKS`) VALUES (27, 7, '2013-02-07', 51);
INSERT INTO `s_object_clicks` (`OBJECT_ID`, `BOOKING_SYSTEM_ID`, `DATE`, `CLICKS`) VALUES (28, 1, '1989-02-24', 94);
INSERT INTO `s_object_clicks` (`OBJECT_ID`, `BOOKING_SYSTEM_ID`, `DATE`, `CLICKS`) VALUES (29, 5, '1973-03-15', 78);
INSERT INTO `s_object_clicks` (`OBJECT_ID`, `BOOKING_SYSTEM_ID`, `DATE`, `CLICKS`) VALUES (30, 7, '2006-03-07', 44);
INSERT INTO `s_object_clicks` (`OBJECT_ID`, `BOOKING_SYSTEM_ID`, `DATE`, `CLICKS`) VALUES (31, 6, '1992-10-11', 73);
INSERT INTO `s_object_clicks` (`OBJECT_ID`, `BOOKING_SYSTEM_ID`, `DATE`, `CLICKS`) VALUES (32, 7, '1993-01-29', 34);
INSERT INTO `s_object_clicks` (`OBJECT_ID`, `BOOKING_SYSTEM_ID`, `DATE`, `CLICKS`) VALUES (33, 5, '1983-09-15', 25);
INSERT INTO `s_object_clicks` (`OBJECT_ID`, `BOOKING_SYSTEM_ID`, `DATE`, `CLICKS`) VALUES (34, 5, '1995-07-08', 61);
INSERT INTO `s_object_clicks` (`OBJECT_ID`, `BOOKING_SYSTEM_ID`, `DATE`, `CLICKS`) VALUES (35, 3, '1974-04-14', 91);
INSERT INTO `s_object_clicks` (`OBJECT_ID`, `BOOKING_SYSTEM_ID`, `DATE`, `CLICKS`) VALUES (36, 1, '1979-07-06', 56);
INSERT INTO `s_object_clicks` (`OBJECT_ID`, `BOOKING_SYSTEM_ID`, `DATE`, `CLICKS`) VALUES (37, 5, '1973-10-07', 34);
INSERT INTO `s_object_clicks` (`OBJECT_ID`, `BOOKING_SYSTEM_ID`, `DATE`, `CLICKS`) VALUES (38, 5, '2005-07-31', 77);
INSERT INTO `s_object_clicks` (`OBJECT_ID`, `BOOKING_SYSTEM_ID`, `DATE`, `CLICKS`) VALUES (39, 7, '2003-07-02', 56);
INSERT INTO `s_object_clicks` (`OBJECT_ID`, `BOOKING_SYSTEM_ID`, `DATE`, `CLICKS`) VALUES (40, 1, '1985-03-19', 6);
INSERT INTO `s_object_clicks` (`OBJECT_ID`, `BOOKING_SYSTEM_ID`, `DATE`, `CLICKS`) VALUES (41, 1, '1976-01-08', 74);
INSERT INTO `s_object_clicks` (`OBJECT_ID`, `BOOKING_SYSTEM_ID`, `DATE`, `CLICKS`) VALUES (42, 7, '1971-11-19', 79);
INSERT INTO `s_object_clicks` (`OBJECT_ID`, `BOOKING_SYSTEM_ID`, `DATE`, `CLICKS`) VALUES (43, 4, '1995-09-28', 29);
INSERT INTO `s_object_clicks` (`OBJECT_ID`, `BOOKING_SYSTEM_ID`, `DATE`, `CLICKS`) VALUES (44, 4, '2017-06-16', 64);
INSERT INTO `s_object_clicks` (`OBJECT_ID`, `BOOKING_SYSTEM_ID`, `DATE`, `CLICKS`) VALUES (45, 6, '2000-10-28', 29);
INSERT INTO `s_object_clicks` (`OBJECT_ID`, `BOOKING_SYSTEM_ID`, `DATE`, `CLICKS`) VALUES (46, 4, '1978-02-03', 97);
INSERT INTO `s_object_clicks` (`OBJECT_ID`, `BOOKING_SYSTEM_ID`, `DATE`, `CLICKS`) VALUES (47, 7, '2016-03-06', 1);
INSERT INTO `s_object_clicks` (`OBJECT_ID`, `BOOKING_SYSTEM_ID`, `DATE`, `CLICKS`) VALUES (48, 3, '2016-02-28', 22);
INSERT INTO `s_object_clicks` (`OBJECT_ID`, `BOOKING_SYSTEM_ID`, `DATE`, `CLICKS`) VALUES (49, 4, '1971-04-18', 9);
INSERT INTO `s_object_clicks` (`OBJECT_ID`, `BOOKING_SYSTEM_ID`, `DATE`, `CLICKS`) VALUES (50, 2, '2019-09-30', 25);
INSERT INTO `s_object_clicks` (`OBJECT_ID`, `BOOKING_SYSTEM_ID`, `DATE`, `CLICKS`) VALUES (51, 2, '1976-11-02', 45);
INSERT INTO `s_object_clicks` (`OBJECT_ID`, `BOOKING_SYSTEM_ID`, `DATE`, `CLICKS`) VALUES (52, 1, '2019-12-01', 20);
INSERT INTO `s_object_clicks` (`OBJECT_ID`, `BOOKING_SYSTEM_ID`, `DATE`, `CLICKS`) VALUES (53, 3, '1988-06-26', 75);
INSERT INTO `s_object_clicks` (`OBJECT_ID`, `BOOKING_SYSTEM_ID`, `DATE`, `CLICKS`) VALUES (54, 4, '2009-11-27', 59);
INSERT INTO `s_object_clicks` (`OBJECT_ID`, `BOOKING_SYSTEM_ID`, `DATE`, `CLICKS`) VALUES (55, 6, '2019-10-02', 18);
INSERT INTO `s_object_clicks` (`OBJECT_ID`, `BOOKING_SYSTEM_ID`, `DATE`, `CLICKS`) VALUES (56, 6, '2004-10-31', 46);
INSERT INTO `s_object_clicks` (`OBJECT_ID`, `BOOKING_SYSTEM_ID`, `DATE`, `CLICKS`) VALUES (57, 3, '2005-08-29', 65);
INSERT INTO `s_object_clicks` (`OBJECT_ID`, `BOOKING_SYSTEM_ID`, `DATE`, `CLICKS`) VALUES (58, 5, '1979-12-20', 90);
INSERT INTO `s_object_clicks` (`OBJECT_ID`, `BOOKING_SYSTEM_ID`, `DATE`, `CLICKS`) VALUES (59, 6, '2002-02-03', 85);
INSERT INTO `s_object_clicks` (`OBJECT_ID`, `BOOKING_SYSTEM_ID`, `DATE`, `CLICKS`) VALUES (60, 1, '1973-04-25', 18);
INSERT INTO `s_object_clicks` (`OBJECT_ID`, `BOOKING_SYSTEM_ID`, `DATE`, `CLICKS`) VALUES (61, 4, '2020-02-16', 11);
INSERT INTO `s_object_clicks` (`OBJECT_ID`, `BOOKING_SYSTEM_ID`, `DATE`, `CLICKS`) VALUES (62, 5, '2017-09-03', 0);
INSERT INTO `s_object_clicks` (`OBJECT_ID`, `BOOKING_SYSTEM_ID`, `DATE`, `CLICKS`) VALUES (63, 7, '1994-06-16', 51);
INSERT INTO `s_object_clicks` (`OBJECT_ID`, `BOOKING_SYSTEM_ID`, `DATE`, `CLICKS`) VALUES (64, 1, '2009-01-31', 85);
INSERT INTO `s_object_clicks` (`OBJECT_ID`, `BOOKING_SYSTEM_ID`, `DATE`, `CLICKS`) VALUES (65, 3, '2017-11-18', 35);
INSERT INTO `s_object_clicks` (`OBJECT_ID`, `BOOKING_SYSTEM_ID`, `DATE`, `CLICKS`) VALUES (66, 3, '2019-03-27', 14);
INSERT INTO `s_object_clicks` (`OBJECT_ID`, `BOOKING_SYSTEM_ID`, `DATE`, `CLICKS`) VALUES (67, 2, '2005-06-15', 4);
INSERT INTO `s_object_clicks` (`OBJECT_ID`, `BOOKING_SYSTEM_ID`, `DATE`, `CLICKS`) VALUES (68, 1, '2016-04-14', 51);
INSERT INTO `s_object_clicks` (`OBJECT_ID`, `BOOKING_SYSTEM_ID`, `DATE`, `CLICKS`) VALUES (69, 1, '1972-01-07', 76);
INSERT INTO `s_object_clicks` (`OBJECT_ID`, `BOOKING_SYSTEM_ID`, `DATE`, `CLICKS`) VALUES (70, 2, '2013-10-08', 81);
INSERT INTO `s_object_clicks` (`OBJECT_ID`, `BOOKING_SYSTEM_ID`, `DATE`, `CLICKS`) VALUES (71, 1, '2018-03-20', 74);
INSERT INTO `s_object_clicks` (`OBJECT_ID`, `BOOKING_SYSTEM_ID`, `DATE`, `CLICKS`) VALUES (72, 1, '2007-03-10', 23);
INSERT INTO `s_object_clicks` (`OBJECT_ID`, `BOOKING_SYSTEM_ID`, `DATE`, `CLICKS`) VALUES (73, 2, '1984-02-07', 5);
INSERT INTO `s_object_clicks` (`OBJECT_ID`, `BOOKING_SYSTEM_ID`, `DATE`, `CLICKS`) VALUES (74, 5, '2004-01-01', 30);
INSERT INTO `s_object_clicks` (`OBJECT_ID`, `BOOKING_SYSTEM_ID`, `DATE`, `CLICKS`) VALUES (75, 4, '1987-08-30', 63);
INSERT INTO `s_object_clicks` (`OBJECT_ID`, `BOOKING_SYSTEM_ID`, `DATE`, `CLICKS`) VALUES (76, 1, '1999-03-02', 18);
INSERT INTO `s_object_clicks` (`OBJECT_ID`, `BOOKING_SYSTEM_ID`, `DATE`, `CLICKS`) VALUES (77, 1, '2001-06-14', 0);
INSERT INTO `s_object_clicks` (`OBJECT_ID`, `BOOKING_SYSTEM_ID`, `DATE`, `CLICKS`) VALUES (78, 4, '2001-08-09', 73);
INSERT INTO `s_object_clicks` (`OBJECT_ID`, `BOOKING_SYSTEM_ID`, `DATE`, `CLICKS`) VALUES (79, 3, '1994-02-25', 31);
INSERT INTO `s_object_clicks` (`OBJECT_ID`, `BOOKING_SYSTEM_ID`, `DATE`, `CLICKS`) VALUES (80, 5, '1978-05-29', 50);
INSERT INTO `s_object_clicks` (`OBJECT_ID`, `BOOKING_SYSTEM_ID`, `DATE`, `CLICKS`) VALUES (81, 6, '1971-08-11', 0);
INSERT INTO `s_object_clicks` (`OBJECT_ID`, `BOOKING_SYSTEM_ID`, `DATE`, `CLICKS`) VALUES (82, 5, '2015-08-19', 45);
INSERT INTO `s_object_clicks` (`OBJECT_ID`, `BOOKING_SYSTEM_ID`, `DATE`, `CLICKS`) VALUES (83, 6, '1977-12-16', 98);
INSERT INTO `s_object_clicks` (`OBJECT_ID`, `BOOKING_SYSTEM_ID`, `DATE`, `CLICKS`) VALUES (84, 1, '2008-12-24', 12);
INSERT INTO `s_object_clicks` (`OBJECT_ID`, `BOOKING_SYSTEM_ID`, `DATE`, `CLICKS`) VALUES (85, 2, '1991-10-28', 56);
INSERT INTO `s_object_clicks` (`OBJECT_ID`, `BOOKING_SYSTEM_ID`, `DATE`, `CLICKS`) VALUES (86, 4, '1977-12-22', 98);
INSERT INTO `s_object_clicks` (`OBJECT_ID`, `BOOKING_SYSTEM_ID`, `DATE`, `CLICKS`) VALUES (87, 6, '2002-05-04', 38);
INSERT INTO `s_object_clicks` (`OBJECT_ID`, `BOOKING_SYSTEM_ID`, `DATE`, `CLICKS`) VALUES (88, 4, '1978-02-20', 77);
INSERT INTO `s_object_clicks` (`OBJECT_ID`, `BOOKING_SYSTEM_ID`, `DATE`, `CLICKS`) VALUES (89, 1, '1996-10-19', 53);
INSERT INTO `s_object_clicks` (`OBJECT_ID`, `BOOKING_SYSTEM_ID`, `DATE`, `CLICKS`) VALUES (90, 5, '1983-04-27', 99);
INSERT INTO `s_object_clicks` (`OBJECT_ID`, `BOOKING_SYSTEM_ID`, `DATE`, `CLICKS`) VALUES (91, 4, '1972-08-03', 73);
INSERT INTO `s_object_clicks` (`OBJECT_ID`, `BOOKING_SYSTEM_ID`, `DATE`, `CLICKS`) VALUES (92, 5, '1979-02-05', 77);
INSERT INTO `s_object_clicks` (`OBJECT_ID`, `BOOKING_SYSTEM_ID`, `DATE`, `CLICKS`) VALUES (93, 2, '2017-06-08', 4);
INSERT INTO `s_object_clicks` (`OBJECT_ID`, `BOOKING_SYSTEM_ID`, `DATE`, `CLICKS`) VALUES (94, 4, '1987-03-06', 31);
INSERT INTO `s_object_clicks` (`OBJECT_ID`, `BOOKING_SYSTEM_ID`, `DATE`, `CLICKS`) VALUES (95, 6, '2006-10-10', 61);
INSERT INTO `s_object_clicks` (`OBJECT_ID`, `BOOKING_SYSTEM_ID`, `DATE`, `CLICKS`) VALUES (96, 4, '1975-08-25', 6);
INSERT INTO `s_object_clicks` (`OBJECT_ID`, `BOOKING_SYSTEM_ID`, `DATE`, `CLICKS`) VALUES (97, 6, '1991-01-05', 82);
INSERT INTO `s_object_clicks` (`OBJECT_ID`, `BOOKING_SYSTEM_ID`, `DATE`, `CLICKS`) VALUES (98, 1, '2018-12-14', 43);
INSERT INTO `s_object_clicks` (`OBJECT_ID`, `BOOKING_SYSTEM_ID`, `DATE`, `CLICKS`) VALUES (99, 5, '1999-04-03', 21);
INSERT INTO `s_object_clicks` (`OBJECT_ID`, `BOOKING_SYSTEM_ID`, `DATE`, `CLICKS`) VALUES (100, 6, '2005-05-14', 6);
INSERT INTO `s_object_clicks` (`OBJECT_ID`, `BOOKING_SYSTEM_ID`, `DATE`, `CLICKS`) VALUES (1, 2, '1994-11-22', 32);
INSERT INTO `s_object_clicks` (`OBJECT_ID`, `BOOKING_SYSTEM_ID`, `DATE`, `CLICKS`) VALUES (2, 5, '2008-12-05', 71);
INSERT INTO `s_object_clicks` (`OBJECT_ID`, `BOOKING_SYSTEM_ID`, `DATE`, `CLICKS`) VALUES (3, 7, '2006-09-26', 27);
INSERT INTO `s_object_clicks` (`OBJECT_ID`, `BOOKING_SYSTEM_ID`, `DATE`, `CLICKS`) VALUES (4, 3, '2008-07-28', 25);
INSERT INTO `s_object_clicks` (`OBJECT_ID`, `BOOKING_SYSTEM_ID`, `DATE`, `CLICKS`) VALUES (5, 3, '1992-01-10', 50);
INSERT INTO `s_object_clicks` (`OBJECT_ID`, `BOOKING_SYSTEM_ID`, `DATE`, `CLICKS`) VALUES (6, 4, '1997-11-23', 75);
INSERT INTO `s_object_clicks` (`OBJECT_ID`, `BOOKING_SYSTEM_ID`, `DATE`, `CLICKS`) VALUES (7, 3, '1999-01-24', 59);
INSERT INTO `s_object_clicks` (`OBJECT_ID`, `BOOKING_SYSTEM_ID`, `DATE`, `CLICKS`) VALUES (8, 4, '2017-10-03', 7);
INSERT INTO `s_object_clicks` (`OBJECT_ID`, `BOOKING_SYSTEM_ID`, `DATE`, `CLICKS`) VALUES (9, 1, '2009-11-01', 50);
INSERT INTO `s_object_clicks` (`OBJECT_ID`, `BOOKING_SYSTEM_ID`, `DATE`, `CLICKS`) VALUES (10, 6, '1998-01-27', 19);
INSERT INTO `s_object_clicks` (`OBJECT_ID`, `BOOKING_SYSTEM_ID`, `DATE`, `CLICKS`) VALUES (11, 1, '2003-05-17', 88);
INSERT INTO `s_object_clicks` (`OBJECT_ID`, `BOOKING_SYSTEM_ID`, `DATE`, `CLICKS`) VALUES (12, 6, '1971-11-23', 98);
INSERT INTO `s_object_clicks` (`OBJECT_ID`, `BOOKING_SYSTEM_ID`, `DATE`, `CLICKS`) VALUES (13, 4, '2002-10-21', 23);
INSERT INTO `s_object_clicks` (`OBJECT_ID`, `BOOKING_SYSTEM_ID`, `DATE`, `CLICKS`) VALUES (14, 6, '1981-11-14', 33);
INSERT INTO `s_object_clicks` (`OBJECT_ID`, `BOOKING_SYSTEM_ID`, `DATE`, `CLICKS`) VALUES (15, 6, '1978-11-24', 40);
INSERT INTO `s_object_clicks` (`OBJECT_ID`, `BOOKING_SYSTEM_ID`, `DATE`, `CLICKS`) VALUES (16, 5, '2009-04-23', 29);
INSERT INTO `s_object_clicks` (`OBJECT_ID`, `BOOKING_SYSTEM_ID`, `DATE`, `CLICKS`) VALUES (17, 2, '1993-06-08', 61);
INSERT INTO `s_object_clicks` (`OBJECT_ID`, `BOOKING_SYSTEM_ID`, `DATE`, `CLICKS`) VALUES (18, 5, '2004-10-29', 38);
INSERT INTO `s_object_clicks` (`OBJECT_ID`, `BOOKING_SYSTEM_ID`, `DATE`, `CLICKS`) VALUES (19, 2, '1983-11-02', 36);
INSERT INTO `s_object_clicks` (`OBJECT_ID`, `BOOKING_SYSTEM_ID`, `DATE`, `CLICKS`) VALUES (20, 3, '1971-02-28', 68);
INSERT INTO `s_object_clicks` (`OBJECT_ID`, `BOOKING_SYSTEM_ID`, `DATE`, `CLICKS`) VALUES (21, 2, '1988-10-10', 76);
INSERT INTO `s_object_clicks` (`OBJECT_ID`, `BOOKING_SYSTEM_ID`, `DATE`, `CLICKS`) VALUES (22, 6, '1999-02-21', 9);
INSERT INTO `s_object_clicks` (`OBJECT_ID`, `BOOKING_SYSTEM_ID`, `DATE`, `CLICKS`) VALUES (23, 1, '1971-03-14', 6);
INSERT INTO `s_object_clicks` (`OBJECT_ID`, `BOOKING_SYSTEM_ID`, `DATE`, `CLICKS`) VALUES (24, 4, '1987-02-23', 91);
INSERT INTO `s_object_clicks` (`OBJECT_ID`, `BOOKING_SYSTEM_ID`, `DATE`, `CLICKS`) VALUES (25, 2, '2007-01-15', 68);
INSERT INTO `s_object_clicks` (`OBJECT_ID`, `BOOKING_SYSTEM_ID`, `DATE`, `CLICKS`) VALUES (26, 6, '2022-03-31', 88);
INSERT INTO `s_object_clicks` (`OBJECT_ID`, `BOOKING_SYSTEM_ID`, `DATE`, `CLICKS`) VALUES (27, 1, '1999-12-05', 10);
INSERT INTO `s_object_clicks` (`OBJECT_ID`, `BOOKING_SYSTEM_ID`, `DATE`, `CLICKS`) VALUES (28, 1, '1970-12-02', 9);
INSERT INTO `s_object_clicks` (`OBJECT_ID`, `BOOKING_SYSTEM_ID`, `DATE`, `CLICKS`) VALUES (29, 6, '2015-09-10', 8);
INSERT INTO `s_object_clicks` (`OBJECT_ID`, `BOOKING_SYSTEM_ID`, `DATE`, `CLICKS`) VALUES (30, 5, '2002-09-06', 77);
INSERT INTO `s_object_clicks` (`OBJECT_ID`, `BOOKING_SYSTEM_ID`, `DATE`, `CLICKS`) VALUES (31, 6, '1988-11-30', 21);
INSERT INTO `s_object_clicks` (`OBJECT_ID`, `BOOKING_SYSTEM_ID`, `DATE`, `CLICKS`) VALUES (32, 7, '1975-09-24', 31);
INSERT INTO `s_object_clicks` (`OBJECT_ID`, `BOOKING_SYSTEM_ID`, `DATE`, `CLICKS`) VALUES (33, 3, '1976-05-15', 9);
INSERT INTO `s_object_clicks` (`OBJECT_ID`, `BOOKING_SYSTEM_ID`, `DATE`, `CLICKS`) VALUES (34, 6, '1975-04-03', 49);
INSERT INTO `s_object_clicks` (`OBJECT_ID`, `BOOKING_SYSTEM_ID`, `DATE`, `CLICKS`) VALUES (35, 3, '2020-01-21', 81);
INSERT INTO `s_object_clicks` (`OBJECT_ID`, `BOOKING_SYSTEM_ID`, `DATE`, `CLICKS`) VALUES (36, 5, '1989-11-30', 86);
INSERT INTO `s_object_clicks` (`OBJECT_ID`, `BOOKING_SYSTEM_ID`, `DATE`, `CLICKS`) VALUES (37, 2, '2017-02-05', 25);
INSERT INTO `s_object_clicks` (`OBJECT_ID`, `BOOKING_SYSTEM_ID`, `DATE`, `CLICKS`) VALUES (38, 5, '2002-06-30', 38);
INSERT INTO `s_object_clicks` (`OBJECT_ID`, `BOOKING_SYSTEM_ID`, `DATE`, `CLICKS`) VALUES (39, 1, '2006-06-18', 7);
INSERT INTO `s_object_clicks` (`OBJECT_ID`, `BOOKING_SYSTEM_ID`, `DATE`, `CLICKS`) VALUES (40, 2, '1979-11-25', 23);
INSERT INTO `s_object_clicks` (`OBJECT_ID`, `BOOKING_SYSTEM_ID`, `DATE`, `CLICKS`) VALUES (41, 4, '1990-03-15', 16);
INSERT INTO `s_object_clicks` (`OBJECT_ID`, `BOOKING_SYSTEM_ID`, `DATE`, `CLICKS`) VALUES (42, 1, '2000-12-11', 57);
INSERT INTO `s_object_clicks` (`OBJECT_ID`, `BOOKING_SYSTEM_ID`, `DATE`, `CLICKS`) VALUES (43, 1, '1971-07-12', 25);
INSERT INTO `s_object_clicks` (`OBJECT_ID`, `BOOKING_SYSTEM_ID`, `DATE`, `CLICKS`) VALUES (44, 7, '1998-09-24', 13);
INSERT INTO `s_object_clicks` (`OBJECT_ID`, `BOOKING_SYSTEM_ID`, `DATE`, `CLICKS`) VALUES (45, 6, '2008-09-26', 0);
INSERT INTO `s_object_clicks` (`OBJECT_ID`, `BOOKING_SYSTEM_ID`, `DATE`, `CLICKS`) VALUES (46, 6, '1981-02-22', 4);
INSERT INTO `s_object_clicks` (`OBJECT_ID`, `BOOKING_SYSTEM_ID`, `DATE`, `CLICKS`) VALUES (47, 5, '1996-01-30', 96);
INSERT INTO `s_object_clicks` (`OBJECT_ID`, `BOOKING_SYSTEM_ID`, `DATE`, `CLICKS`) VALUES (48, 1, '2010-12-08', 71);
INSERT INTO `s_object_clicks` (`OBJECT_ID`, `BOOKING_SYSTEM_ID`, `DATE`, `CLICKS`) VALUES (49, 4, '2018-06-21', 5);
INSERT INTO `s_object_clicks` (`OBJECT_ID`, `BOOKING_SYSTEM_ID`, `DATE`, `CLICKS`) VALUES (50, 6, '2013-12-18', 28);
INSERT INTO `s_object_clicks` (`OBJECT_ID`, `BOOKING_SYSTEM_ID`, `DATE`, `CLICKS`) VALUES (51, 4, '2002-05-17', 80);
INSERT INTO `s_object_clicks` (`OBJECT_ID`, `BOOKING_SYSTEM_ID`, `DATE`, `CLICKS`) VALUES (52, 5, '2017-03-26', 34);
INSERT INTO `s_object_clicks` (`OBJECT_ID`, `BOOKING_SYSTEM_ID`, `DATE`, `CLICKS`) VALUES (53, 5, '2008-01-16', 97);
INSERT INTO `s_object_clicks` (`OBJECT_ID`, `BOOKING_SYSTEM_ID`, `DATE`, `CLICKS`) VALUES (54, 4, '1998-08-05', 56);
INSERT INTO `s_object_clicks` (`OBJECT_ID`, `BOOKING_SYSTEM_ID`, `DATE`, `CLICKS`) VALUES (55, 2, '1978-01-26', 97);
INSERT INTO `s_object_clicks` (`OBJECT_ID`, `BOOKING_SYSTEM_ID`, `DATE`, `CLICKS`) VALUES (56, 6, '1990-03-21', 7);
INSERT INTO `s_object_clicks` (`OBJECT_ID`, `BOOKING_SYSTEM_ID`, `DATE`, `CLICKS`) VALUES (57, 3, '2016-04-06', 82);
INSERT INTO `s_object_clicks` (`OBJECT_ID`, `BOOKING_SYSTEM_ID`, `DATE`, `CLICKS`) VALUES (58, 2, '1981-12-26', 69);
INSERT INTO `s_object_clicks` (`OBJECT_ID`, `BOOKING_SYSTEM_ID`, `DATE`, `CLICKS`) VALUES (59, 7, '1998-04-11', 5);
INSERT INTO `s_object_clicks` (`OBJECT_ID`, `BOOKING_SYSTEM_ID`, `DATE`, `CLICKS`) VALUES (60, 2, '2003-03-02', 34);
INSERT INTO `s_object_clicks` (`OBJECT_ID`, `BOOKING_SYSTEM_ID`, `DATE`, `CLICKS`) VALUES (61, 6, '2006-11-22', 21);
INSERT INTO `s_object_clicks` (`OBJECT_ID`, `BOOKING_SYSTEM_ID`, `DATE`, `CLICKS`) VALUES (62, 6, '1996-06-09', 12);
INSERT INTO `s_object_clicks` (`OBJECT_ID`, `BOOKING_SYSTEM_ID`, `DATE`, `CLICKS`) VALUES (63, 2, '1977-09-09', 10);
INSERT INTO `s_object_clicks` (`OBJECT_ID`, `BOOKING_SYSTEM_ID`, `DATE`, `CLICKS`) VALUES (64, 1, '1973-03-16', 29);
INSERT INTO `s_object_clicks` (`OBJECT_ID`, `BOOKING_SYSTEM_ID`, `DATE`, `CLICKS`) VALUES (65, 4, '1988-02-26', 75);
INSERT INTO `s_object_clicks` (`OBJECT_ID`, `BOOKING_SYSTEM_ID`, `DATE`, `CLICKS`) VALUES (66, 4, '1997-01-08', 22);
INSERT INTO `s_object_clicks` (`OBJECT_ID`, `BOOKING_SYSTEM_ID`, `DATE`, `CLICKS`) VALUES (67, 5, '2011-06-26', 98);
INSERT INTO `s_object_clicks` (`OBJECT_ID`, `BOOKING_SYSTEM_ID`, `DATE`, `CLICKS`) VALUES (68, 6, '1999-05-07', 66);
INSERT INTO `s_object_clicks` (`OBJECT_ID`, `BOOKING_SYSTEM_ID`, `DATE`, `CLICKS`) VALUES (69, 2, '1982-12-02', 59);
INSERT INTO `s_object_clicks` (`OBJECT_ID`, `BOOKING_SYSTEM_ID`, `DATE`, `CLICKS`) VALUES (70, 5, '2022-02-12', 8);
INSERT INTO `s_object_clicks` (`OBJECT_ID`, `BOOKING_SYSTEM_ID`, `DATE`, `CLICKS`) VALUES (71, 1, '1992-09-07', 48);
INSERT INTO `s_object_clicks` (`OBJECT_ID`, `BOOKING_SYSTEM_ID`, `DATE`, `CLICKS`) VALUES (72, 5, '1985-07-13', 82);
INSERT INTO `s_object_clicks` (`OBJECT_ID`, `BOOKING_SYSTEM_ID`, `DATE`, `CLICKS`) VALUES (73, 6, '1997-05-27', 77);
INSERT INTO `s_object_clicks` (`OBJECT_ID`, `BOOKING_SYSTEM_ID`, `DATE`, `CLICKS`) VALUES (74, 1, '2008-12-30', 57);
INSERT INTO `s_object_clicks` (`OBJECT_ID`, `BOOKING_SYSTEM_ID`, `DATE`, `CLICKS`) VALUES (75, 5, '1970-03-16', 62);
INSERT INTO `s_object_clicks` (`OBJECT_ID`, `BOOKING_SYSTEM_ID`, `DATE`, `CLICKS`) VALUES (76, 5, '1975-08-13', 18);
INSERT INTO `s_object_clicks` (`OBJECT_ID`, `BOOKING_SYSTEM_ID`, `DATE`, `CLICKS`) VALUES (77, 7, '2018-06-13', 35);
INSERT INTO `s_object_clicks` (`OBJECT_ID`, `BOOKING_SYSTEM_ID`, `DATE`, `CLICKS`) VALUES (78, 2, '1984-04-11', 97);
INSERT INTO `s_object_clicks` (`OBJECT_ID`, `BOOKING_SYSTEM_ID`, `DATE`, `CLICKS`) VALUES (79, 6, '2016-10-01', 99);
INSERT INTO `s_object_clicks` (`OBJECT_ID`, `BOOKING_SYSTEM_ID`, `DATE`, `CLICKS`) VALUES (80, 3, '1983-03-28', 38);
INSERT INTO `s_object_clicks` (`OBJECT_ID`, `BOOKING_SYSTEM_ID`, `DATE`, `CLICKS`) VALUES (81, 1, '2013-12-17', 6);
INSERT INTO `s_object_clicks` (`OBJECT_ID`, `BOOKING_SYSTEM_ID`, `DATE`, `CLICKS`) VALUES (82, 2, '1978-09-17', 19);
INSERT INTO `s_object_clicks` (`OBJECT_ID`, `BOOKING_SYSTEM_ID`, `DATE`, `CLICKS`) VALUES (83, 7, '1975-04-19', 35);
INSERT INTO `s_object_clicks` (`OBJECT_ID`, `BOOKING_SYSTEM_ID`, `DATE`, `CLICKS`) VALUES (84, 5, '1987-11-30', 42);
INSERT INTO `s_object_clicks` (`OBJECT_ID`, `BOOKING_SYSTEM_ID`, `DATE`, `CLICKS`) VALUES (85, 6, '1979-05-17', 18);
INSERT INTO `s_object_clicks` (`OBJECT_ID`, `BOOKING_SYSTEM_ID`, `DATE`, `CLICKS`) VALUES (86, 1, '1987-05-18', 62);
INSERT INTO `s_object_clicks` (`OBJECT_ID`, `BOOKING_SYSTEM_ID`, `DATE`, `CLICKS`) VALUES (87, 4, '2000-05-24', 31);
INSERT INTO `s_object_clicks` (`OBJECT_ID`, `BOOKING_SYSTEM_ID`, `DATE`, `CLICKS`) VALUES (88, 2, '2012-04-16', 61);
INSERT INTO `s_object_clicks` (`OBJECT_ID`, `BOOKING_SYSTEM_ID`, `DATE`, `CLICKS`) VALUES (89, 3, '2008-04-30', 75);
INSERT INTO `s_object_clicks` (`OBJECT_ID`, `BOOKING_SYSTEM_ID`, `DATE`, `CLICKS`) VALUES (90, 4, '2005-04-15', 69);
INSERT INTO `s_object_clicks` (`OBJECT_ID`, `BOOKING_SYSTEM_ID`, `DATE`, `CLICKS`) VALUES (91, 3, '1977-03-16', 90);
INSERT INTO `s_object_clicks` (`OBJECT_ID`, `BOOKING_SYSTEM_ID`, `DATE`, `CLICKS`) VALUES (92, 1, '2012-06-02', 32);
INSERT INTO `s_object_clicks` (`OBJECT_ID`, `BOOKING_SYSTEM_ID`, `DATE`, `CLICKS`) VALUES (93, 2, '1988-02-27', 5);
INSERT INTO `s_object_clicks` (`OBJECT_ID`, `BOOKING_SYSTEM_ID`, `DATE`, `CLICKS`) VALUES (94, 4, '1976-04-28', 69);
INSERT INTO `s_object_clicks` (`OBJECT_ID`, `BOOKING_SYSTEM_ID`, `DATE`, `CLICKS`) VALUES (95, 2, '1980-04-28', 88);
INSERT INTO `s_object_clicks` (`OBJECT_ID`, `BOOKING_SYSTEM_ID`, `DATE`, `CLICKS`) VALUES (96, 5, '1995-04-08', 80);
INSERT INTO `s_object_clicks` (`OBJECT_ID`, `BOOKING_SYSTEM_ID`, `DATE`, `CLICKS`) VALUES (97, 1, '2002-01-04', 55);
INSERT INTO `s_object_clicks` (`OBJECT_ID`, `BOOKING_SYSTEM_ID`, `DATE`, `CLICKS`) VALUES (98, 7, '1978-07-01', 42);
INSERT INTO `s_object_clicks` (`OBJECT_ID`, `BOOKING_SYSTEM_ID`, `DATE`, `CLICKS`) VALUES (99, 4, '1992-08-27', 47);
INSERT INTO `s_object_clicks` (`OBJECT_ID`, `BOOKING_SYSTEM_ID`, `DATE`, `CLICKS`) VALUES (100, 2, '2001-08-31', 13);
INSERT INTO `s_object_clicks` (`OBJECT_ID`, `BOOKING_SYSTEM_ID`, `DATE`, `CLICKS`) VALUES (1, 4, '1982-04-06', 34);
INSERT INTO `s_object_clicks` (`OBJECT_ID`, `BOOKING_SYSTEM_ID`, `DATE`, `CLICKS`) VALUES (2, 4, '1973-06-21', 45);
INSERT INTO `s_object_clicks` (`OBJECT_ID`, `BOOKING_SYSTEM_ID`, `DATE`, `CLICKS`) VALUES (3, 7, '1982-04-06', 69);
INSERT INTO `s_object_clicks` (`OBJECT_ID`, `BOOKING_SYSTEM_ID`, `DATE`, `CLICKS`) VALUES (4, 3, '2000-04-01', 42);
INSERT INTO `s_object_clicks` (`OBJECT_ID`, `BOOKING_SYSTEM_ID`, `DATE`, `CLICKS`) VALUES (5, 4, '1977-08-13', 48);
INSERT INTO `s_object_clicks` (`OBJECT_ID`, `BOOKING_SYSTEM_ID`, `DATE`, `CLICKS`) VALUES (6, 4, '1999-01-09', 35);
INSERT INTO `s_object_clicks` (`OBJECT_ID`, `BOOKING_SYSTEM_ID`, `DATE`, `CLICKS`) VALUES (7, 7, '2003-04-26', 46);
INSERT INTO `s_object_clicks` (`OBJECT_ID`, `BOOKING_SYSTEM_ID`, `DATE`, `CLICKS`) VALUES (8, 3, '1975-04-26', 45);
INSERT INTO `s_object_clicks` (`OBJECT_ID`, `BOOKING_SYSTEM_ID`, `DATE`, `CLICKS`) VALUES (9, 6, '2015-09-26', 88);
INSERT INTO `s_object_clicks` (`OBJECT_ID`, `BOOKING_SYSTEM_ID`, `DATE`, `CLICKS`) VALUES (10, 5, '2009-05-28', 29);
INSERT INTO `s_object_clicks` (`OBJECT_ID`, `BOOKING_SYSTEM_ID`, `DATE`, `CLICKS`) VALUES (11, 5, '2018-12-26', 91);
INSERT INTO `s_object_clicks` (`OBJECT_ID`, `BOOKING_SYSTEM_ID`, `DATE`, `CLICKS`) VALUES (12, 7, '1977-04-20', 84);
INSERT INTO `s_object_clicks` (`OBJECT_ID`, `BOOKING_SYSTEM_ID`, `DATE`, `CLICKS`) VALUES (13, 7, '2014-06-27', 99);
INSERT INTO `s_object_clicks` (`OBJECT_ID`, `BOOKING_SYSTEM_ID`, `DATE`, `CLICKS`) VALUES (14, 5, '2018-02-07', 36);
INSERT INTO `s_object_clicks` (`OBJECT_ID`, `BOOKING_SYSTEM_ID`, `DATE`, `CLICKS`) VALUES (15, 5, '2016-01-06', 85);
INSERT INTO `s_object_clicks` (`OBJECT_ID`, `BOOKING_SYSTEM_ID`, `DATE`, `CLICKS`) VALUES (16, 6, '1984-09-27', 24);
INSERT INTO `s_object_clicks` (`OBJECT_ID`, `BOOKING_SYSTEM_ID`, `DATE`, `CLICKS`) VALUES (17, 6, '1995-06-26', 14);
INSERT INTO `s_object_clicks` (`OBJECT_ID`, `BOOKING_SYSTEM_ID`, `DATE`, `CLICKS`) VALUES (18, 2, '1973-07-11', 62);
INSERT INTO `s_object_clicks` (`OBJECT_ID`, `BOOKING_SYSTEM_ID`, `DATE`, `CLICKS`) VALUES (19, 7, '1999-06-02', 22);
INSERT INTO `s_object_clicks` (`OBJECT_ID`, `BOOKING_SYSTEM_ID`, `DATE`, `CLICKS`) VALUES (20, 1, '2003-04-19', 84);
INSERT INTO `s_object_clicks` (`OBJECT_ID`, `BOOKING_SYSTEM_ID`, `DATE`, `CLICKS`) VALUES (21, 5, '2019-08-11', 57);
INSERT INTO `s_object_clicks` (`OBJECT_ID`, `BOOKING_SYSTEM_ID`, `DATE`, `CLICKS`) VALUES (22, 3, '1991-07-30', 70);
INSERT INTO `s_object_clicks` (`OBJECT_ID`, `BOOKING_SYSTEM_ID`, `DATE`, `CLICKS`) VALUES (23, 2, '2015-07-15', 56);
INSERT INTO `s_object_clicks` (`OBJECT_ID`, `BOOKING_SYSTEM_ID`, `DATE`, `CLICKS`) VALUES (24, 6, '1971-08-18', 7);
INSERT INTO `s_object_clicks` (`OBJECT_ID`, `BOOKING_SYSTEM_ID`, `DATE`, `CLICKS`) VALUES (25, 7, '1992-04-20', 89);
INSERT INTO `s_object_clicks` (`OBJECT_ID`, `BOOKING_SYSTEM_ID`, `DATE`, `CLICKS`) VALUES (26, 3, '1986-10-23', 73);
INSERT INTO `s_object_clicks` (`OBJECT_ID`, `BOOKING_SYSTEM_ID`, `DATE`, `CLICKS`) VALUES (27, 4, '2018-09-21', 42);
INSERT INTO `s_object_clicks` (`OBJECT_ID`, `BOOKING_SYSTEM_ID`, `DATE`, `CLICKS`) VALUES (28, 7, '2008-12-23', 96);
INSERT INTO `s_object_clicks` (`OBJECT_ID`, `BOOKING_SYSTEM_ID`, `DATE`, `CLICKS`) VALUES (29, 2, '2019-02-14', 68);
INSERT INTO `s_object_clicks` (`OBJECT_ID`, `BOOKING_SYSTEM_ID`, `DATE`, `CLICKS`) VALUES (30, 7, '2022-01-08', 35);
INSERT INTO `s_object_clicks` (`OBJECT_ID`, `BOOKING_SYSTEM_ID`, `DATE`, `CLICKS`) VALUES (31, 2, '1974-01-10', 67);
INSERT INTO `s_object_clicks` (`OBJECT_ID`, `BOOKING_SYSTEM_ID`, `DATE`, `CLICKS`) VALUES (32, 6, '1975-01-03', 94);
INSERT INTO `s_object_clicks` (`OBJECT_ID`, `BOOKING_SYSTEM_ID`, `DATE`, `CLICKS`) VALUES (33, 3, '2011-09-30', 97);
INSERT INTO `s_object_clicks` (`OBJECT_ID`, `BOOKING_SYSTEM_ID`, `DATE`, `CLICKS`) VALUES (34, 1, '1985-10-01', 54);
INSERT INTO `s_object_clicks` (`OBJECT_ID`, `BOOKING_SYSTEM_ID`, `DATE`, `CLICKS`) VALUES (35, 2, '2019-03-15', 73);
INSERT INTO `s_object_clicks` (`OBJECT_ID`, `BOOKING_SYSTEM_ID`, `DATE`, `CLICKS`) VALUES (36, 6, '2004-06-09', 32);
INSERT INTO `s_object_clicks` (`OBJECT_ID`, `BOOKING_SYSTEM_ID`, `DATE`, `CLICKS`) VALUES (37, 5, '2016-05-20', 3);
INSERT INTO `s_object_clicks` (`OBJECT_ID`, `BOOKING_SYSTEM_ID`, `DATE`, `CLICKS`) VALUES (38, 1, '1983-08-28', 94);
INSERT INTO `s_object_clicks` (`OBJECT_ID`, `BOOKING_SYSTEM_ID`, `DATE`, `CLICKS`) VALUES (39, 2, '2003-07-06', 95);
INSERT INTO `s_object_clicks` (`OBJECT_ID`, `BOOKING_SYSTEM_ID`, `DATE`, `CLICKS`) VALUES (40, 4, '1970-05-17', 20);
INSERT INTO `s_object_clicks` (`OBJECT_ID`, `BOOKING_SYSTEM_ID`, `DATE`, `CLICKS`) VALUES (41, 6, '2014-06-20', 61);
INSERT INTO `s_object_clicks` (`OBJECT_ID`, `BOOKING_SYSTEM_ID`, `DATE`, `CLICKS`) VALUES (42, 7, '1972-10-24', 77);
INSERT INTO `s_object_clicks` (`OBJECT_ID`, `BOOKING_SYSTEM_ID`, `DATE`, `CLICKS`) VALUES (43, 3, '1974-06-22', 42);
INSERT INTO `s_object_clicks` (`OBJECT_ID`, `BOOKING_SYSTEM_ID`, `DATE`, `CLICKS`) VALUES (44, 5, '2000-11-25', 72);
INSERT INTO `s_object_clicks` (`OBJECT_ID`, `BOOKING_SYSTEM_ID`, `DATE`, `CLICKS`) VALUES (45, 4, '2003-12-06', 71);
INSERT INTO `s_object_clicks` (`OBJECT_ID`, `BOOKING_SYSTEM_ID`, `DATE`, `CLICKS`) VALUES (46, 1, '2016-02-11', 70);
INSERT INTO `s_object_clicks` (`OBJECT_ID`, `BOOKING_SYSTEM_ID`, `DATE`, `CLICKS`) VALUES (47, 4, '1976-08-04', 65);
INSERT INTO `s_object_clicks` (`OBJECT_ID`, `BOOKING_SYSTEM_ID`, `DATE`, `CLICKS`) VALUES (48, 3, '2018-07-01', 27);
INSERT INTO `s_object_clicks` (`OBJECT_ID`, `BOOKING_SYSTEM_ID`, `DATE`, `CLICKS`) VALUES (49, 2, '2000-06-25', 10);
INSERT INTO `s_object_clicks` (`OBJECT_ID`, `BOOKING_SYSTEM_ID`, `DATE`, `CLICKS`) VALUES (50, 3, '2003-10-24', 78);
INSERT INTO `s_object_clicks` (`OBJECT_ID`, `BOOKING_SYSTEM_ID`, `DATE`, `CLICKS`) VALUES (51, 3, '2022-08-08', 65);
INSERT INTO `s_object_clicks` (`OBJECT_ID`, `BOOKING_SYSTEM_ID`, `DATE`, `CLICKS`) VALUES (52, 6, '2001-05-16', 10);
INSERT INTO `s_object_clicks` (`OBJECT_ID`, `BOOKING_SYSTEM_ID`, `DATE`, `CLICKS`) VALUES (53, 6, '1972-12-10', 24);
INSERT INTO `s_object_clicks` (`OBJECT_ID`, `BOOKING_SYSTEM_ID`, `DATE`, `CLICKS`) VALUES (54, 5, '1992-10-29', 8);
INSERT INTO `s_object_clicks` (`OBJECT_ID`, `BOOKING_SYSTEM_ID`, `DATE`, `CLICKS`) VALUES (55, 5, '2003-04-06', 98);
INSERT INTO `s_object_clicks` (`OBJECT_ID`, `BOOKING_SYSTEM_ID`, `DATE`, `CLICKS`) VALUES (56, 5, '1978-01-16', 24);
INSERT INTO `s_object_clicks` (`OBJECT_ID`, `BOOKING_SYSTEM_ID`, `DATE`, `CLICKS`) VALUES (57, 7, '1995-02-26', 20);
INSERT INTO `s_object_clicks` (`OBJECT_ID`, `BOOKING_SYSTEM_ID`, `DATE`, `CLICKS`) VALUES (58, 1, '1995-01-07', 74);
INSERT INTO `s_object_clicks` (`OBJECT_ID`, `BOOKING_SYSTEM_ID`, `DATE`, `CLICKS`) VALUES (59, 4, '1984-05-12', 68);
INSERT INTO `s_object_clicks` (`OBJECT_ID`, `BOOKING_SYSTEM_ID`, `DATE`, `CLICKS`) VALUES (60, 2, '1973-07-12', 90);
INSERT INTO `s_object_clicks` (`OBJECT_ID`, `BOOKING_SYSTEM_ID`, `DATE`, `CLICKS`) VALUES (61, 7, '2013-01-24', 30);
INSERT INTO `s_object_clicks` (`OBJECT_ID`, `BOOKING_SYSTEM_ID`, `DATE`, `CLICKS`) VALUES (62, 5, '1979-03-02', 18);
INSERT INTO `s_object_clicks` (`OBJECT_ID`, `BOOKING_SYSTEM_ID`, `DATE`, `CLICKS`) VALUES (63, 1, '2001-11-02', 33);
INSERT INTO `s_object_clicks` (`OBJECT_ID`, `BOOKING_SYSTEM_ID`, `DATE`, `CLICKS`) VALUES (64, 2, '1989-03-12', 97);
INSERT INTO `s_object_clicks` (`OBJECT_ID`, `BOOKING_SYSTEM_ID`, `DATE`, `CLICKS`) VALUES (65, 6, '2001-07-01', 65);
INSERT INTO `s_object_clicks` (`OBJECT_ID`, `BOOKING_SYSTEM_ID`, `DATE`, `CLICKS`) VALUES (66, 2, '1986-01-13', 80);
INSERT INTO `s_object_clicks` (`OBJECT_ID`, `BOOKING_SYSTEM_ID`, `DATE`, `CLICKS`) VALUES (67, 1, '1980-12-12', 22);
INSERT INTO `s_object_clicks` (`OBJECT_ID`, `BOOKING_SYSTEM_ID`, `DATE`, `CLICKS`) VALUES (68, 4, '2013-12-04', 43);
INSERT INTO `s_object_clicks` (`OBJECT_ID`, `BOOKING_SYSTEM_ID`, `DATE`, `CLICKS`) VALUES (69, 3, '2018-08-07', 54);
INSERT INTO `s_object_clicks` (`OBJECT_ID`, `BOOKING_SYSTEM_ID`, `DATE`, `CLICKS`) VALUES (70, 2, '2002-06-29', 66);
INSERT INTO `s_object_clicks` (`OBJECT_ID`, `BOOKING_SYSTEM_ID`, `DATE`, `CLICKS`) VALUES (71, 7, '2007-05-13', 9);
INSERT INTO `s_object_clicks` (`OBJECT_ID`, `BOOKING_SYSTEM_ID`, `DATE`, `CLICKS`) VALUES (72, 1, '2011-09-07', 77);
INSERT INTO `s_object_clicks` (`OBJECT_ID`, `BOOKING_SYSTEM_ID`, `DATE`, `CLICKS`) VALUES (73, 1, '2021-08-29', 11);
INSERT INTO `s_object_clicks` (`OBJECT_ID`, `BOOKING_SYSTEM_ID`, `DATE`, `CLICKS`) VALUES (74, 3, '1994-08-02', 77);
INSERT INTO `s_object_clicks` (`OBJECT_ID`, `BOOKING_SYSTEM_ID`, `DATE`, `CLICKS`) VALUES (75, 5, '2015-06-18', 40);
INSERT INTO `s_object_clicks` (`OBJECT_ID`, `BOOKING_SYSTEM_ID`, `DATE`, `CLICKS`) VALUES (76, 5, '1970-11-26', 43);
INSERT INTO `s_object_clicks` (`OBJECT_ID`, `BOOKING_SYSTEM_ID`, `DATE`, `CLICKS`) VALUES (77, 3, '2012-06-11', 42);
INSERT INTO `s_object_clicks` (`OBJECT_ID`, `BOOKING_SYSTEM_ID`, `DATE`, `CLICKS`) VALUES (78, 2, '2021-12-25', 50);
INSERT INTO `s_object_clicks` (`OBJECT_ID`, `BOOKING_SYSTEM_ID`, `DATE`, `CLICKS`) VALUES (79, 7, '2004-05-22', 5);
INSERT INTO `s_object_clicks` (`OBJECT_ID`, `BOOKING_SYSTEM_ID`, `DATE`, `CLICKS`) VALUES (80, 5, '2004-06-13', 34);
INSERT INTO `s_object_clicks` (`OBJECT_ID`, `BOOKING_SYSTEM_ID`, `DATE`, `CLICKS`) VALUES (81, 4, '1987-07-22', 12);
INSERT INTO `s_object_clicks` (`OBJECT_ID`, `BOOKING_SYSTEM_ID`, `DATE`, `CLICKS`) VALUES (82, 3, '2020-05-05', 86);
INSERT INTO `s_object_clicks` (`OBJECT_ID`, `BOOKING_SYSTEM_ID`, `DATE`, `CLICKS`) VALUES (83, 4, '1978-04-10', 89);
INSERT INTO `s_object_clicks` (`OBJECT_ID`, `BOOKING_SYSTEM_ID`, `DATE`, `CLICKS`) VALUES (84, 2, '1983-10-02', 7);
INSERT INTO `s_object_clicks` (`OBJECT_ID`, `BOOKING_SYSTEM_ID`, `DATE`, `CLICKS`) VALUES (85, 7, '2002-01-31', 33);
INSERT INTO `s_object_clicks` (`OBJECT_ID`, `BOOKING_SYSTEM_ID`, `DATE`, `CLICKS`) VALUES (86, 1, '1982-11-24', 14);
INSERT INTO `s_object_clicks` (`OBJECT_ID`, `BOOKING_SYSTEM_ID`, `DATE`, `CLICKS`) VALUES (87, 7, '1987-12-13', 9);
INSERT INTO `s_object_clicks` (`OBJECT_ID`, `BOOKING_SYSTEM_ID`, `DATE`, `CLICKS`) VALUES (88, 7, '1982-09-30', 60);
INSERT INTO `s_object_clicks` (`OBJECT_ID`, `BOOKING_SYSTEM_ID`, `DATE`, `CLICKS`) VALUES (89, 1, '2022-04-22', 47);
INSERT INTO `s_object_clicks` (`OBJECT_ID`, `BOOKING_SYSTEM_ID`, `DATE`, `CLICKS`) VALUES (90, 3, '1999-11-07', 29);
INSERT INTO `s_object_clicks` (`OBJECT_ID`, `BOOKING_SYSTEM_ID`, `DATE`, `CLICKS`) VALUES (91, 2, '1986-10-06', 69);
INSERT INTO `s_object_clicks` (`OBJECT_ID`, `BOOKING_SYSTEM_ID`, `DATE`, `CLICKS`) VALUES (92, 7, '1980-11-21', 58);
INSERT INTO `s_object_clicks` (`OBJECT_ID`, `BOOKING_SYSTEM_ID`, `DATE`, `CLICKS`) VALUES (93, 1, '1990-05-23', 94);
INSERT INTO `s_object_clicks` (`OBJECT_ID`, `BOOKING_SYSTEM_ID`, `DATE`, `CLICKS`) VALUES (94, 2, '2010-02-11', 99);
INSERT INTO `s_object_clicks` (`OBJECT_ID`, `BOOKING_SYSTEM_ID`, `DATE`, `CLICKS`) VALUES (95, 2, '1971-09-30', 94);
INSERT INTO `s_object_clicks` (`OBJECT_ID`, `BOOKING_SYSTEM_ID`, `DATE`, `CLICKS`) VALUES (96, 6, '2020-04-05', 8);
INSERT INTO `s_object_clicks` (`OBJECT_ID`, `BOOKING_SYSTEM_ID`, `DATE`, `CLICKS`) VALUES (97, 3, '2012-02-17', 95);
INSERT INTO `s_object_clicks` (`OBJECT_ID`, `BOOKING_SYSTEM_ID`, `DATE`, `CLICKS`) VALUES (98, 3, '1994-10-04', 54);
INSERT INTO `s_object_clicks` (`OBJECT_ID`, `BOOKING_SYSTEM_ID`, `DATE`, `CLICKS`) VALUES (99, 3, '2006-06-23', 18);
INSERT INTO `s_object_clicks` (`OBJECT_ID`, `BOOKING_SYSTEM_ID`, `DATE`, `CLICKS`) VALUES (100, 5, '1972-07-24', 25);
INSERT INTO `s_object_clicks` (`OBJECT_ID`, `BOOKING_SYSTEM_ID`, `DATE`, `CLICKS`) VALUES (1, 4, '1971-07-11', 16);
INSERT INTO `s_object_clicks` (`OBJECT_ID`, `BOOKING_SYSTEM_ID`, `DATE`, `CLICKS`) VALUES (2, 2, '1977-08-03', 45);
INSERT INTO `s_object_clicks` (`OBJECT_ID`, `BOOKING_SYSTEM_ID`, `DATE`, `CLICKS`) VALUES (3, 6, '1998-08-01', 34);
INSERT INTO `s_object_clicks` (`OBJECT_ID`, `BOOKING_SYSTEM_ID`, `DATE`, `CLICKS`) VALUES (4, 5, '1984-11-11', 41);
INSERT INTO `s_object_clicks` (`OBJECT_ID`, `BOOKING_SYSTEM_ID`, `DATE`, `CLICKS`) VALUES (5, 5, '1970-10-23', 8);
INSERT INTO `s_object_clicks` (`OBJECT_ID`, `BOOKING_SYSTEM_ID`, `DATE`, `CLICKS`) VALUES (6, 4, '2017-05-15', 64);
INSERT INTO `s_object_clicks` (`OBJECT_ID`, `BOOKING_SYSTEM_ID`, `DATE`, `CLICKS`) VALUES (7, 3, '2000-06-09', 3);
INSERT INTO `s_object_clicks` (`OBJECT_ID`, `BOOKING_SYSTEM_ID`, `DATE`, `CLICKS`) VALUES (8, 7, '2012-06-02', 46);
INSERT INTO `s_object_clicks` (`OBJECT_ID`, `BOOKING_SYSTEM_ID`, `DATE`, `CLICKS`) VALUES (9, 5, '2021-03-24', 82);
INSERT INTO `s_object_clicks` (`OBJECT_ID`, `BOOKING_SYSTEM_ID`, `DATE`, `CLICKS`) VALUES (10, 2, '1991-09-05', 65);
INSERT INTO `s_object_clicks` (`OBJECT_ID`, `BOOKING_SYSTEM_ID`, `DATE`, `CLICKS`) VALUES (11, 5, '2005-11-19', 13);
INSERT INTO `s_object_clicks` (`OBJECT_ID`, `BOOKING_SYSTEM_ID`, `DATE`, `CLICKS`) VALUES (12, 1, '1981-06-19', 15);
INSERT INTO `s_object_clicks` (`OBJECT_ID`, `BOOKING_SYSTEM_ID`, `DATE`, `CLICKS`) VALUES (13, 4, '2012-07-20', 91);
INSERT INTO `s_object_clicks` (`OBJECT_ID`, `BOOKING_SYSTEM_ID`, `DATE`, `CLICKS`) VALUES (14, 1, '2002-02-05', 42);
INSERT INTO `s_object_clicks` (`OBJECT_ID`, `BOOKING_SYSTEM_ID`, `DATE`, `CLICKS`) VALUES (15, 3, '2003-09-20', 24);
INSERT INTO `s_object_clicks` (`OBJECT_ID`, `BOOKING_SYSTEM_ID`, `DATE`, `CLICKS`) VALUES (16, 4, '1982-12-31', 96);
INSERT INTO `s_object_clicks` (`OBJECT_ID`, `BOOKING_SYSTEM_ID`, `DATE`, `CLICKS`) VALUES (17, 1, '2018-05-22', 62);
INSERT INTO `s_object_clicks` (`OBJECT_ID`, `BOOKING_SYSTEM_ID`, `DATE`, `CLICKS`) VALUES (18, 2, '2005-08-31', 3);
INSERT INTO `s_object_clicks` (`OBJECT_ID`, `BOOKING_SYSTEM_ID`, `DATE`, `CLICKS`) VALUES (19, 3, '1976-08-19', 2);
INSERT INTO `s_object_clicks` (`OBJECT_ID`, `BOOKING_SYSTEM_ID`, `DATE`, `CLICKS`) VALUES (20, 1, '2017-05-10', 83);
INSERT INTO `s_object_clicks` (`OBJECT_ID`, `BOOKING_SYSTEM_ID`, `DATE`, `CLICKS`) VALUES (21, 5, '1970-12-30', 50);
INSERT INTO `s_object_clicks` (`OBJECT_ID`, `BOOKING_SYSTEM_ID`, `DATE`, `CLICKS`) VALUES (22, 4, '2012-04-28', 82);
INSERT INTO `s_object_clicks` (`OBJECT_ID`, `BOOKING_SYSTEM_ID`, `DATE`, `CLICKS`) VALUES (23, 1, '1985-11-23', 42);
INSERT INTO `s_object_clicks` (`OBJECT_ID`, `BOOKING_SYSTEM_ID`, `DATE`, `CLICKS`) VALUES (24, 6, '1990-12-07', 37);
INSERT INTO `s_object_clicks` (`OBJECT_ID`, `BOOKING_SYSTEM_ID`, `DATE`, `CLICKS`) VALUES (25, 6, '1994-10-10', 74);
INSERT INTO `s_object_clicks` (`OBJECT_ID`, `BOOKING_SYSTEM_ID`, `DATE`, `CLICKS`) VALUES (26, 3, '2010-06-25', 83);
INSERT INTO `s_object_clicks` (`OBJECT_ID`, `BOOKING_SYSTEM_ID`, `DATE`, `CLICKS`) VALUES (27, 5, '1987-06-25', 11);
INSERT INTO `s_object_clicks` (`OBJECT_ID`, `BOOKING_SYSTEM_ID`, `DATE`, `CLICKS`) VALUES (28, 2, '1970-12-02', 72);
INSERT INTO `s_object_clicks` (`OBJECT_ID`, `BOOKING_SYSTEM_ID`, `DATE`, `CLICKS`) VALUES (29, 5, '2014-03-05', 70);
INSERT INTO `s_object_clicks` (`OBJECT_ID`, `BOOKING_SYSTEM_ID`, `DATE`, `CLICKS`) VALUES (30, 7, '1988-07-14', 26);
INSERT INTO `s_object_clicks` (`OBJECT_ID`, `BOOKING_SYSTEM_ID`, `DATE`, `CLICKS`) VALUES (31, 7, '1976-10-31', 21);
INSERT INTO `s_object_clicks` (`OBJECT_ID`, `BOOKING_SYSTEM_ID`, `DATE`, `CLICKS`) VALUES (32, 2, '2000-06-28', 44);
INSERT INTO `s_object_clicks` (`OBJECT_ID`, `BOOKING_SYSTEM_ID`, `DATE`, `CLICKS`) VALUES (33, 2, '1984-07-08', 62);
INSERT INTO `s_object_clicks` (`OBJECT_ID`, `BOOKING_SYSTEM_ID`, `DATE`, `CLICKS`) VALUES (34, 5, '2002-03-13', 17);
INSERT INTO `s_object_clicks` (`OBJECT_ID`, `BOOKING_SYSTEM_ID`, `DATE`, `CLICKS`) VALUES (35, 7, '1996-01-16', 56);
INSERT INTO `s_object_clicks` (`OBJECT_ID`, `BOOKING_SYSTEM_ID`, `DATE`, `CLICKS`) VALUES (36, 6, '1991-04-07', 49);
INSERT INTO `s_object_clicks` (`OBJECT_ID`, `BOOKING_SYSTEM_ID`, `DATE`, `CLICKS`) VALUES (37, 1, '1987-01-03', 97);
INSERT INTO `s_object_clicks` (`OBJECT_ID`, `BOOKING_SYSTEM_ID`, `DATE`, `CLICKS`) VALUES (38, 2, '1991-09-23', 7);
INSERT INTO `s_object_clicks` (`OBJECT_ID`, `BOOKING_SYSTEM_ID`, `DATE`, `CLICKS`) VALUES (39, 6, '2016-09-08', 35);
INSERT INTO `s_object_clicks` (`OBJECT_ID`, `BOOKING_SYSTEM_ID`, `DATE`, `CLICKS`) VALUES (40, 5, '2011-07-09', 88);
INSERT INTO `s_object_clicks` (`OBJECT_ID`, `BOOKING_SYSTEM_ID`, `DATE`, `CLICKS`) VALUES (41, 4, '2001-02-21', 23);
INSERT INTO `s_object_clicks` (`OBJECT_ID`, `BOOKING_SYSTEM_ID`, `DATE`, `CLICKS`) VALUES (42, 3, '2019-07-11', 92);
INSERT INTO `s_object_clicks` (`OBJECT_ID`, `BOOKING_SYSTEM_ID`, `DATE`, `CLICKS`) VALUES (43, 6, '1997-12-07', 95);
INSERT INTO `s_object_clicks` (`OBJECT_ID`, `BOOKING_SYSTEM_ID`, `DATE`, `CLICKS`) VALUES (44, 1, '1974-05-26', 26);
INSERT INTO `s_object_clicks` (`OBJECT_ID`, `BOOKING_SYSTEM_ID`, `DATE`, `CLICKS`) VALUES (45, 3, '1991-06-03', 69);
INSERT INTO `s_object_clicks` (`OBJECT_ID`, `BOOKING_SYSTEM_ID`, `DATE`, `CLICKS`) VALUES (46, 2, '2007-04-24', 47);
INSERT INTO `s_object_clicks` (`OBJECT_ID`, `BOOKING_SYSTEM_ID`, `DATE`, `CLICKS`) VALUES (47, 4, '1977-08-15', 16);
INSERT INTO `s_object_clicks` (`OBJECT_ID`, `BOOKING_SYSTEM_ID`, `DATE`, `CLICKS`) VALUES (48, 3, '1997-04-09', 24);
INSERT INTO `s_object_clicks` (`OBJECT_ID`, `BOOKING_SYSTEM_ID`, `DATE`, `CLICKS`) VALUES (49, 4, '2015-05-18', 96);
INSERT INTO `s_object_clicks` (`OBJECT_ID`, `BOOKING_SYSTEM_ID`, `DATE`, `CLICKS`) VALUES (50, 7, '1987-12-19', 3);
INSERT INTO `s_object_clicks` (`OBJECT_ID`, `BOOKING_SYSTEM_ID`, `DATE`, `CLICKS`) VALUES (51, 4, '2019-08-20', 60);
INSERT INTO `s_object_clicks` (`OBJECT_ID`, `BOOKING_SYSTEM_ID`, `DATE`, `CLICKS`) VALUES (52, 2, '1973-09-13', 7);
INSERT INTO `s_object_clicks` (`OBJECT_ID`, `BOOKING_SYSTEM_ID`, `DATE`, `CLICKS`) VALUES (53, 3, '2012-02-23', 89);
INSERT INTO `s_object_clicks` (`OBJECT_ID`, `BOOKING_SYSTEM_ID`, `DATE`, `CLICKS`) VALUES (54, 5, '1983-09-21', 83);
INSERT INTO `s_object_clicks` (`OBJECT_ID`, `BOOKING_SYSTEM_ID`, `DATE`, `CLICKS`) VALUES (55, 7, '1996-12-25', 31);
INSERT INTO `s_object_clicks` (`OBJECT_ID`, `BOOKING_SYSTEM_ID`, `DATE`, `CLICKS`) VALUES (56, 1, '1999-12-22', 29);
INSERT INTO `s_object_clicks` (`OBJECT_ID`, `BOOKING_SYSTEM_ID`, `DATE`, `CLICKS`) VALUES (57, 1, '2005-03-07', 44);
INSERT INTO `s_object_clicks` (`OBJECT_ID`, `BOOKING_SYSTEM_ID`, `DATE`, `CLICKS`) VALUES (58, 4, '1981-09-02', 84);
INSERT INTO `s_object_clicks` (`OBJECT_ID`, `BOOKING_SYSTEM_ID`, `DATE`, `CLICKS`) VALUES (59, 3, '2001-05-02', 62);
INSERT INTO `s_object_clicks` (`OBJECT_ID`, `BOOKING_SYSTEM_ID`, `DATE`, `CLICKS`) VALUES (60, 5, '1986-03-28', 83);
INSERT INTO `s_object_clicks` (`OBJECT_ID`, `BOOKING_SYSTEM_ID`, `DATE`, `CLICKS`) VALUES (61, 3, '1987-07-26', 98);
INSERT INTO `s_object_clicks` (`OBJECT_ID`, `BOOKING_SYSTEM_ID`, `DATE`, `CLICKS`) VALUES (62, 2, '1997-01-25', 25);
INSERT INTO `s_object_clicks` (`OBJECT_ID`, `BOOKING_SYSTEM_ID`, `DATE`, `CLICKS`) VALUES (63, 7, '1985-08-20', 58);
INSERT INTO `s_object_clicks` (`OBJECT_ID`, `BOOKING_SYSTEM_ID`, `DATE`, `CLICKS`) VALUES (64, 4, '2000-08-15', 12);
INSERT INTO `s_object_clicks` (`OBJECT_ID`, `BOOKING_SYSTEM_ID`, `DATE`, `CLICKS`) VALUES (65, 6, '1986-02-25', 90);
INSERT INTO `s_object_clicks` (`OBJECT_ID`, `BOOKING_SYSTEM_ID`, `DATE`, `CLICKS`) VALUES (66, 6, '1991-03-29', 23);
INSERT INTO `s_object_clicks` (`OBJECT_ID`, `BOOKING_SYSTEM_ID`, `DATE`, `CLICKS`) VALUES (67, 2, '2019-11-30', 21);
INSERT INTO `s_object_clicks` (`OBJECT_ID`, `BOOKING_SYSTEM_ID`, `DATE`, `CLICKS`) VALUES (68, 6, '1976-07-02', 7);
INSERT INTO `s_object_clicks` (`OBJECT_ID`, `BOOKING_SYSTEM_ID`, `DATE`, `CLICKS`) VALUES (69, 1, '2008-01-09', 33);
INSERT INTO `s_object_clicks` (`OBJECT_ID`, `BOOKING_SYSTEM_ID`, `DATE`, `CLICKS`) VALUES (70, 7, '2006-08-15', 84);
INSERT INTO `s_object_clicks` (`OBJECT_ID`, `BOOKING_SYSTEM_ID`, `DATE`, `CLICKS`) VALUES (71, 4, '2006-04-07', 14);
INSERT INTO `s_object_clicks` (`OBJECT_ID`, `BOOKING_SYSTEM_ID`, `DATE`, `CLICKS`) VALUES (72, 4, '2011-12-08', 67);
INSERT INTO `s_object_clicks` (`OBJECT_ID`, `BOOKING_SYSTEM_ID`, `DATE`, `CLICKS`) VALUES (73, 3, '1972-01-19', 27);
INSERT INTO `s_object_clicks` (`OBJECT_ID`, `BOOKING_SYSTEM_ID`, `DATE`, `CLICKS`) VALUES (74, 2, '2015-03-14', 8);
INSERT INTO `s_object_clicks` (`OBJECT_ID`, `BOOKING_SYSTEM_ID`, `DATE`, `CLICKS`) VALUES (75, 4, '2014-03-06', 5);
INSERT INTO `s_object_clicks` (`OBJECT_ID`, `BOOKING_SYSTEM_ID`, `DATE`, `CLICKS`) VALUES (76, 5, '1986-11-29', 16);
INSERT INTO `s_object_clicks` (`OBJECT_ID`, `BOOKING_SYSTEM_ID`, `DATE`, `CLICKS`) VALUES (77, 4, '2003-10-20', 63);
INSERT INTO `s_object_clicks` (`OBJECT_ID`, `BOOKING_SYSTEM_ID`, `DATE`, `CLICKS`) VALUES (78, 7, '1991-07-05', 54);
INSERT INTO `s_object_clicks` (`OBJECT_ID`, `BOOKING_SYSTEM_ID`, `DATE`, `CLICKS`) VALUES (79, 1, '1983-08-18', 1);
INSERT INTO `s_object_clicks` (`OBJECT_ID`, `BOOKING_SYSTEM_ID`, `DATE`, `CLICKS`) VALUES (80, 7, '2003-08-09', 63);
INSERT INTO `s_object_clicks` (`OBJECT_ID`, `BOOKING_SYSTEM_ID`, `DATE`, `CLICKS`) VALUES (81, 6, '1989-08-21', 95);
INSERT INTO `s_object_clicks` (`OBJECT_ID`, `BOOKING_SYSTEM_ID`, `DATE`, `CLICKS`) VALUES (82, 5, '1981-11-25', 44);
INSERT INTO `s_object_clicks` (`OBJECT_ID`, `BOOKING_SYSTEM_ID`, `DATE`, `CLICKS`) VALUES (83, 1, '1982-12-06', 62);
INSERT INTO `s_object_clicks` (`OBJECT_ID`, `BOOKING_SYSTEM_ID`, `DATE`, `CLICKS`) VALUES (84, 2, '1999-09-19', 91);
INSERT INTO `s_object_clicks` (`OBJECT_ID`, `BOOKING_SYSTEM_ID`, `DATE`, `CLICKS`) VALUES (85, 3, '2021-03-25', 78);
INSERT INTO `s_object_clicks` (`OBJECT_ID`, `BOOKING_SYSTEM_ID`, `DATE`, `CLICKS`) VALUES (86, 1, '2021-02-25', 67);
INSERT INTO `s_object_clicks` (`OBJECT_ID`, `BOOKING_SYSTEM_ID`, `DATE`, `CLICKS`) VALUES (87, 3, '2009-05-18', 6);
INSERT INTO `s_object_clicks` (`OBJECT_ID`, `BOOKING_SYSTEM_ID`, `DATE`, `CLICKS`) VALUES (88, 3, '2001-03-19', 27);
INSERT INTO `s_object_clicks` (`OBJECT_ID`, `BOOKING_SYSTEM_ID`, `DATE`, `CLICKS`) VALUES (89, 4, '2007-12-11', 43);
INSERT INTO `s_object_clicks` (`OBJECT_ID`, `BOOKING_SYSTEM_ID`, `DATE`, `CLICKS`) VALUES (90, 5, '1973-03-02', 96);
INSERT INTO `s_object_clicks` (`OBJECT_ID`, `BOOKING_SYSTEM_ID`, `DATE`, `CLICKS`) VALUES (91, 1, '1974-04-03', 73);
INSERT INTO `s_object_clicks` (`OBJECT_ID`, `BOOKING_SYSTEM_ID`, `DATE`, `CLICKS`) VALUES (92, 6, '1990-08-07', 25);
INSERT INTO `s_object_clicks` (`OBJECT_ID`, `BOOKING_SYSTEM_ID`, `DATE`, `CLICKS`) VALUES (93, 6, '1990-08-31', 98);
INSERT INTO `s_object_clicks` (`OBJECT_ID`, `BOOKING_SYSTEM_ID`, `DATE`, `CLICKS`) VALUES (94, 1, '1971-01-15', 99);
INSERT INTO `s_object_clicks` (`OBJECT_ID`, `BOOKING_SYSTEM_ID`, `DATE`, `CLICKS`) VALUES (95, 3, '1980-07-19', 85);
INSERT INTO `s_object_clicks` (`OBJECT_ID`, `BOOKING_SYSTEM_ID`, `DATE`, `CLICKS`) VALUES (96, 5, '1982-09-15', 5);
INSERT INTO `s_object_clicks` (`OBJECT_ID`, `BOOKING_SYSTEM_ID`, `DATE`, `CLICKS`) VALUES (97, 6, '1997-07-29', 17);
INSERT INTO `s_object_clicks` (`OBJECT_ID`, `BOOKING_SYSTEM_ID`, `DATE`, `CLICKS`) VALUES (98, 5, '1989-06-10', 99);
INSERT INTO `s_object_clicks` (`OBJECT_ID`, `BOOKING_SYSTEM_ID`, `DATE`, `CLICKS`) VALUES (99, 3, '1971-02-25', 19);
INSERT INTO `s_object_clicks` (`OBJECT_ID`, `BOOKING_SYSTEM_ID`, `DATE`, `CLICKS`) VALUES (100, 7, '1994-02-06', 5);


#
# TABLE STRUCTURE FOR: s_object_owner
#

DROP TABLE IF EXISTS `s_object_owner`;

CREATE TABLE `s_object_owner` (
	                              `OBJECT_ID` int(11) DEFAULT NULL,
	                              `USER_ID` int(11) DEFAULT NULL,
	                              KEY `s_object_owner_s_object_ID_fk` (`OBJECT_ID`),
	                              KEY `s_object_owner_s_user_ID_fk` (`USER_ID`),
	                              CONSTRAINT `s_object_owner_s_object_ID_fk` FOREIGN KEY (`OBJECT_ID`) REFERENCES `s_object` (`ID`),
	                              CONSTRAINT `s_object_owner_s_user_ID_fk` FOREIGN KEY (`USER_ID`) REFERENCES `s_user` (`ID`)
) ENGINE=InnoDB DEFAULT CHARSET=utf8 COLLATE=utf8_unicode_ci;

INSERT INTO `s_object_owner` (`OBJECT_ID`, `USER_ID`) VALUES (1, 26);
INSERT INTO `s_object_owner` (`OBJECT_ID`, `USER_ID`) VALUES (2, 6);
INSERT INTO `s_object_owner` (`OBJECT_ID`, `USER_ID`) VALUES (3, 5);
INSERT INTO `s_object_owner` (`OBJECT_ID`, `USER_ID`) VALUES (4, 34);
INSERT INTO `s_object_owner` (`OBJECT_ID`, `USER_ID`) VALUES (5, 34);
INSERT INTO `s_object_owner` (`OBJECT_ID`, `USER_ID`) VALUES (6, 29);
INSERT INTO `s_object_owner` (`OBJECT_ID`, `USER_ID`) VALUES (7, 37);
INSERT INTO `s_object_owner` (`OBJECT_ID`, `USER_ID`) VALUES (8, 18);
INSERT INTO `s_object_owner` (`OBJECT_ID`, `USER_ID`) VALUES (9, 10);
INSERT INTO `s_object_owner` (`OBJECT_ID`, `USER_ID`) VALUES (10, 39);
INSERT INTO `s_object_owner` (`OBJECT_ID`, `USER_ID`) VALUES (11, 32);
INSERT INTO `s_object_owner` (`OBJECT_ID`, `USER_ID`) VALUES (12, 19);
INSERT INTO `s_object_owner` (`OBJECT_ID`, `USER_ID`) VALUES (13, 2);
INSERT INTO `s_object_owner` (`OBJECT_ID`, `USER_ID`) VALUES (14, 33);
INSERT INTO `s_object_owner` (`OBJECT_ID`, `USER_ID`) VALUES (15, 15);
INSERT INTO `s_object_owner` (`OBJECT_ID`, `USER_ID`) VALUES (16, 25);
INSERT INTO `s_object_owner` (`OBJECT_ID`, `USER_ID`) VALUES (17, 8);
INSERT INTO `s_object_owner` (`OBJECT_ID`, `USER_ID`) VALUES (18, 24);
INSERT INTO `s_object_owner` (`OBJECT_ID`, `USER_ID`) VALUES (19, 27);
INSERT INTO `s_object_owner` (`OBJECT_ID`, `USER_ID`) VALUES (20, 3);
INSERT INTO `s_object_owner` (`OBJECT_ID`, `USER_ID`) VALUES (21, 36);
INSERT INTO `s_object_owner` (`OBJECT_ID`, `USER_ID`) VALUES (22, 18);
INSERT INTO `s_object_owner` (`OBJECT_ID`, `USER_ID`) VALUES (23, 13);
INSERT INTO `s_object_owner` (`OBJECT_ID`, `USER_ID`) VALUES (24, 7);
INSERT INTO `s_object_owner` (`OBJECT_ID`, `USER_ID`) VALUES (25, 16);
INSERT INTO `s_object_owner` (`OBJECT_ID`, `USER_ID`) VALUES (26, 7);
INSERT INTO `s_object_owner` (`OBJECT_ID`, `USER_ID`) VALUES (27, 38);
INSERT INTO `s_object_owner` (`OBJECT_ID`, `USER_ID`) VALUES (28, 21);
INSERT INTO `s_object_owner` (`OBJECT_ID`, `USER_ID`) VALUES (29, 16);
INSERT INTO `s_object_owner` (`OBJECT_ID`, `USER_ID`) VALUES (30, 19);
INSERT INTO `s_object_owner` (`OBJECT_ID`, `USER_ID`) VALUES (31, 18);
INSERT INTO `s_object_owner` (`OBJECT_ID`, `USER_ID`) VALUES (32, 1);
INSERT INTO `s_object_owner` (`OBJECT_ID`, `USER_ID`) VALUES (33, 25);
INSERT INTO `s_object_owner` (`OBJECT_ID`, `USER_ID`) VALUES (34, 22);
INSERT INTO `s_object_owner` (`OBJECT_ID`, `USER_ID`) VALUES (35, 34);
INSERT INTO `s_object_owner` (`OBJECT_ID`, `USER_ID`) VALUES (36, 18);
INSERT INTO `s_object_owner` (`OBJECT_ID`, `USER_ID`) VALUES (37, 10);
INSERT INTO `s_object_owner` (`OBJECT_ID`, `USER_ID`) VALUES (38, 31);
INSERT INTO `s_object_owner` (`OBJECT_ID`, `USER_ID`) VALUES (39, 36);
INSERT INTO `s_object_owner` (`OBJECT_ID`, `USER_ID`) VALUES (40, 19);
INSERT INTO `s_object_owner` (`OBJECT_ID`, `USER_ID`) VALUES (41, 30);
INSERT INTO `s_object_owner` (`OBJECT_ID`, `USER_ID`) VALUES (42, 28);
INSERT INTO `s_object_owner` (`OBJECT_ID`, `USER_ID`) VALUES (43, 38);
INSERT INTO `s_object_owner` (`OBJECT_ID`, `USER_ID`) VALUES (44, 31);
INSERT INTO `s_object_owner` (`OBJECT_ID`, `USER_ID`) VALUES (45, 20);
INSERT INTO `s_object_owner` (`OBJECT_ID`, `USER_ID`) VALUES (46, 12);
INSERT INTO `s_object_owner` (`OBJECT_ID`, `USER_ID`) VALUES (47, 15);
INSERT INTO `s_object_owner` (`OBJECT_ID`, `USER_ID`) VALUES (48, 27);
INSERT INTO `s_object_owner` (`OBJECT_ID`, `USER_ID`) VALUES (49, 36);
INSERT INTO `s_object_owner` (`OBJECT_ID`, `USER_ID`) VALUES (50, 2);
INSERT INTO `s_object_owner` (`OBJECT_ID`, `USER_ID`) VALUES (51, 29);
INSERT INTO `s_object_owner` (`OBJECT_ID`, `USER_ID`) VALUES (52, 32);
INSERT INTO `s_object_owner` (`OBJECT_ID`, `USER_ID`) VALUES (53, 20);
INSERT INTO `s_object_owner` (`OBJECT_ID`, `USER_ID`) VALUES (54, 1);
INSERT INTO `s_object_owner` (`OBJECT_ID`, `USER_ID`) VALUES (55, 38);
INSERT INTO `s_object_owner` (`OBJECT_ID`, `USER_ID`) VALUES (56, 35);
INSERT INTO `s_object_owner` (`OBJECT_ID`, `USER_ID`) VALUES (57, 8);
INSERT INTO `s_object_owner` (`OBJECT_ID`, `USER_ID`) VALUES (58, 36);
INSERT INTO `s_object_owner` (`OBJECT_ID`, `USER_ID`) VALUES (59, 16);
INSERT INTO `s_object_owner` (`OBJECT_ID`, `USER_ID`) VALUES (60, 23);
INSERT INTO `s_object_owner` (`OBJECT_ID`, `USER_ID`) VALUES (61, 15);
INSERT INTO `s_object_owner` (`OBJECT_ID`, `USER_ID`) VALUES (62, 33);
INSERT INTO `s_object_owner` (`OBJECT_ID`, `USER_ID`) VALUES (63, 24);
INSERT INTO `s_object_owner` (`OBJECT_ID`, `USER_ID`) VALUES (64, 39);
INSERT INTO `s_object_owner` (`OBJECT_ID`, `USER_ID`) VALUES (65, 14);
INSERT INTO `s_object_owner` (`OBJECT_ID`, `USER_ID`) VALUES (66, 17);
INSERT INTO `s_object_owner` (`OBJECT_ID`, `USER_ID`) VALUES (67, 17);
INSERT INTO `s_object_owner` (`OBJECT_ID`, `USER_ID`) VALUES (68, 23);
INSERT INTO `s_object_owner` (`OBJECT_ID`, `USER_ID`) VALUES (69, 7);
INSERT INTO `s_object_owner` (`OBJECT_ID`, `USER_ID`) VALUES (70, 12);
INSERT INTO `s_object_owner` (`OBJECT_ID`, `USER_ID`) VALUES (71, 2);
INSERT INTO `s_object_owner` (`OBJECT_ID`, `USER_ID`) VALUES (72, 37);
INSERT INTO `s_object_owner` (`OBJECT_ID`, `USER_ID`) VALUES (73, 40);
INSERT INTO `s_object_owner` (`OBJECT_ID`, `USER_ID`) VALUES (74, 40);
INSERT INTO `s_object_owner` (`OBJECT_ID`, `USER_ID`) VALUES (75, 27);
INSERT INTO `s_object_owner` (`OBJECT_ID`, `USER_ID`) VALUES (76, 19);
INSERT INTO `s_object_owner` (`OBJECT_ID`, `USER_ID`) VALUES (77, 12);
INSERT INTO `s_object_owner` (`OBJECT_ID`, `USER_ID`) VALUES (78, 1);
INSERT INTO `s_object_owner` (`OBJECT_ID`, `USER_ID`) VALUES (79, 6);
INSERT INTO `s_object_owner` (`OBJECT_ID`, `USER_ID`) VALUES (80, 7);
INSERT INTO `s_object_owner` (`OBJECT_ID`, `USER_ID`) VALUES (81, 3);
INSERT INTO `s_object_owner` (`OBJECT_ID`, `USER_ID`) VALUES (82, 34);
INSERT INTO `s_object_owner` (`OBJECT_ID`, `USER_ID`) VALUES (83, 39);
INSERT INTO `s_object_owner` (`OBJECT_ID`, `USER_ID`) VALUES (84, 22);
INSERT INTO `s_object_owner` (`OBJECT_ID`, `USER_ID`) VALUES (85, 35);
INSERT INTO `s_object_owner` (`OBJECT_ID`, `USER_ID`) VALUES (86, 36);
INSERT INTO `s_object_owner` (`OBJECT_ID`, `USER_ID`) VALUES (87, 16);
INSERT INTO `s_object_owner` (`OBJECT_ID`, `USER_ID`) VALUES (88, 3);
INSERT INTO `s_object_owner` (`OBJECT_ID`, `USER_ID`) VALUES (89, 32);
INSERT INTO `s_object_owner` (`OBJECT_ID`, `USER_ID`) VALUES (90, 31);
INSERT INTO `s_object_owner` (`OBJECT_ID`, `USER_ID`) VALUES (91, 25);
INSERT INTO `s_object_owner` (`OBJECT_ID`, `USER_ID`) VALUES (92, 6);
INSERT INTO `s_object_owner` (`OBJECT_ID`, `USER_ID`) VALUES (93, 24);
INSERT INTO `s_object_owner` (`OBJECT_ID`, `USER_ID`) VALUES (94, 8);
INSERT INTO `s_object_owner` (`OBJECT_ID`, `USER_ID`) VALUES (95, 5);
INSERT INTO `s_object_owner` (`OBJECT_ID`, `USER_ID`) VALUES (96, 37);
INSERT INTO `s_object_owner` (`OBJECT_ID`, `USER_ID`) VALUES (97, 25);
INSERT INTO `s_object_owner` (`OBJECT_ID`, `USER_ID`) VALUES (98, 22);
INSERT INTO `s_object_owner` (`OBJECT_ID`, `USER_ID`) VALUES (99, 20);
INSERT INTO `s_object_owner` (`OBJECT_ID`, `USER_ID`) VALUES (100, 32);


#
# TABLE STRUCTURE FOR: s_object_phone
#

DROP TABLE IF EXISTS `s_object_phone`;

CREATE TABLE `s_object_phone` (
	                              `ID` int(11) NOT NULL AUTO_INCREMENT,
	                              `OBJECT_ID` int(11) DEFAULT NULL,
	                              `VALUE` varchar(40) COLLATE utf8_unicode_ci DEFAULT NULL,
	                              PRIMARY KEY (`ID`),
	                              KEY `s_phone_s_object_ID_fk` (`OBJECT_ID`),
	                              CONSTRAINT `s_phone_s_object_ID_fk` FOREIGN KEY (`OBJECT_ID`) REFERENCES `s_object` (`ID`)
) ENGINE=InnoDB AUTO_INCREMENT=181 DEFAULT CHARSET=utf8 COLLATE=utf8_unicode_ci;

INSERT INTO `s_object_phone` (`ID`, `OBJECT_ID`, `VALUE`) VALUES (1, 33, '688-987-2317');
INSERT INTO `s_object_phone` (`ID`, `OBJECT_ID`, `VALUE`) VALUES (2, 31, '096.802.3836x98897');
INSERT INTO `s_object_phone` (`ID`, `OBJECT_ID`, `VALUE`) VALUES (3, 71, '184.431.1762');
INSERT INTO `s_object_phone` (`ID`, `OBJECT_ID`, `VALUE`) VALUES (4, 47, '(382)075-4844x810');
INSERT INTO `s_object_phone` (`ID`, `OBJECT_ID`, `VALUE`) VALUES (5, 2, '370-498-0624');
INSERT INTO `s_object_phone` (`ID`, `OBJECT_ID`, `VALUE`) VALUES (6, 95, '09535195525');
INSERT INTO `s_object_phone` (`ID`, `OBJECT_ID`, `VALUE`) VALUES (7, 18, '1-949-273-2882x8396');
INSERT INTO `s_object_phone` (`ID`, `OBJECT_ID`, `VALUE`) VALUES (8, 71, '1-080-336-0400x577');
INSERT INTO `s_object_phone` (`ID`, `OBJECT_ID`, `VALUE`) VALUES (9, 32, '969-652-3625x148');
INSERT INTO `s_object_phone` (`ID`, `OBJECT_ID`, `VALUE`) VALUES (10, 38, '(675)838-6301');
INSERT INTO `s_object_phone` (`ID`, `OBJECT_ID`, `VALUE`) VALUES (11, 94, '1-486-586-3233x04779');
INSERT INTO `s_object_phone` (`ID`, `OBJECT_ID`, `VALUE`) VALUES (12, 56, '(051)323-9511');
INSERT INTO `s_object_phone` (`ID`, `OBJECT_ID`, `VALUE`) VALUES (13, 73, '197.682.4361x234');
INSERT INTO `s_object_phone` (`ID`, `OBJECT_ID`, `VALUE`) VALUES (14, 58, '1-552-276-1330x63741');
INSERT INTO `s_object_phone` (`ID`, `OBJECT_ID`, `VALUE`) VALUES (15, 79, '04793043240');
INSERT INTO `s_object_phone` (`ID`, `OBJECT_ID`, `VALUE`) VALUES (16, 16, '1-801-131-8196x14909');
INSERT INTO `s_object_phone` (`ID`, `OBJECT_ID`, `VALUE`) VALUES (17, 97, '(541)345-1322');
INSERT INTO `s_object_phone` (`ID`, `OBJECT_ID`, `VALUE`) VALUES (18, 77, '1-942-451-5052');
INSERT INTO `s_object_phone` (`ID`, `OBJECT_ID`, `VALUE`) VALUES (19, 27, '197-463-8150');
INSERT INTO `s_object_phone` (`ID`, `OBJECT_ID`, `VALUE`) VALUES (20, 29, '1-963-409-7050');
INSERT INTO `s_object_phone` (`ID`, `OBJECT_ID`, `VALUE`) VALUES (21, 59, '03669874616');
INSERT INTO `s_object_phone` (`ID`, `OBJECT_ID`, `VALUE`) VALUES (22, 92, '1-519-815-7229x399');
INSERT INTO `s_object_phone` (`ID`, `OBJECT_ID`, `VALUE`) VALUES (23, 54, '(002)275-8495x78120');
INSERT INTO `s_object_phone` (`ID`, `OBJECT_ID`, `VALUE`) VALUES (24, 43, '935-659-7175x2980');
INSERT INTO `s_object_phone` (`ID`, `OBJECT_ID`, `VALUE`) VALUES (25, 30, '(203)797-2459');
INSERT INTO `s_object_phone` (`ID`, `OBJECT_ID`, `VALUE`) VALUES (26, 38, '(490)631-1883');
INSERT INTO `s_object_phone` (`ID`, `OBJECT_ID`, `VALUE`) VALUES (27, 51, '+43(8)0956780867');
INSERT INTO `s_object_phone` (`ID`, `OBJECT_ID`, `VALUE`) VALUES (28, 21, '595.048.9808x09216');
INSERT INTO `s_object_phone` (`ID`, `OBJECT_ID`, `VALUE`) VALUES (29, 57, '(236)828-4558');
INSERT INTO `s_object_phone` (`ID`, `OBJECT_ID`, `VALUE`) VALUES (30, 31, '+24(7)8182101076');
INSERT INTO `s_object_phone` (`ID`, `OBJECT_ID`, `VALUE`) VALUES (31, 11, '1-629-800-5926');
INSERT INTO `s_object_phone` (`ID`, `OBJECT_ID`, `VALUE`) VALUES (32, 90, '1-415-245-1543');
INSERT INTO `s_object_phone` (`ID`, `OBJECT_ID`, `VALUE`) VALUES (33, 61, '+92(7)7012543448');
INSERT INTO `s_object_phone` (`ID`, `OBJECT_ID`, `VALUE`) VALUES (34, 82, '769.682.0121x444');
INSERT INTO `s_object_phone` (`ID`, `OBJECT_ID`, `VALUE`) VALUES (35, 37, '772-359-5548x8127');
INSERT INTO `s_object_phone` (`ID`, `OBJECT_ID`, `VALUE`) VALUES (36, 63, '134.201.4998x077');
INSERT INTO `s_object_phone` (`ID`, `OBJECT_ID`, `VALUE`) VALUES (37, 76, '(206)493-6490');
INSERT INTO `s_object_phone` (`ID`, `OBJECT_ID`, `VALUE`) VALUES (38, 54, '07704625376');
INSERT INTO `s_object_phone` (`ID`, `OBJECT_ID`, `VALUE`) VALUES (39, 33, '+84(1)8468239688');
INSERT INTO `s_object_phone` (`ID`, `OBJECT_ID`, `VALUE`) VALUES (40, 8, '859-122-3976x99048');
INSERT INTO `s_object_phone` (`ID`, `OBJECT_ID`, `VALUE`) VALUES (41, 91, '419.703.1389x8105');
INSERT INTO `s_object_phone` (`ID`, `OBJECT_ID`, `VALUE`) VALUES (42, 27, '680-869-8634x163');
INSERT INTO `s_object_phone` (`ID`, `OBJECT_ID`, `VALUE`) VALUES (43, 63, '(014)689-8671');
INSERT INTO `s_object_phone` (`ID`, `OBJECT_ID`, `VALUE`) VALUES (44, 64, '166-548-6263');
INSERT INTO `s_object_phone` (`ID`, `OBJECT_ID`, `VALUE`) VALUES (45, 84, '(406)689-7355x91168');
INSERT INTO `s_object_phone` (`ID`, `OBJECT_ID`, `VALUE`) VALUES (46, 42, '+16(6)5655007360');
INSERT INTO `s_object_phone` (`ID`, `OBJECT_ID`, `VALUE`) VALUES (47, 79, '1-368-892-8910x9968');
INSERT INTO `s_object_phone` (`ID`, `OBJECT_ID`, `VALUE`) VALUES (48, 80, '669.841.0036');
INSERT INTO `s_object_phone` (`ID`, `OBJECT_ID`, `VALUE`) VALUES (49, 19, '506.533.3706x09678');
INSERT INTO `s_object_phone` (`ID`, `OBJECT_ID`, `VALUE`) VALUES (50, 6, '1-351-529-2685x9803');
INSERT INTO `s_object_phone` (`ID`, `OBJECT_ID`, `VALUE`) VALUES (51, 9, '1-799-658-3615x23162');
INSERT INTO `s_object_phone` (`ID`, `OBJECT_ID`, `VALUE`) VALUES (52, 78, '434-677-1062x441');
INSERT INTO `s_object_phone` (`ID`, `OBJECT_ID`, `VALUE`) VALUES (53, 97, '635.709.3800');
INSERT INTO `s_object_phone` (`ID`, `OBJECT_ID`, `VALUE`) VALUES (54, 62, '1-175-824-3814x606');
INSERT INTO `s_object_phone` (`ID`, `OBJECT_ID`, `VALUE`) VALUES (55, 20, '703.963.7820x7107');
INSERT INTO `s_object_phone` (`ID`, `OBJECT_ID`, `VALUE`) VALUES (56, 26, '853-764-4802x9338');
INSERT INTO `s_object_phone` (`ID`, `OBJECT_ID`, `VALUE`) VALUES (57, 99, '1-837-344-7192x9800');
INSERT INTO `s_object_phone` (`ID`, `OBJECT_ID`, `VALUE`) VALUES (58, 71, '(497)383-0755x097');
INSERT INTO `s_object_phone` (`ID`, `OBJECT_ID`, `VALUE`) VALUES (59, 47, '+76(3)6213303801');
INSERT INTO `s_object_phone` (`ID`, `OBJECT_ID`, `VALUE`) VALUES (60, 56, '881-003-2818');
INSERT INTO `s_object_phone` (`ID`, `OBJECT_ID`, `VALUE`) VALUES (61, 1, '04665411923');
INSERT INTO `s_object_phone` (`ID`, `OBJECT_ID`, `VALUE`) VALUES (62, 58, '472.625.8562');
INSERT INTO `s_object_phone` (`ID`, `OBJECT_ID`, `VALUE`) VALUES (63, 46, '(097)797-5937x987');
INSERT INTO `s_object_phone` (`ID`, `OBJECT_ID`, `VALUE`) VALUES (64, 62, '(821)731-2356x406');
INSERT INTO `s_object_phone` (`ID`, `OBJECT_ID`, `VALUE`) VALUES (65, 40, '1-456-208-0465x7579');
INSERT INTO `s_object_phone` (`ID`, `OBJECT_ID`, `VALUE`) VALUES (66, 82, '747.230.7024x043');
INSERT INTO `s_object_phone` (`ID`, `OBJECT_ID`, `VALUE`) VALUES (67, 24, '(891)550-1159');
INSERT INTO `s_object_phone` (`ID`, `OBJECT_ID`, `VALUE`) VALUES (68, 16, '(650)211-6741');
INSERT INTO `s_object_phone` (`ID`, `OBJECT_ID`, `VALUE`) VALUES (69, 36, '1-691-191-3663x591');
INSERT INTO `s_object_phone` (`ID`, `OBJECT_ID`, `VALUE`) VALUES (70, 57, '143-592-7805x337');
INSERT INTO `s_object_phone` (`ID`, `OBJECT_ID`, `VALUE`) VALUES (71, 23, '(092)958-3402x728');
INSERT INTO `s_object_phone` (`ID`, `OBJECT_ID`, `VALUE`) VALUES (72, 27, '(159)781-4258');
INSERT INTO `s_object_phone` (`ID`, `OBJECT_ID`, `VALUE`) VALUES (73, 83, '994-577-6822x6995');
INSERT INTO `s_object_phone` (`ID`, `OBJECT_ID`, `VALUE`) VALUES (74, 85, '(071)052-1198x180');
INSERT INTO `s_object_phone` (`ID`, `OBJECT_ID`, `VALUE`) VALUES (75, 90, '285-005-8340x343');
INSERT INTO `s_object_phone` (`ID`, `OBJECT_ID`, `VALUE`) VALUES (76, 67, '(714)964-6735');
INSERT INTO `s_object_phone` (`ID`, `OBJECT_ID`, `VALUE`) VALUES (77, 27, '811-734-8865');
INSERT INTO `s_object_phone` (`ID`, `OBJECT_ID`, `VALUE`) VALUES (78, 68, '+02(9)1989741791');
INSERT INTO `s_object_phone` (`ID`, `OBJECT_ID`, `VALUE`) VALUES (79, 47, '07749674847');
INSERT INTO `s_object_phone` (`ID`, `OBJECT_ID`, `VALUE`) VALUES (80, 45, '1-640-813-9682x170');
INSERT INTO `s_object_phone` (`ID`, `OBJECT_ID`, `VALUE`) VALUES (81, 74, '+30(5)0666905544');
INSERT INTO `s_object_phone` (`ID`, `OBJECT_ID`, `VALUE`) VALUES (82, 55, '954-108-6405x95214');
INSERT INTO `s_object_phone` (`ID`, `OBJECT_ID`, `VALUE`) VALUES (83, 22, '+35(1)7585632350');
INSERT INTO `s_object_phone` (`ID`, `OBJECT_ID`, `VALUE`) VALUES (84, 70, '740.691.6262');
INSERT INTO `s_object_phone` (`ID`, `OBJECT_ID`, `VALUE`) VALUES (85, 17, '233-727-7318x5051');
INSERT INTO `s_object_phone` (`ID`, `OBJECT_ID`, `VALUE`) VALUES (86, 42, '1-157-225-8992');
INSERT INTO `s_object_phone` (`ID`, `OBJECT_ID`, `VALUE`) VALUES (87, 96, '(484)882-0080x42599');
INSERT INTO `s_object_phone` (`ID`, `OBJECT_ID`, `VALUE`) VALUES (88, 15, '1-241-435-4296x1919');
INSERT INTO `s_object_phone` (`ID`, `OBJECT_ID`, `VALUE`) VALUES (89, 12, '967-366-1620');
INSERT INTO `s_object_phone` (`ID`, `OBJECT_ID`, `VALUE`) VALUES (90, 43, '602-567-6744x747');
INSERT INTO `s_object_phone` (`ID`, `OBJECT_ID`, `VALUE`) VALUES (91, 71, '1-216-795-0236x9665');
INSERT INTO `s_object_phone` (`ID`, `OBJECT_ID`, `VALUE`) VALUES (92, 13, '05489274919');
INSERT INTO `s_object_phone` (`ID`, `OBJECT_ID`, `VALUE`) VALUES (93, 100, '1-417-918-1174');
INSERT INTO `s_object_phone` (`ID`, `OBJECT_ID`, `VALUE`) VALUES (94, 16, '1-519-313-3299x6878');
INSERT INTO `s_object_phone` (`ID`, `OBJECT_ID`, `VALUE`) VALUES (95, 74, '493.793.1831x9647');
INSERT INTO `s_object_phone` (`ID`, `OBJECT_ID`, `VALUE`) VALUES (96, 39, '816.684.1477');
INSERT INTO `s_object_phone` (`ID`, `OBJECT_ID`, `VALUE`) VALUES (97, 97, '(210)700-6925x182');
INSERT INTO `s_object_phone` (`ID`, `OBJECT_ID`, `VALUE`) VALUES (98, 98, '992-522-3190x19116');
INSERT INTO `s_object_phone` (`ID`, `OBJECT_ID`, `VALUE`) VALUES (99, 54, '238-096-0110x794');
INSERT INTO `s_object_phone` (`ID`, `OBJECT_ID`, `VALUE`) VALUES (100, 32, '263.724.0883x978');
INSERT INTO `s_object_phone` (`ID`, `OBJECT_ID`, `VALUE`) VALUES (101, 54, '(006)684-3795');
INSERT INTO `s_object_phone` (`ID`, `OBJECT_ID`, `VALUE`) VALUES (102, 77, '+07(0)4846145236');
INSERT INTO `s_object_phone` (`ID`, `OBJECT_ID`, `VALUE`) VALUES (103, 59, '332-637-3909x6241');
INSERT INTO `s_object_phone` (`ID`, `OBJECT_ID`, `VALUE`) VALUES (104, 37, '+58(2)6001773995');
INSERT INTO `s_object_phone` (`ID`, `OBJECT_ID`, `VALUE`) VALUES (105, 61, '(264)092-0145');
INSERT INTO `s_object_phone` (`ID`, `OBJECT_ID`, `VALUE`) VALUES (106, 48, '+22(4)6862011471');
INSERT INTO `s_object_phone` (`ID`, `OBJECT_ID`, `VALUE`) VALUES (107, 3, '1-858-505-6625x941');
INSERT INTO `s_object_phone` (`ID`, `OBJECT_ID`, `VALUE`) VALUES (108, 88, '+56(2)3365148939');
INSERT INTO `s_object_phone` (`ID`, `OBJECT_ID`, `VALUE`) VALUES (109, 16, '03789032122');
INSERT INTO `s_object_phone` (`ID`, `OBJECT_ID`, `VALUE`) VALUES (110, 49, '(078)882-0914x123');
INSERT INTO `s_object_phone` (`ID`, `OBJECT_ID`, `VALUE`) VALUES (111, 32, '+73(7)1887730335');
INSERT INTO `s_object_phone` (`ID`, `OBJECT_ID`, `VALUE`) VALUES (112, 89, '506-037-3346x760');
INSERT INTO `s_object_phone` (`ID`, `OBJECT_ID`, `VALUE`) VALUES (113, 4, '(550)438-9682x948');
INSERT INTO `s_object_phone` (`ID`, `OBJECT_ID`, `VALUE`) VALUES (114, 54, '694-760-9150x88917');
INSERT INTO `s_object_phone` (`ID`, `OBJECT_ID`, `VALUE`) VALUES (115, 58, '242-602-6227x6601');
INSERT INTO `s_object_phone` (`ID`, `OBJECT_ID`, `VALUE`) VALUES (116, 20, '(640)284-9333x036');
INSERT INTO `s_object_phone` (`ID`, `OBJECT_ID`, `VALUE`) VALUES (117, 95, '(984)293-6024x18925');
INSERT INTO `s_object_phone` (`ID`, `OBJECT_ID`, `VALUE`) VALUES (118, 54, '(367)254-1113');
INSERT INTO `s_object_phone` (`ID`, `OBJECT_ID`, `VALUE`) VALUES (119, 35, '+32(4)5946526866');
INSERT INTO `s_object_phone` (`ID`, `OBJECT_ID`, `VALUE`) VALUES (120, 7, '1-516-603-2257');
INSERT INTO `s_object_phone` (`ID`, `OBJECT_ID`, `VALUE`) VALUES (121, 96, '(952)029-8295');
INSERT INTO `s_object_phone` (`ID`, `OBJECT_ID`, `VALUE`) VALUES (122, 5, '690.738.3294');
INSERT INTO `s_object_phone` (`ID`, `OBJECT_ID`, `VALUE`) VALUES (123, 19, '068.048.0155');
INSERT INTO `s_object_phone` (`ID`, `OBJECT_ID`, `VALUE`) VALUES (124, 95, '302.199.2760x05624');
INSERT INTO `s_object_phone` (`ID`, `OBJECT_ID`, `VALUE`) VALUES (125, 21, '1-116-946-0844');
INSERT INTO `s_object_phone` (`ID`, `OBJECT_ID`, `VALUE`) VALUES (126, 93, '1-244-609-2777');
INSERT INTO `s_object_phone` (`ID`, `OBJECT_ID`, `VALUE`) VALUES (127, 34, '1-867-482-0304');
INSERT INTO `s_object_phone` (`ID`, `OBJECT_ID`, `VALUE`) VALUES (128, 17, '028-128-2322x02362');
INSERT INTO `s_object_phone` (`ID`, `OBJECT_ID`, `VALUE`) VALUES (129, 90, '983.034.6633x3661');
INSERT INTO `s_object_phone` (`ID`, `OBJECT_ID`, `VALUE`) VALUES (130, 88, '1-348-977-0009x895');
INSERT INTO `s_object_phone` (`ID`, `OBJECT_ID`, `VALUE`) VALUES (131, 49, '(512)910-1068');
INSERT INTO `s_object_phone` (`ID`, `OBJECT_ID`, `VALUE`) VALUES (132, 44, '+80(4)4985462268');
INSERT INTO `s_object_phone` (`ID`, `OBJECT_ID`, `VALUE`) VALUES (133, 64, '396.514.2878x57654');
INSERT INTO `s_object_phone` (`ID`, `OBJECT_ID`, `VALUE`) VALUES (134, 8, '05639420297');
INSERT INTO `s_object_phone` (`ID`, `OBJECT_ID`, `VALUE`) VALUES (135, 80, '(839)681-7943');
INSERT INTO `s_object_phone` (`ID`, `OBJECT_ID`, `VALUE`) VALUES (136, 25, '266-744-6650x085');
INSERT INTO `s_object_phone` (`ID`, `OBJECT_ID`, `VALUE`) VALUES (137, 55, '035-757-7666x119');
INSERT INTO `s_object_phone` (`ID`, `OBJECT_ID`, `VALUE`) VALUES (138, 82, '672.873.4228x055');
INSERT INTO `s_object_phone` (`ID`, `OBJECT_ID`, `VALUE`) VALUES (139, 12, '752.093.6820');
INSERT INTO `s_object_phone` (`ID`, `OBJECT_ID`, `VALUE`) VALUES (140, 70, '1-692-521-4799x323');
INSERT INTO `s_object_phone` (`ID`, `OBJECT_ID`, `VALUE`) VALUES (141, 30, '736.808.1546');
INSERT INTO `s_object_phone` (`ID`, `OBJECT_ID`, `VALUE`) VALUES (142, 44, '032.984.7697x758');
INSERT INTO `s_object_phone` (`ID`, `OBJECT_ID`, `VALUE`) VALUES (143, 58, '1-432-741-5199');
INSERT INTO `s_object_phone` (`ID`, `OBJECT_ID`, `VALUE`) VALUES (144, 33, '+31(4)6212302627');
INSERT INTO `s_object_phone` (`ID`, `OBJECT_ID`, `VALUE`) VALUES (145, 97, '(220)923-6490');
INSERT INTO `s_object_phone` (`ID`, `OBJECT_ID`, `VALUE`) VALUES (146, 16, '971-997-0629');
INSERT INTO `s_object_phone` (`ID`, `OBJECT_ID`, `VALUE`) VALUES (147, 53, '1-834-221-9229');
INSERT INTO `s_object_phone` (`ID`, `OBJECT_ID`, `VALUE`) VALUES (148, 91, '822.020.3018x70217');
INSERT INTO `s_object_phone` (`ID`, `OBJECT_ID`, `VALUE`) VALUES (149, 70, '+03(9)9102071443');
INSERT INTO `s_object_phone` (`ID`, `OBJECT_ID`, `VALUE`) VALUES (150, 87, '067.725.1034x6466');
INSERT INTO `s_object_phone` (`ID`, `OBJECT_ID`, `VALUE`) VALUES (151, 98, '187.137.2621x21476');
INSERT INTO `s_object_phone` (`ID`, `OBJECT_ID`, `VALUE`) VALUES (152, 65, '434-422-3659x584');
INSERT INTO `s_object_phone` (`ID`, `OBJECT_ID`, `VALUE`) VALUES (153, 91, '02969391303');
INSERT INTO `s_object_phone` (`ID`, `OBJECT_ID`, `VALUE`) VALUES (154, 16, '07480213238');
INSERT INTO `s_object_phone` (`ID`, `OBJECT_ID`, `VALUE`) VALUES (155, 60, '(517)182-7314');
INSERT INTO `s_object_phone` (`ID`, `OBJECT_ID`, `VALUE`) VALUES (156, 12, '(057)151-9308x9792');
INSERT INTO `s_object_phone` (`ID`, `OBJECT_ID`, `VALUE`) VALUES (157, 9, '+60(3)6323284693');
INSERT INTO `s_object_phone` (`ID`, `OBJECT_ID`, `VALUE`) VALUES (158, 94, '978-540-8149x24592');
INSERT INTO `s_object_phone` (`ID`, `OBJECT_ID`, `VALUE`) VALUES (159, 28, '02409103166');
INSERT INTO `s_object_phone` (`ID`, `OBJECT_ID`, `VALUE`) VALUES (160, 98, '1-262-290-2854x0294');
INSERT INTO `s_object_phone` (`ID`, `OBJECT_ID`, `VALUE`) VALUES (161, 81, '903.831.5442x629');
INSERT INTO `s_object_phone` (`ID`, `OBJECT_ID`, `VALUE`) VALUES (162, 77, '993-108-8427x10328');
INSERT INTO `s_object_phone` (`ID`, `OBJECT_ID`, `VALUE`) VALUES (163, 41, '01987259419');
INSERT INTO `s_object_phone` (`ID`, `OBJECT_ID`, `VALUE`) VALUES (164, 45, '(639)512-8345');
INSERT INTO `s_object_phone` (`ID`, `OBJECT_ID`, `VALUE`) VALUES (165, 84, '1-032-459-6999x27479');
INSERT INTO `s_object_phone` (`ID`, `OBJECT_ID`, `VALUE`) VALUES (166, 21, '+78(1)7061589861');
INSERT INTO `s_object_phone` (`ID`, `OBJECT_ID`, `VALUE`) VALUES (167, 70, '(318)617-6246x297');
INSERT INTO `s_object_phone` (`ID`, `OBJECT_ID`, `VALUE`) VALUES (168, 39, '+56(4)4732313335');
INSERT INTO `s_object_phone` (`ID`, `OBJECT_ID`, `VALUE`) VALUES (169, 2, '416-971-1291x470');
INSERT INTO `s_object_phone` (`ID`, `OBJECT_ID`, `VALUE`) VALUES (170, 81, '137.273.0133x850');
INSERT INTO `s_object_phone` (`ID`, `OBJECT_ID`, `VALUE`) VALUES (171, 8, '05520668550');
INSERT INTO `s_object_phone` (`ID`, `OBJECT_ID`, `VALUE`) VALUES (172, 32, '08027359598');
INSERT INTO `s_object_phone` (`ID`, `OBJECT_ID`, `VALUE`) VALUES (173, 24, '143-383-6417x48016');
INSERT INTO `s_object_phone` (`ID`, `OBJECT_ID`, `VALUE`) VALUES (174, 66, '+09(2)6574935773');
INSERT INTO `s_object_phone` (`ID`, `OBJECT_ID`, `VALUE`) VALUES (175, 65, '(921)909-0967');
INSERT INTO `s_object_phone` (`ID`, `OBJECT_ID`, `VALUE`) VALUES (176, 21, '1-712-441-8860x9479');
INSERT INTO `s_object_phone` (`ID`, `OBJECT_ID`, `VALUE`) VALUES (177, 81, '1-839-544-1583x32500');
INSERT INTO `s_object_phone` (`ID`, `OBJECT_ID`, `VALUE`) VALUES (178, 17, '1-504-301-1068x971');
INSERT INTO `s_object_phone` (`ID`, `OBJECT_ID`, `VALUE`) VALUES (179, 12, '942-224-7890');
INSERT INTO `s_object_phone` (`ID`, `OBJECT_ID`, `VALUE`) VALUES (180, 50, '(048)691-7943');


#
# TABLE STRUCTURE FOR: s_object_service
#

DROP TABLE IF EXISTS `s_object_service`;

CREATE TABLE `s_object_service` (
	                                `OBJECT_ID` int(11) DEFAULT NULL,
	                                `SERVICE_ID` int(11) DEFAULT NULL,
	                                KEY `s_object_service_s_object_ID_fk` (`OBJECT_ID`),
	                                KEY `s_object_service_s_service_ID_fk` (`SERVICE_ID`),
	                                CONSTRAINT `s_object_service_s_object_ID_fk` FOREIGN KEY (`OBJECT_ID`) REFERENCES `s_object` (`ID`),
	                                CONSTRAINT `s_object_service_s_service_ID_fk` FOREIGN KEY (`SERVICE_ID`) REFERENCES `s_service` (`ID`)
) ENGINE=InnoDB DEFAULT CHARSET=utf8 COLLATE=utf8_unicode_ci;

INSERT INTO `s_object_service` (`OBJECT_ID`, `SERVICE_ID`) VALUES (84, 199);
INSERT INTO `s_object_service` (`OBJECT_ID`, `SERVICE_ID`) VALUES (15, 44);
INSERT INTO `s_object_service` (`OBJECT_ID`, `SERVICE_ID`) VALUES (2, 42);
INSERT INTO `s_object_service` (`OBJECT_ID`, `SERVICE_ID`) VALUES (76, 246);
INSERT INTO `s_object_service` (`OBJECT_ID`, `SERVICE_ID`) VALUES (42, 194);
INSERT INTO `s_object_service` (`OBJECT_ID`, `SERVICE_ID`) VALUES (1, 51);
INSERT INTO `s_object_service` (`OBJECT_ID`, `SERVICE_ID`) VALUES (8, 180);
INSERT INTO `s_object_service` (`OBJECT_ID`, `SERVICE_ID`) VALUES (1, 154);
INSERT INTO `s_object_service` (`OBJECT_ID`, `SERVICE_ID`) VALUES (5, 148);
INSERT INTO `s_object_service` (`OBJECT_ID`, `SERVICE_ID`) VALUES (61, 107);
INSERT INTO `s_object_service` (`OBJECT_ID`, `SERVICE_ID`) VALUES (74, 23);
INSERT INTO `s_object_service` (`OBJECT_ID`, `SERVICE_ID`) VALUES (71, 136);
INSERT INTO `s_object_service` (`OBJECT_ID`, `SERVICE_ID`) VALUES (68, 133);
INSERT INTO `s_object_service` (`OBJECT_ID`, `SERVICE_ID`) VALUES (9, 165);
INSERT INTO `s_object_service` (`OBJECT_ID`, `SERVICE_ID`) VALUES (34, 139);
INSERT INTO `s_object_service` (`OBJECT_ID`, `SERVICE_ID`) VALUES (81, 45);
INSERT INTO `s_object_service` (`OBJECT_ID`, `SERVICE_ID`) VALUES (35, 238);
INSERT INTO `s_object_service` (`OBJECT_ID`, `SERVICE_ID`) VALUES (35, 92);
INSERT INTO `s_object_service` (`OBJECT_ID`, `SERVICE_ID`) VALUES (12, 26);
INSERT INTO `s_object_service` (`OBJECT_ID`, `SERVICE_ID`) VALUES (36, 133);
INSERT INTO `s_object_service` (`OBJECT_ID`, `SERVICE_ID`) VALUES (88, 90);
INSERT INTO `s_object_service` (`OBJECT_ID`, `SERVICE_ID`) VALUES (74, 238);
INSERT INTO `s_object_service` (`OBJECT_ID`, `SERVICE_ID`) VALUES (8, 184);
INSERT INTO `s_object_service` (`OBJECT_ID`, `SERVICE_ID`) VALUES (57, 31);
INSERT INTO `s_object_service` (`OBJECT_ID`, `SERVICE_ID`) VALUES (33, 43);
INSERT INTO `s_object_service` (`OBJECT_ID`, `SERVICE_ID`) VALUES (55, 14);
INSERT INTO `s_object_service` (`OBJECT_ID`, `SERVICE_ID`) VALUES (27, 64);
INSERT INTO `s_object_service` (`OBJECT_ID`, `SERVICE_ID`) VALUES (60, 235);
INSERT INTO `s_object_service` (`OBJECT_ID`, `SERVICE_ID`) VALUES (79, 169);
INSERT INTO `s_object_service` (`OBJECT_ID`, `SERVICE_ID`) VALUES (60, 31);
INSERT INTO `s_object_service` (`OBJECT_ID`, `SERVICE_ID`) VALUES (23, 100);
INSERT INTO `s_object_service` (`OBJECT_ID`, `SERVICE_ID`) VALUES (30, 145);
INSERT INTO `s_object_service` (`OBJECT_ID`, `SERVICE_ID`) VALUES (35, 163);
INSERT INTO `s_object_service` (`OBJECT_ID`, `SERVICE_ID`) VALUES (95, 117);
INSERT INTO `s_object_service` (`OBJECT_ID`, `SERVICE_ID`) VALUES (76, 74);
INSERT INTO `s_object_service` (`OBJECT_ID`, `SERVICE_ID`) VALUES (100, 158);
INSERT INTO `s_object_service` (`OBJECT_ID`, `SERVICE_ID`) VALUES (66, 182);
INSERT INTO `s_object_service` (`OBJECT_ID`, `SERVICE_ID`) VALUES (59, 183);
INSERT INTO `s_object_service` (`OBJECT_ID`, `SERVICE_ID`) VALUES (46, 37);
INSERT INTO `s_object_service` (`OBJECT_ID`, `SERVICE_ID`) VALUES (86, 196);
INSERT INTO `s_object_service` (`OBJECT_ID`, `SERVICE_ID`) VALUES (32, 101);
INSERT INTO `s_object_service` (`OBJECT_ID`, `SERVICE_ID`) VALUES (84, 146);
INSERT INTO `s_object_service` (`OBJECT_ID`, `SERVICE_ID`) VALUES (66, 107);
INSERT INTO `s_object_service` (`OBJECT_ID`, `SERVICE_ID`) VALUES (52, 111);
INSERT INTO `s_object_service` (`OBJECT_ID`, `SERVICE_ID`) VALUES (11, 28);
INSERT INTO `s_object_service` (`OBJECT_ID`, `SERVICE_ID`) VALUES (57, 83);
INSERT INTO `s_object_service` (`OBJECT_ID`, `SERVICE_ID`) VALUES (52, 216);
INSERT INTO `s_object_service` (`OBJECT_ID`, `SERVICE_ID`) VALUES (91, 215);
INSERT INTO `s_object_service` (`OBJECT_ID`, `SERVICE_ID`) VALUES (52, 213);
INSERT INTO `s_object_service` (`OBJECT_ID`, `SERVICE_ID`) VALUES (33, 67);
INSERT INTO `s_object_service` (`OBJECT_ID`, `SERVICE_ID`) VALUES (15, 80);
INSERT INTO `s_object_service` (`OBJECT_ID`, `SERVICE_ID`) VALUES (90, 200);
INSERT INTO `s_object_service` (`OBJECT_ID`, `SERVICE_ID`) VALUES (5, 119);
INSERT INTO `s_object_service` (`OBJECT_ID`, `SERVICE_ID`) VALUES (54, 126);
INSERT INTO `s_object_service` (`OBJECT_ID`, `SERVICE_ID`) VALUES (63, 96);
INSERT INTO `s_object_service` (`OBJECT_ID`, `SERVICE_ID`) VALUES (29, 236);
INSERT INTO `s_object_service` (`OBJECT_ID`, `SERVICE_ID`) VALUES (79, 30);
INSERT INTO `s_object_service` (`OBJECT_ID`, `SERVICE_ID`) VALUES (53, 110);
INSERT INTO `s_object_service` (`OBJECT_ID`, `SERVICE_ID`) VALUES (55, 10);
INSERT INTO `s_object_service` (`OBJECT_ID`, `SERVICE_ID`) VALUES (89, 161);
INSERT INTO `s_object_service` (`OBJECT_ID`, `SERVICE_ID`) VALUES (16, 112);
INSERT INTO `s_object_service` (`OBJECT_ID`, `SERVICE_ID`) VALUES (98, 166);
INSERT INTO `s_object_service` (`OBJECT_ID`, `SERVICE_ID`) VALUES (32, 220);
INSERT INTO `s_object_service` (`OBJECT_ID`, `SERVICE_ID`) VALUES (53, 206);
INSERT INTO `s_object_service` (`OBJECT_ID`, `SERVICE_ID`) VALUES (73, 211);
INSERT INTO `s_object_service` (`OBJECT_ID`, `SERVICE_ID`) VALUES (9, 219);
INSERT INTO `s_object_service` (`OBJECT_ID`, `SERVICE_ID`) VALUES (16, 246);
INSERT INTO `s_object_service` (`OBJECT_ID`, `SERVICE_ID`) VALUES (68, 51);
INSERT INTO `s_object_service` (`OBJECT_ID`, `SERVICE_ID`) VALUES (46, 52);
INSERT INTO `s_object_service` (`OBJECT_ID`, `SERVICE_ID`) VALUES (71, 21);
INSERT INTO `s_object_service` (`OBJECT_ID`, `SERVICE_ID`) VALUES (59, 247);
INSERT INTO `s_object_service` (`OBJECT_ID`, `SERVICE_ID`) VALUES (3, 93);
INSERT INTO `s_object_service` (`OBJECT_ID`, `SERVICE_ID`) VALUES (11, 137);
INSERT INTO `s_object_service` (`OBJECT_ID`, `SERVICE_ID`) VALUES (81, 162);
INSERT INTO `s_object_service` (`OBJECT_ID`, `SERVICE_ID`) VALUES (59, 173);
INSERT INTO `s_object_service` (`OBJECT_ID`, `SERVICE_ID`) VALUES (30, 185);
INSERT INTO `s_object_service` (`OBJECT_ID`, `SERVICE_ID`) VALUES (14, 67);
INSERT INTO `s_object_service` (`OBJECT_ID`, `SERVICE_ID`) VALUES (40, 112);
INSERT INTO `s_object_service` (`OBJECT_ID`, `SERVICE_ID`) VALUES (15, 230);
INSERT INTO `s_object_service` (`OBJECT_ID`, `SERVICE_ID`) VALUES (28, 219);
INSERT INTO `s_object_service` (`OBJECT_ID`, `SERVICE_ID`) VALUES (77, 90);
INSERT INTO `s_object_service` (`OBJECT_ID`, `SERVICE_ID`) VALUES (75, 231);
INSERT INTO `s_object_service` (`OBJECT_ID`, `SERVICE_ID`) VALUES (35, 106);
INSERT INTO `s_object_service` (`OBJECT_ID`, `SERVICE_ID`) VALUES (13, 201);
INSERT INTO `s_object_service` (`OBJECT_ID`, `SERVICE_ID`) VALUES (63, 208);
INSERT INTO `s_object_service` (`OBJECT_ID`, `SERVICE_ID`) VALUES (89, 54);
INSERT INTO `s_object_service` (`OBJECT_ID`, `SERVICE_ID`) VALUES (82, 227);
INSERT INTO `s_object_service` (`OBJECT_ID`, `SERVICE_ID`) VALUES (59, 230);
INSERT INTO `s_object_service` (`OBJECT_ID`, `SERVICE_ID`) VALUES (46, 98);
INSERT INTO `s_object_service` (`OBJECT_ID`, `SERVICE_ID`) VALUES (57, 10);
INSERT INTO `s_object_service` (`OBJECT_ID`, `SERVICE_ID`) VALUES (9, 215);
INSERT INTO `s_object_service` (`OBJECT_ID`, `SERVICE_ID`) VALUES (78, 55);
INSERT INTO `s_object_service` (`OBJECT_ID`, `SERVICE_ID`) VALUES (13, 45);
INSERT INTO `s_object_service` (`OBJECT_ID`, `SERVICE_ID`) VALUES (67, 67);
INSERT INTO `s_object_service` (`OBJECT_ID`, `SERVICE_ID`) VALUES (10, 235);
INSERT INTO `s_object_service` (`OBJECT_ID`, `SERVICE_ID`) VALUES (14, 215);
INSERT INTO `s_object_service` (`OBJECT_ID`, `SERVICE_ID`) VALUES (30, 222);
INSERT INTO `s_object_service` (`OBJECT_ID`, `SERVICE_ID`) VALUES (78, 160);
INSERT INTO `s_object_service` (`OBJECT_ID`, `SERVICE_ID`) VALUES (31, 226);
INSERT INTO `s_object_service` (`OBJECT_ID`, `SERVICE_ID`) VALUES (45, 234);
INSERT INTO `s_object_service` (`OBJECT_ID`, `SERVICE_ID`) VALUES (74, 81);
INSERT INTO `s_object_service` (`OBJECT_ID`, `SERVICE_ID`) VALUES (15, 137);
INSERT INTO `s_object_service` (`OBJECT_ID`, `SERVICE_ID`) VALUES (23, 183);
INSERT INTO `s_object_service` (`OBJECT_ID`, `SERVICE_ID`) VALUES (47, 171);
INSERT INTO `s_object_service` (`OBJECT_ID`, `SERVICE_ID`) VALUES (13, 9);
INSERT INTO `s_object_service` (`OBJECT_ID`, `SERVICE_ID`) VALUES (72, 51);
INSERT INTO `s_object_service` (`OBJECT_ID`, `SERVICE_ID`) VALUES (90, 124);
INSERT INTO `s_object_service` (`OBJECT_ID`, `SERVICE_ID`) VALUES (43, 4);
INSERT INTO `s_object_service` (`OBJECT_ID`, `SERVICE_ID`) VALUES (68, 23);
INSERT INTO `s_object_service` (`OBJECT_ID`, `SERVICE_ID`) VALUES (28, 192);
INSERT INTO `s_object_service` (`OBJECT_ID`, `SERVICE_ID`) VALUES (3, 105);
INSERT INTO `s_object_service` (`OBJECT_ID`, `SERVICE_ID`) VALUES (63, 81);
INSERT INTO `s_object_service` (`OBJECT_ID`, `SERVICE_ID`) VALUES (31, 102);
INSERT INTO `s_object_service` (`OBJECT_ID`, `SERVICE_ID`) VALUES (97, 153);
INSERT INTO `s_object_service` (`OBJECT_ID`, `SERVICE_ID`) VALUES (31, 101);
INSERT INTO `s_object_service` (`OBJECT_ID`, `SERVICE_ID`) VALUES (55, 10);
INSERT INTO `s_object_service` (`OBJECT_ID`, `SERVICE_ID`) VALUES (73, 174);
INSERT INTO `s_object_service` (`OBJECT_ID`, `SERVICE_ID`) VALUES (59, 239);
INSERT INTO `s_object_service` (`OBJECT_ID`, `SERVICE_ID`) VALUES (43, 13);
INSERT INTO `s_object_service` (`OBJECT_ID`, `SERVICE_ID`) VALUES (64, 137);
INSERT INTO `s_object_service` (`OBJECT_ID`, `SERVICE_ID`) VALUES (9, 89);
INSERT INTO `s_object_service` (`OBJECT_ID`, `SERVICE_ID`) VALUES (75, 244);
INSERT INTO `s_object_service` (`OBJECT_ID`, `SERVICE_ID`) VALUES (86, 44);
INSERT INTO `s_object_service` (`OBJECT_ID`, `SERVICE_ID`) VALUES (99, 131);
INSERT INTO `s_object_service` (`OBJECT_ID`, `SERVICE_ID`) VALUES (27, 67);
INSERT INTO `s_object_service` (`OBJECT_ID`, `SERVICE_ID`) VALUES (30, 73);
INSERT INTO `s_object_service` (`OBJECT_ID`, `SERVICE_ID`) VALUES (69, 229);
INSERT INTO `s_object_service` (`OBJECT_ID`, `SERVICE_ID`) VALUES (62, 246);
INSERT INTO `s_object_service` (`OBJECT_ID`, `SERVICE_ID`) VALUES (33, 145);
INSERT INTO `s_object_service` (`OBJECT_ID`, `SERVICE_ID`) VALUES (60, 158);
INSERT INTO `s_object_service` (`OBJECT_ID`, `SERVICE_ID`) VALUES (98, 36);
INSERT INTO `s_object_service` (`OBJECT_ID`, `SERVICE_ID`) VALUES (67, 177);
INSERT INTO `s_object_service` (`OBJECT_ID`, `SERVICE_ID`) VALUES (84, 63);
INSERT INTO `s_object_service` (`OBJECT_ID`, `SERVICE_ID`) VALUES (67, 66);
INSERT INTO `s_object_service` (`OBJECT_ID`, `SERVICE_ID`) VALUES (31, 74);
INSERT INTO `s_object_service` (`OBJECT_ID`, `SERVICE_ID`) VALUES (81, 97);
INSERT INTO `s_object_service` (`OBJECT_ID`, `SERVICE_ID`) VALUES (66, 140);
INSERT INTO `s_object_service` (`OBJECT_ID`, `SERVICE_ID`) VALUES (37, 126);
INSERT INTO `s_object_service` (`OBJECT_ID`, `SERVICE_ID`) VALUES (73, 87);
INSERT INTO `s_object_service` (`OBJECT_ID`, `SERVICE_ID`) VALUES (3, 248);
INSERT INTO `s_object_service` (`OBJECT_ID`, `SERVICE_ID`) VALUES (62, 79);
INSERT INTO `s_object_service` (`OBJECT_ID`, `SERVICE_ID`) VALUES (29, 74);
INSERT INTO `s_object_service` (`OBJECT_ID`, `SERVICE_ID`) VALUES (23, 224);
INSERT INTO `s_object_service` (`OBJECT_ID`, `SERVICE_ID`) VALUES (28, 138);
INSERT INTO `s_object_service` (`OBJECT_ID`, `SERVICE_ID`) VALUES (48, 218);
INSERT INTO `s_object_service` (`OBJECT_ID`, `SERVICE_ID`) VALUES (18, 113);
INSERT INTO `s_object_service` (`OBJECT_ID`, `SERVICE_ID`) VALUES (2, 212);
INSERT INTO `s_object_service` (`OBJECT_ID`, `SERVICE_ID`) VALUES (16, 213);
INSERT INTO `s_object_service` (`OBJECT_ID`, `SERVICE_ID`) VALUES (10, 205);
INSERT INTO `s_object_service` (`OBJECT_ID`, `SERVICE_ID`) VALUES (12, 100);
INSERT INTO `s_object_service` (`OBJECT_ID`, `SERVICE_ID`) VALUES (12, 230);
INSERT INTO `s_object_service` (`OBJECT_ID`, `SERVICE_ID`) VALUES (79, 191);
INSERT INTO `s_object_service` (`OBJECT_ID`, `SERVICE_ID`) VALUES (48, 36);
INSERT INTO `s_object_service` (`OBJECT_ID`, `SERVICE_ID`) VALUES (27, 51);
INSERT INTO `s_object_service` (`OBJECT_ID`, `SERVICE_ID`) VALUES (50, 72);
INSERT INTO `s_object_service` (`OBJECT_ID`, `SERVICE_ID`) VALUES (20, 26);
INSERT INTO `s_object_service` (`OBJECT_ID`, `SERVICE_ID`) VALUES (60, 120);
INSERT INTO `s_object_service` (`OBJECT_ID`, `SERVICE_ID`) VALUES (40, 208);
INSERT INTO `s_object_service` (`OBJECT_ID`, `SERVICE_ID`) VALUES (38, 169);
INSERT INTO `s_object_service` (`OBJECT_ID`, `SERVICE_ID`) VALUES (38, 211);
INSERT INTO `s_object_service` (`OBJECT_ID`, `SERVICE_ID`) VALUES (55, 140);
INSERT INTO `s_object_service` (`OBJECT_ID`, `SERVICE_ID`) VALUES (30, 140);
INSERT INTO `s_object_service` (`OBJECT_ID`, `SERVICE_ID`) VALUES (41, 113);
INSERT INTO `s_object_service` (`OBJECT_ID`, `SERVICE_ID`) VALUES (41, 125);
INSERT INTO `s_object_service` (`OBJECT_ID`, `SERVICE_ID`) VALUES (27, 130);
INSERT INTO `s_object_service` (`OBJECT_ID`, `SERVICE_ID`) VALUES (90, 95);
INSERT INTO `s_object_service` (`OBJECT_ID`, `SERVICE_ID`) VALUES (44, 170);
INSERT INTO `s_object_service` (`OBJECT_ID`, `SERVICE_ID`) VALUES (15, 228);
INSERT INTO `s_object_service` (`OBJECT_ID`, `SERVICE_ID`) VALUES (83, 102);
INSERT INTO `s_object_service` (`OBJECT_ID`, `SERVICE_ID`) VALUES (12, 78);
INSERT INTO `s_object_service` (`OBJECT_ID`, `SERVICE_ID`) VALUES (70, 77);
INSERT INTO `s_object_service` (`OBJECT_ID`, `SERVICE_ID`) VALUES (42, 74);
INSERT INTO `s_object_service` (`OBJECT_ID`, `SERVICE_ID`) VALUES (79, 203);
INSERT INTO `s_object_service` (`OBJECT_ID`, `SERVICE_ID`) VALUES (13, 39);
INSERT INTO `s_object_service` (`OBJECT_ID`, `SERVICE_ID`) VALUES (49, 125);
INSERT INTO `s_object_service` (`OBJECT_ID`, `SERVICE_ID`) VALUES (100, 7);
INSERT INTO `s_object_service` (`OBJECT_ID`, `SERVICE_ID`) VALUES (6, 73);
INSERT INTO `s_object_service` (`OBJECT_ID`, `SERVICE_ID`) VALUES (59, 115);
INSERT INTO `s_object_service` (`OBJECT_ID`, `SERVICE_ID`) VALUES (74, 249);
INSERT INTO `s_object_service` (`OBJECT_ID`, `SERVICE_ID`) VALUES (96, 2);
INSERT INTO `s_object_service` (`OBJECT_ID`, `SERVICE_ID`) VALUES (52, 213);
INSERT INTO `s_object_service` (`OBJECT_ID`, `SERVICE_ID`) VALUES (39, 237);
INSERT INTO `s_object_service` (`OBJECT_ID`, `SERVICE_ID`) VALUES (53, 132);
INSERT INTO `s_object_service` (`OBJECT_ID`, `SERVICE_ID`) VALUES (86, 87);
INSERT INTO `s_object_service` (`OBJECT_ID`, `SERVICE_ID`) VALUES (94, 243);
INSERT INTO `s_object_service` (`OBJECT_ID`, `SERVICE_ID`) VALUES (66, 157);
INSERT INTO `s_object_service` (`OBJECT_ID`, `SERVICE_ID`) VALUES (28, 19);
INSERT INTO `s_object_service` (`OBJECT_ID`, `SERVICE_ID`) VALUES (92, 16);
INSERT INTO `s_object_service` (`OBJECT_ID`, `SERVICE_ID`) VALUES (89, 11);
INSERT INTO `s_object_service` (`OBJECT_ID`, `SERVICE_ID`) VALUES (22, 91);
INSERT INTO `s_object_service` (`OBJECT_ID`, `SERVICE_ID`) VALUES (55, 53);
INSERT INTO `s_object_service` (`OBJECT_ID`, `SERVICE_ID`) VALUES (40, 150);
INSERT INTO `s_object_service` (`OBJECT_ID`, `SERVICE_ID`) VALUES (51, 244);
INSERT INTO `s_object_service` (`OBJECT_ID`, `SERVICE_ID`) VALUES (6, 60);
INSERT INTO `s_object_service` (`OBJECT_ID`, `SERVICE_ID`) VALUES (97, 3);
INSERT INTO `s_object_service` (`OBJECT_ID`, `SERVICE_ID`) VALUES (25, 120);
INSERT INTO `s_object_service` (`OBJECT_ID`, `SERVICE_ID`) VALUES (87, 157);
INSERT INTO `s_object_service` (`OBJECT_ID`, `SERVICE_ID`) VALUES (43, 98);
INSERT INTO `s_object_service` (`OBJECT_ID`, `SERVICE_ID`) VALUES (16, 71);
INSERT INTO `s_object_service` (`OBJECT_ID`, `SERVICE_ID`) VALUES (74, 22);
INSERT INTO `s_object_service` (`OBJECT_ID`, `SERVICE_ID`) VALUES (26, 99);
INSERT INTO `s_object_service` (`OBJECT_ID`, `SERVICE_ID`) VALUES (72, 133);
INSERT INTO `s_object_service` (`OBJECT_ID`, `SERVICE_ID`) VALUES (47, 158);
INSERT INTO `s_object_service` (`OBJECT_ID`, `SERVICE_ID`) VALUES (59, 88);
INSERT INTO `s_object_service` (`OBJECT_ID`, `SERVICE_ID`) VALUES (68, 202);
INSERT INTO `s_object_service` (`OBJECT_ID`, `SERVICE_ID`) VALUES (72, 53);
INSERT INTO `s_object_service` (`OBJECT_ID`, `SERVICE_ID`) VALUES (2, 26);
INSERT INTO `s_object_service` (`OBJECT_ID`, `SERVICE_ID`) VALUES (81, 130);
INSERT INTO `s_object_service` (`OBJECT_ID`, `SERVICE_ID`) VALUES (8, 217);
INSERT INTO `s_object_service` (`OBJECT_ID`, `SERVICE_ID`) VALUES (76, 11);
INSERT INTO `s_object_service` (`OBJECT_ID`, `SERVICE_ID`) VALUES (88, 250);
INSERT INTO `s_object_service` (`OBJECT_ID`, `SERVICE_ID`) VALUES (53, 185);
INSERT INTO `s_object_service` (`OBJECT_ID`, `SERVICE_ID`) VALUES (63, 237);
INSERT INTO `s_object_service` (`OBJECT_ID`, `SERVICE_ID`) VALUES (13, 195);
INSERT INTO `s_object_service` (`OBJECT_ID`, `SERVICE_ID`) VALUES (23, 216);
INSERT INTO `s_object_service` (`OBJECT_ID`, `SERVICE_ID`) VALUES (87, 120);
INSERT INTO `s_object_service` (`OBJECT_ID`, `SERVICE_ID`) VALUES (26, 144);
INSERT INTO `s_object_service` (`OBJECT_ID`, `SERVICE_ID`) VALUES (1, 181);
INSERT INTO `s_object_service` (`OBJECT_ID`, `SERVICE_ID`) VALUES (21, 149);
INSERT INTO `s_object_service` (`OBJECT_ID`, `SERVICE_ID`) VALUES (8, 220);
INSERT INTO `s_object_service` (`OBJECT_ID`, `SERVICE_ID`) VALUES (41, 196);
INSERT INTO `s_object_service` (`OBJECT_ID`, `SERVICE_ID`) VALUES (9, 105);
INSERT INTO `s_object_service` (`OBJECT_ID`, `SERVICE_ID`) VALUES (89, 225);
INSERT INTO `s_object_service` (`OBJECT_ID`, `SERVICE_ID`) VALUES (94, 241);
INSERT INTO `s_object_service` (`OBJECT_ID`, `SERVICE_ID`) VALUES (77, 173);
INSERT INTO `s_object_service` (`OBJECT_ID`, `SERVICE_ID`) VALUES (1, 160);
INSERT INTO `s_object_service` (`OBJECT_ID`, `SERVICE_ID`) VALUES (69, 133);
INSERT INTO `s_object_service` (`OBJECT_ID`, `SERVICE_ID`) VALUES (38, 78);
INSERT INTO `s_object_service` (`OBJECT_ID`, `SERVICE_ID`) VALUES (48, 126);
INSERT INTO `s_object_service` (`OBJECT_ID`, `SERVICE_ID`) VALUES (9, 176);
INSERT INTO `s_object_service` (`OBJECT_ID`, `SERVICE_ID`) VALUES (37, 239);
INSERT INTO `s_object_service` (`OBJECT_ID`, `SERVICE_ID`) VALUES (19, 156);
INSERT INTO `s_object_service` (`OBJECT_ID`, `SERVICE_ID`) VALUES (53, 47);
INSERT INTO `s_object_service` (`OBJECT_ID`, `SERVICE_ID`) VALUES (35, 184);
INSERT INTO `s_object_service` (`OBJECT_ID`, `SERVICE_ID`) VALUES (79, 105);
INSERT INTO `s_object_service` (`OBJECT_ID`, `SERVICE_ID`) VALUES (62, 47);
INSERT INTO `s_object_service` (`OBJECT_ID`, `SERVICE_ID`) VALUES (21, 176);
INSERT INTO `s_object_service` (`OBJECT_ID`, `SERVICE_ID`) VALUES (61, 22);
INSERT INTO `s_object_service` (`OBJECT_ID`, `SERVICE_ID`) VALUES (60, 134);
INSERT INTO `s_object_service` (`OBJECT_ID`, `SERVICE_ID`) VALUES (6, 91);
INSERT INTO `s_object_service` (`OBJECT_ID`, `SERVICE_ID`) VALUES (23, 15);
INSERT INTO `s_object_service` (`OBJECT_ID`, `SERVICE_ID`) VALUES (1, 228);
INSERT INTO `s_object_service` (`OBJECT_ID`, `SERVICE_ID`) VALUES (59, 95);
INSERT INTO `s_object_service` (`OBJECT_ID`, `SERVICE_ID`) VALUES (22, 16);
INSERT INTO `s_object_service` (`OBJECT_ID`, `SERVICE_ID`) VALUES (88, 78);
INSERT INTO `s_object_service` (`OBJECT_ID`, `SERVICE_ID`) VALUES (77, 62);
INSERT INTO `s_object_service` (`OBJECT_ID`, `SERVICE_ID`) VALUES (27, 237);
INSERT INTO `s_object_service` (`OBJECT_ID`, `SERVICE_ID`) VALUES (87, 198);
INSERT INTO `s_object_service` (`OBJECT_ID`, `SERVICE_ID`) VALUES (14, 53);
INSERT INTO `s_object_service` (`OBJECT_ID`, `SERVICE_ID`) VALUES (53, 230);


#
# TABLE STRUCTURE FOR: s_props_apart
#

DROP TABLE IF EXISTS `s_props_apart`;

CREATE TABLE `s_props_apart` (
	                             `ID` int(11) NOT NULL AUTO_INCREMENT,
	                             `OBJECT_ID` int(11) DEFAULT NULL,
	                             `ROOMS` tinyint(4) DEFAULT NULL,
	                             PRIMARY KEY (`ID`)
) ENGINE=InnoDB AUTO_INCREMENT=41 DEFAULT CHARSET=utf8 COLLATE=utf8_unicode_ci;

INSERT INTO `s_props_apart` (`ID`, `OBJECT_ID`, `ROOMS`) VALUES (1, 92, 2);
INSERT INTO `s_props_apart` (`ID`, `OBJECT_ID`, `ROOMS`) VALUES (2, 2, 1);
INSERT INTO `s_props_apart` (`ID`, `OBJECT_ID`, `ROOMS`) VALUES (3, 74, 1);
INSERT INTO `s_props_apart` (`ID`, `OBJECT_ID`, `ROOMS`) VALUES (4, 60, 6);
INSERT INTO `s_props_apart` (`ID`, `OBJECT_ID`, `ROOMS`) VALUES (5, 24, 6);
INSERT INTO `s_props_apart` (`ID`, `OBJECT_ID`, `ROOMS`) VALUES (6, 54, 5);
INSERT INTO `s_props_apart` (`ID`, `OBJECT_ID`, `ROOMS`) VALUES (7, 36, 3);
INSERT INTO `s_props_apart` (`ID`, `OBJECT_ID`, `ROOMS`) VALUES (8, 73, 3);
INSERT INTO `s_props_apart` (`ID`, `OBJECT_ID`, `ROOMS`) VALUES (9, 100, 1);
INSERT INTO `s_props_apart` (`ID`, `OBJECT_ID`, `ROOMS`) VALUES (10, 14, 1);
INSERT INTO `s_props_apart` (`ID`, `OBJECT_ID`, `ROOMS`) VALUES (11, 50, 1);
INSERT INTO `s_props_apart` (`ID`, `OBJECT_ID`, `ROOMS`) VALUES (12, 81, 5);
INSERT INTO `s_props_apart` (`ID`, `OBJECT_ID`, `ROOMS`) VALUES (13, 14, 6);
INSERT INTO `s_props_apart` (`ID`, `OBJECT_ID`, `ROOMS`) VALUES (14, 72, 4);
INSERT INTO `s_props_apart` (`ID`, `OBJECT_ID`, `ROOMS`) VALUES (15, 24, 2);
INSERT INTO `s_props_apart` (`ID`, `OBJECT_ID`, `ROOMS`) VALUES (16, 71, 1);
INSERT INTO `s_props_apart` (`ID`, `OBJECT_ID`, `ROOMS`) VALUES (17, 70, 1);
INSERT INTO `s_props_apart` (`ID`, `OBJECT_ID`, `ROOMS`) VALUES (18, 38, 3);
INSERT INTO `s_props_apart` (`ID`, `OBJECT_ID`, `ROOMS`) VALUES (19, 20, 4);
INSERT INTO `s_props_apart` (`ID`, `OBJECT_ID`, `ROOMS`) VALUES (20, 23, 3);
INSERT INTO `s_props_apart` (`ID`, `OBJECT_ID`, `ROOMS`) VALUES (21, 25, 3);
INSERT INTO `s_props_apart` (`ID`, `OBJECT_ID`, `ROOMS`) VALUES (22, 35, 2);
INSERT INTO `s_props_apart` (`ID`, `OBJECT_ID`, `ROOMS`) VALUES (23, 64, 4);
INSERT INTO `s_props_apart` (`ID`, `OBJECT_ID`, `ROOMS`) VALUES (24, 24, 6);
INSERT INTO `s_props_apart` (`ID`, `OBJECT_ID`, `ROOMS`) VALUES (25, 44, 6);
INSERT INTO `s_props_apart` (`ID`, `OBJECT_ID`, `ROOMS`) VALUES (26, 40, 5);
INSERT INTO `s_props_apart` (`ID`, `OBJECT_ID`, `ROOMS`) VALUES (27, 99, 3);
INSERT INTO `s_props_apart` (`ID`, `OBJECT_ID`, `ROOMS`) VALUES (28, 11, 5);
INSERT INTO `s_props_apart` (`ID`, `OBJECT_ID`, `ROOMS`) VALUES (29, 33, 4);
INSERT INTO `s_props_apart` (`ID`, `OBJECT_ID`, `ROOMS`) VALUES (30, 82, 2);
INSERT INTO `s_props_apart` (`ID`, `OBJECT_ID`, `ROOMS`) VALUES (31, 65, 6);
INSERT INTO `s_props_apart` (`ID`, `OBJECT_ID`, `ROOMS`) VALUES (32, 25, 6);
INSERT INTO `s_props_apart` (`ID`, `OBJECT_ID`, `ROOMS`) VALUES (33, 84, 3);
INSERT INTO `s_props_apart` (`ID`, `OBJECT_ID`, `ROOMS`) VALUES (34, 38, 5);
INSERT INTO `s_props_apart` (`ID`, `OBJECT_ID`, `ROOMS`) VALUES (35, 85, 6);
INSERT INTO `s_props_apart` (`ID`, `OBJECT_ID`, `ROOMS`) VALUES (36, 8, 3);
INSERT INTO `s_props_apart` (`ID`, `OBJECT_ID`, `ROOMS`) VALUES (37, 92, 4);
INSERT INTO `s_props_apart` (`ID`, `OBJECT_ID`, `ROOMS`) VALUES (38, 20, 1);
INSERT INTO `s_props_apart` (`ID`, `OBJECT_ID`, `ROOMS`) VALUES (39, 81, 5);
INSERT INTO `s_props_apart` (`ID`, `OBJECT_ID`, `ROOMS`) VALUES (40, 91, 1);


#
# TABLE STRUCTURE FOR: s_props_hotel
#

DROP TABLE IF EXISTS `s_props_hotel`;

CREATE TABLE `s_props_hotel` (
	                             `ID` int(11) NOT NULL AUTO_INCREMENT,
	                             `OBJECT_ID` int(11) DEFAULT NULL,
	                             `TYPE` varchar(255) COLLATE utf8_unicode_ci DEFAULT NULL,
	                             `STARS` tinyint(4) DEFAULT NULL,
	                             PRIMARY KEY (`ID`)
) ENGINE=InnoDB AUTO_INCREMENT=41 DEFAULT CHARSET=utf8 COLLATE=utf8_unicode_ci;

INSERT INTO `s_props_hotel` (`ID`, `OBJECT_ID`, `TYPE`, `STARS`) VALUES (1, 85, 'Мини-отель', 3);
INSERT INTO `s_props_hotel` (`ID`, `OBJECT_ID`, `TYPE`, `STARS`) VALUES (2, 48, 'Гостевой дом', 3);
INSERT INTO `s_props_hotel` (`ID`, `OBJECT_ID`, `TYPE`, `STARS`) VALUES (3, 39, 'Бизнес-класс', 4);
INSERT INTO `s_props_hotel` (`ID`, `OBJECT_ID`, `TYPE`, `STARS`) VALUES (4, 100, 'Гостевой дом', 5);
INSERT INTO `s_props_hotel` (`ID`, `OBJECT_ID`, `TYPE`, `STARS`) VALUES (5, 76, 'Бизнес-класс', 3);
INSERT INTO `s_props_hotel` (`ID`, `OBJECT_ID`, `TYPE`, `STARS`) VALUES (6, 70, 'Бизнес-класс', 5);
INSERT INTO `s_props_hotel` (`ID`, `OBJECT_ID`, `TYPE`, `STARS`) VALUES (7, 48, 'Бизнес-класс', 5);
INSERT INTO `s_props_hotel` (`ID`, `OBJECT_ID`, `TYPE`, `STARS`) VALUES (8, 15, 'Бизнес-класс', 3);
INSERT INTO `s_props_hotel` (`ID`, `OBJECT_ID`, `TYPE`, `STARS`) VALUES (9, 15, 'Мини-отель', 4);
INSERT INTO `s_props_hotel` (`ID`, `OBJECT_ID`, `TYPE`, `STARS`) VALUES (10, 92, 'Гостевой дом', 5);
INSERT INTO `s_props_hotel` (`ID`, `OBJECT_ID`, `TYPE`, `STARS`) VALUES (11, 94, 'Гостевой дом', 4);
INSERT INTO `s_props_hotel` (`ID`, `OBJECT_ID`, `TYPE`, `STARS`) VALUES (12, 99, 'Мини-отель', 5);
INSERT INTO `s_props_hotel` (`ID`, `OBJECT_ID`, `TYPE`, `STARS`) VALUES (13, 67, 'Гостевой дом', 5);
INSERT INTO `s_props_hotel` (`ID`, `OBJECT_ID`, `TYPE`, `STARS`) VALUES (14, 54, 'Бизнес-класс', 3);
INSERT INTO `s_props_hotel` (`ID`, `OBJECT_ID`, `TYPE`, `STARS`) VALUES (15, 98, 'Бизнес-класс', 4);
INSERT INTO `s_props_hotel` (`ID`, `OBJECT_ID`, `TYPE`, `STARS`) VALUES (16, 49, 'Мини-отель', 3);
INSERT INTO `s_props_hotel` (`ID`, `OBJECT_ID`, `TYPE`, `STARS`) VALUES (17, 73, 'Гостевой дом', 3);
INSERT INTO `s_props_hotel` (`ID`, `OBJECT_ID`, `TYPE`, `STARS`) VALUES (18, 94, 'Бизнес-класс', 5);
INSERT INTO `s_props_hotel` (`ID`, `OBJECT_ID`, `TYPE`, `STARS`) VALUES (19, 40, 'Бизнес-класс', 4);
INSERT INTO `s_props_hotel` (`ID`, `OBJECT_ID`, `TYPE`, `STARS`) VALUES (20, 15, 'Мини-отель', 5);
INSERT INTO `s_props_hotel` (`ID`, `OBJECT_ID`, `TYPE`, `STARS`) VALUES (21, 44, 'Бизнес-класс', 5);
INSERT INTO `s_props_hotel` (`ID`, `OBJECT_ID`, `TYPE`, `STARS`) VALUES (22, 84, 'Бизнес-класс', 5);
INSERT INTO `s_props_hotel` (`ID`, `OBJECT_ID`, `TYPE`, `STARS`) VALUES (23, 14, 'Мини-отель', 4);
INSERT INTO `s_props_hotel` (`ID`, `OBJECT_ID`, `TYPE`, `STARS`) VALUES (24, 41, 'Бизнес-класс', 5);
INSERT INTO `s_props_hotel` (`ID`, `OBJECT_ID`, `TYPE`, `STARS`) VALUES (25, 54, 'Гостевой дом', 4);
INSERT INTO `s_props_hotel` (`ID`, `OBJECT_ID`, `TYPE`, `STARS`) VALUES (26, 94, 'Бизнес-класс', 4);
INSERT INTO `s_props_hotel` (`ID`, `OBJECT_ID`, `TYPE`, `STARS`) VALUES (27, 77, 'Гостевой дом', 3);
INSERT INTO `s_props_hotel` (`ID`, `OBJECT_ID`, `TYPE`, `STARS`) VALUES (28, 44, 'Гостевой дом', 5);
INSERT INTO `s_props_hotel` (`ID`, `OBJECT_ID`, `TYPE`, `STARS`) VALUES (29, 81, 'Гостевой дом', 4);
INSERT INTO `s_props_hotel` (`ID`, `OBJECT_ID`, `TYPE`, `STARS`) VALUES (30, 43, 'Гостевой дом', 3);
INSERT INTO `s_props_hotel` (`ID`, `OBJECT_ID`, `TYPE`, `STARS`) VALUES (31, 87, 'Бизнес-класс', 5);
INSERT INTO `s_props_hotel` (`ID`, `OBJECT_ID`, `TYPE`, `STARS`) VALUES (32, 65, 'Бизнес-класс', 5);
INSERT INTO `s_props_hotel` (`ID`, `OBJECT_ID`, `TYPE`, `STARS`) VALUES (33, 90, 'Мини-отель', 3);
INSERT INTO `s_props_hotel` (`ID`, `OBJECT_ID`, `TYPE`, `STARS`) VALUES (34, 26, 'Мини-отель', 5);
INSERT INTO `s_props_hotel` (`ID`, `OBJECT_ID`, `TYPE`, `STARS`) VALUES (35, 65, 'Мини-отель', 5);
INSERT INTO `s_props_hotel` (`ID`, `OBJECT_ID`, `TYPE`, `STARS`) VALUES (36, 66, 'Мини-отель', 3);
INSERT INTO `s_props_hotel` (`ID`, `OBJECT_ID`, `TYPE`, `STARS`) VALUES (37, 95, 'Гостевой дом', 3);
INSERT INTO `s_props_hotel` (`ID`, `OBJECT_ID`, `TYPE`, `STARS`) VALUES (38, 13, 'Гостевой дом', 3);
INSERT INTO `s_props_hotel` (`ID`, `OBJECT_ID`, `TYPE`, `STARS`) VALUES (39, 80, 'Мини-отель', 5);
INSERT INTO `s_props_hotel` (`ID`, `OBJECT_ID`, `TYPE`, `STARS`) VALUES (40, 10, 'Гостевой дом', 3);


#
# TABLE STRUCTURE FOR: s_props_sight
#

DROP TABLE IF EXISTS `s_props_sight`;

CREATE TABLE `s_props_sight` (
	                             `ID` int(11) NOT NULL AUTO_INCREMENT,
	                             `OBJECT_ID` int(11) DEFAULT NULL,
	                             `TYPE` varchar(255) COLLATE utf8_unicode_ci DEFAULT NULL,
	                             `YEAR_FOUND` smallint(6) DEFAULT NULL,
	                             PRIMARY KEY (`ID`)
) ENGINE=InnoDB AUTO_INCREMENT=41 DEFAULT CHARSET=utf8 COLLATE=utf8_unicode_ci;

INSERT INTO `s_props_sight` (`ID`, `OBJECT_ID`, `TYPE`, `YEAR_FOUND`) VALUES (1, 96, 'Парк', 1965);
INSERT INTO `s_props_sight` (`ID`, `OBJECT_ID`, `TYPE`, `YEAR_FOUND`) VALUES (2, 32, 'Аквапарк', 1996);
INSERT INTO `s_props_sight` (`ID`, `OBJECT_ID`, `TYPE`, `YEAR_FOUND`) VALUES (3, 77, 'Аквапарк', 1996);
INSERT INTO `s_props_sight` (`ID`, `OBJECT_ID`, `TYPE`, `YEAR_FOUND`) VALUES (4, 83, 'Аквапарк', 2007);
INSERT INTO `s_props_sight` (`ID`, `OBJECT_ID`, `TYPE`, `YEAR_FOUND`) VALUES (5, 83, 'Аквапарк', 2006);
INSERT INTO `s_props_sight` (`ID`, `OBJECT_ID`, `TYPE`, `YEAR_FOUND`) VALUES (6, 25, 'Парк аттракционов', 1988);
INSERT INTO `s_props_sight` (`ID`, `OBJECT_ID`, `TYPE`, `YEAR_FOUND`) VALUES (7, 67, 'Аквапарк', 1998);
INSERT INTO `s_props_sight` (`ID`, `OBJECT_ID`, `TYPE`, `YEAR_FOUND`) VALUES (8, 77, 'Парк', 1980);
INSERT INTO `s_props_sight` (`ID`, `OBJECT_ID`, `TYPE`, `YEAR_FOUND`) VALUES (9, 55, 'Музей', 2014);
INSERT INTO `s_props_sight` (`ID`, `OBJECT_ID`, `TYPE`, `YEAR_FOUND`) VALUES (10, 33, 'Музей', 1981);
INSERT INTO `s_props_sight` (`ID`, `OBJECT_ID`, `TYPE`, `YEAR_FOUND`) VALUES (11, 65, 'Парк', 2014);
INSERT INTO `s_props_sight` (`ID`, `OBJECT_ID`, `TYPE`, `YEAR_FOUND`) VALUES (12, 92, 'Парк аттракционов', 1961);
INSERT INTO `s_props_sight` (`ID`, `OBJECT_ID`, `TYPE`, `YEAR_FOUND`) VALUES (13, 88, 'Музей', 1988);
INSERT INTO `s_props_sight` (`ID`, `OBJECT_ID`, `TYPE`, `YEAR_FOUND`) VALUES (14, 92, 'Аквапарк', 1960);
INSERT INTO `s_props_sight` (`ID`, `OBJECT_ID`, `TYPE`, `YEAR_FOUND`) VALUES (15, 44, 'Музей', 1973);
INSERT INTO `s_props_sight` (`ID`, `OBJECT_ID`, `TYPE`, `YEAR_FOUND`) VALUES (16, 65, 'Парк аттракционов', 2013);
INSERT INTO `s_props_sight` (`ID`, `OBJECT_ID`, `TYPE`, `YEAR_FOUND`) VALUES (17, 45, 'Аквапарк', 1989);
INSERT INTO `s_props_sight` (`ID`, `OBJECT_ID`, `TYPE`, `YEAR_FOUND`) VALUES (18, 41, 'Парк аттракционов', 2001);
INSERT INTO `s_props_sight` (`ID`, `OBJECT_ID`, `TYPE`, `YEAR_FOUND`) VALUES (19, 7, 'Музей', 1995);
INSERT INTO `s_props_sight` (`ID`, `OBJECT_ID`, `TYPE`, `YEAR_FOUND`) VALUES (20, 56, 'Аквапарк', 2016);
INSERT INTO `s_props_sight` (`ID`, `OBJECT_ID`, `TYPE`, `YEAR_FOUND`) VALUES (21, 63, 'Парк аттракционов', 1985);
INSERT INTO `s_props_sight` (`ID`, `OBJECT_ID`, `TYPE`, `YEAR_FOUND`) VALUES (22, 30, 'Парк аттракционов', 1970);
INSERT INTO `s_props_sight` (`ID`, `OBJECT_ID`, `TYPE`, `YEAR_FOUND`) VALUES (23, 78, 'Парк аттракционов', 2012);
INSERT INTO `s_props_sight` (`ID`, `OBJECT_ID`, `TYPE`, `YEAR_FOUND`) VALUES (24, 31, 'Музей', 1969);
INSERT INTO `s_props_sight` (`ID`, `OBJECT_ID`, `TYPE`, `YEAR_FOUND`) VALUES (25, 37, 'Парк', 1966);
INSERT INTO `s_props_sight` (`ID`, `OBJECT_ID`, `TYPE`, `YEAR_FOUND`) VALUES (26, 62, 'Музей', 1999);
INSERT INTO `s_props_sight` (`ID`, `OBJECT_ID`, `TYPE`, `YEAR_FOUND`) VALUES (27, 19, 'Музей', 1981);
INSERT INTO `s_props_sight` (`ID`, `OBJECT_ID`, `TYPE`, `YEAR_FOUND`) VALUES (28, 28, 'Парк', 2001);
INSERT INTO `s_props_sight` (`ID`, `OBJECT_ID`, `TYPE`, `YEAR_FOUND`) VALUES (29, 96, 'Парк', 2004);
INSERT INTO `s_props_sight` (`ID`, `OBJECT_ID`, `TYPE`, `YEAR_FOUND`) VALUES (30, 17, 'Парк', 1998);
INSERT INTO `s_props_sight` (`ID`, `OBJECT_ID`, `TYPE`, `YEAR_FOUND`) VALUES (31, 98, 'Музей', 1996);
INSERT INTO `s_props_sight` (`ID`, `OBJECT_ID`, `TYPE`, `YEAR_FOUND`) VALUES (32, 91, 'Аквапарк', 2015);
INSERT INTO `s_props_sight` (`ID`, `OBJECT_ID`, `TYPE`, `YEAR_FOUND`) VALUES (33, 49, 'Парк аттракционов', 1981);
INSERT INTO `s_props_sight` (`ID`, `OBJECT_ID`, `TYPE`, `YEAR_FOUND`) VALUES (34, 75, 'Парк', 1970);
INSERT INTO `s_props_sight` (`ID`, `OBJECT_ID`, `TYPE`, `YEAR_FOUND`) VALUES (35, 74, 'Парк', 1994);
INSERT INTO `s_props_sight` (`ID`, `OBJECT_ID`, `TYPE`, `YEAR_FOUND`) VALUES (36, 31, 'Аквапарк', 1989);
INSERT INTO `s_props_sight` (`ID`, `OBJECT_ID`, `TYPE`, `YEAR_FOUND`) VALUES (37, 99, 'Музей', 1985);
INSERT INTO `s_props_sight` (`ID`, `OBJECT_ID`, `TYPE`, `YEAR_FOUND`) VALUES (38, 41, 'Парк аттракционов', 1995);
INSERT INTO `s_props_sight` (`ID`, `OBJECT_ID`, `TYPE`, `YEAR_FOUND`) VALUES (39, 8, 'Парк аттракционов', 1974);
INSERT INTO `s_props_sight` (`ID`, `OBJECT_ID`, `TYPE`, `YEAR_FOUND`) VALUES (40, 54, 'Парк аттракционов', 1975);

